track_id,track_name,artist_name,album_name,release_date,genre,duration_ms,popularity,danceability,energy,key,loudness,mode,instrumentalness,tempo,stream_count,country,explicit,label,release_year,release_month,release_day_of_week,duration_minutes,popularity_category,loudness_category,key_name,mode_name,is_explicit_bool,release_quarter,is_weekend_release,log_stream_count,upbeat_score,artist_track_count
346d85e2-ffde-41b3-854a-589ed880b91f,Storm,Ethereal,The Hollow Journeys,2021-10-06,Pop,169594,47,0.6777,0.7949,9,-2.9,1,0.0065,111.89,46592,US,False,Self-Released,2021,10,Wednesday,2.83,Medium,Loud,A,Major,False,Q4,False,10.7492,0.6632,3232
12bc268a-363b-4f19-8fa8-0ced7ae1e462,Silent,The Wolfs,Ancient Thunder,2024-10-26,K-Pop,256755,26,0.9405,0.7163,1,-7.72,1,0.0198,129.17,5374,ES,False,Prism Audio,2024,10,Saturday,4.28,Medium,Moderate,C#,Major,False,Q4,True,8.5895,0.7615,20
30d627d9-878d-4bb3-be59-71feb6ed4f3f,Shattered Lines,LolaOre,Twisted Harbors,2022-11-12,Punk,170212,46,0.6853,0.95,4,-2.38,1,0.0103,150.06,218262,US,False,Columbia Records,2022,11,Saturday,2.84,Medium,Loud,E,Major,False,Q4,True,12.2935,0.7828,199
85501bb9-d221-4339-9e2e-29b1b3daff0a,Breaking Roses,Clay Black,The Blinding Letters,2020-06-22,Pop,181250,4,0.7817,0.6943,6,-8.0,1,0.0151,121.16,5248,ZA,False,Midnight Records,2020,6,Monday,3.02,Low,Moderate,F#,Major,False,Q2,False,8.5658,0.6778,693
7bf92bd2-c6fe-4869-a90e-242bb8bbe7a3,Lines,Knot Hart,The Cosmic Letters,2024-01-22,Latin,160894,27,0.72,0.4958,1,-6.38,1,0.0372,104.16,27420,US,False,Catalyst Records,2024,1,Monday,2.68,Medium,Moderate,C#,Major,False,Q1,False,10.2191,0.5494,12111
e4a536ca-c6d4-4bad-97b5-d5e7b85c49e2,Wild Doors,Knot Hart,Jagged Gardens,2021-04-12,R&B,198179,28,0.6538,0.3732,8,-11.55,1,0.0144,93.46,18568,NG,False,Neon Label,2021,4,Monday,3.3,Medium,Moderate,G#,Major,False,Q2,False,9.8292,0.4586,12111
305b4f13-b2ac-47e9-a6f2-d0c15934f8b6,Skies,Knot Hart,The Ancient Tapes,2025-07-16,R&B,251330,18,0.7399,0.4,7,-9.93,0,0.0025,124.11,14871,CO,False,Nova Records,2025,7,Wednesday,4.19,Low,Moderate,G,Minor,False,Q3,False,9.6072,0.5475,12111
83c3a6be-6066-449a-a339-19afcde7cfb3,Wild,Blaze Project,Crystal,2023-12-12,Classical,208198,15,0.173,0.3085,8,-10.61,1,0.2782,98.93,1068,IN,True,Spectrum Music,2023,12,Tuesday,3.47,Low,Moderate,G#,Major,True,Q4,False,6.9745,0.2482,53
437961fc-9ccd-4c86-8eb7-e96b6d2dc5c8,Neon Oceans,Clay Black,Broken V,2020-06-17,Pop,254751,23,0.6838,0.5026,7,-10.42,0,0.0163,95.24,4146,AU,True,Wavelength Records,2020,6,Wednesday,4.25,Low,Moderate,G,Minor,True,Q2,False,8.3301,0.5249,693
53df0c89-adc4-48b7-94e3-111e348cb17b,Eternal Angels,Phantasm,The Kind Notes,2020-06-09,Trap,310076,39,0.5759,0.8349,3,-7.81,0,0.0133,119.15,183936,PT,False,Drift Music,2020,6,Tuesday,5.17,Medium,Moderate,D#,Minor,False,Q2,False,12.1223,0.6488,242
d8b009c8-36f5-4571-af40-0144e906114b,Paradise,Knot Hart,Shattered,2020-08-02,R&B,203833,35,0.6315,0.4807,10,-8.78,1,0.0056,118.45,9001,US,True,Prism Audio,2020,8,Sunday,3.4,Medium,Moderate,A#,Major,True,Q3,True,9.1052,0.5284,12111
46c9e45d-886d-4722-8445-2450bbe54a5d,Edges,Zara Marsh,Paradise,2021-09-07,Latin,204239,38,0.8618,0.5355,5,-12.2,1,0.0149,116.96,82609,ES,False,Capitol Records,2021,9,Tuesday,3.4,Medium,Quiet,F,Major,False,Q3,False,11.3219,0.6403,13
d48ee718-59a3-4b26-baf6-85fab39be3fd,Circles,The Brookss,Broken IV,2020-12-13,Hip-Hop,142495,17,0.7872,0.6718,4,-7.44,1,0.0246,140.14,1808,KR,False,Neon Label,2020,12,Sunday,2.37,Low,Moderate,E,Major,False,Q4,True,7.5005,0.6981,71
e012e25a-0253-480f-8785-514029a5fd26,Burning Angels,Knot Hart,Sessions,2020-03-15,R&B,254456,26,0.5583,0.7355,5,-4.68,1,0.0654,140.91,9854,TH,False,Wavelength Records,2020,3,Sunday,4.24,Medium,Loud,F,Major,False,Q1,True,9.1957,0.6331,12111
7e9be073-392f-4592-bea4-8b670368087c,The Roads,Knot Hart,Oceans,2025-11-26,R&B,253544,5,0.4676,0.4455,0,-9.85,0,0.0098,113.55,885,TR,False,Catalyst Records,2025,11,Wednesday,4.23,Low,Moderate,C,Minor,False,Q4,False,6.7867,0.4417,12111
bec12f0c-2b0e-4a24-9814-c9bf3a3eb144,Velvet Memories,Knot Hart,Open II,2020-06-27,R&B,246306,8,0.689,0.5339,6,-10.07,1,0.0122,115.85,1696,IT,False,Island Records,2020,6,Saturday,4.11,Low,Moderate,F#,Major,False,Q2,True,7.4366,0.5689,12111
fcf4858b-bc7c-4bb3-b63d-03d8360833d9,Gentle,IsleEyre,Diaries,2024-12-09,Pop,198206,52,0.6703,0.6423,7,-7.92,0,0.0582,123.01,192715,CL,False,Self-Released,2024,12,Monday,3.3,High,Moderate,G,Minor,False,Q4,False,12.169,0.6151,5271
6a12365c-81bd-424b-884b-2bbcc5ff620a,Liquid Streets,ElaraRain,Invisible Waves,2025-05-22,Pop,199052,25,0.5858,0.6315,5,-6.03,1,0.0078,113.88,12297,US,False,Bedroom Records,2025,5,Thursday,3.32,Medium,Moderate,F,Major,False,Q2,False,9.4172,0.5639,1111
cee75c87-13b6-4af0-a17d-830be6008414,Broken Ghosts,Sterling Zen,Blinding Shadows,2025-01-21,Hip-Hop,171193,40,0.8733,0.709,5,-4.89,0,0.0148,138.1,128133,DE,False,Island Records,2025,1,Tuesday,2.85,Medium,Loud,F,Minor,False,Q1,False,11.7608,0.7445,2268
73b9acd9-0de2-4e74-9dde-5e554eccfbe1,Dancing Fire,IsleEyre,Endless Worlds,2021-08-21,K-Pop,131362,29,0.9008,0.6608,2,-8.95,1,0.1015,123.93,37303,NG,False,Neon Label,2021,8,Saturday,2.19,Medium,Moderate,D,Major,False,Q3,True,10.5269,0.716,5271
dda9dbb9-2603-4c97-9f2f-3f2b3875b992,Dancing Roses,Crest Jay,Fragments,2024-09-29,Latin,248487,30,0.9596,0.7839,1,-6.38,0,0.0927,83.19,99514,GB,True,Drift Music,2024,9,Sunday,4.14,Medium,Moderate,C#,Minor,True,Q3,True,11.5081,0.7305,635
fb723ba4-96d0-4864-ad7d-6aa1f98c77c4,Heavy Love,Knot Hart,Night,2020-03-08,R&B,224486,27,0.7254,0.5494,10,-8.98,1,0.0168,140.53,26811,GB,True,Midnight Records,2020,3,Sunday,3.74,Medium,Moderate,A#,Major,True,Q1,True,10.1966,0.625,12111
5cb79362-5ed6-4324-b790-972c49ec87f5,Broken,IsleEyre,Nights,2024-01-17,Pop,205103,19,0.6677,0.738,1,-7.85,0,0.0208,110.15,19134,CA,False,Cipher Music,2024,1,Wednesday,3.42,Low,Moderate,C#,Minor,False,Q1,False,9.8593,0.6339,5271
125f2a80-8966-479d-89e5-c89b8bd79bb8,Rain,Ethereal,The Cosmic Dimensions,2020-03-07,Pop,192085,11,0.6075,0.5684,5,-8.88,0,0.0492,107.24,2529,MX,False,Bedroom Records,2020,3,Saturday,3.2,Low,Moderate,F,Minor,False,Q1,True,7.836,0.5378,3232
cfc19120-16c7-4e8c-a99e-e617973c451a,The Tears,Sterling Zen,Sacred Rain,2025-03-18,Folk,233446,33,0.3071,0.3266,11,-11.81,1,0.0523,108.29,45489,US,True,Nova Records,2025,3,Tuesday,3.89,Medium,Moderate,B,Major,True,Q1,False,10.7252,0.3225,2268
a0e91507-1de1-4092-ad0e-7355a23c8672,Rain,Maya Ridge,Stories,2020-06-20,Alternative,273633,36,0.495,0.4656,5,-8.72,0,0.0594,100.35,34324,FR,False,Pulse Records,2020,6,Saturday,4.56,Medium,Moderate,F,Minor,False,Q2,True,10.4436,0.4419,118
dce2e931-e6d4-4e9d-b1fb-32520eefdf7d,Empty,Knot Hart,Paper IV,2020-07-14,R&B,227201,2,0.6664,0.5182,10,-8.62,1,0.1073,134.32,222,US,False,Catalyst Records,2020,7,Tuesday,3.79,Low,Moderate,A#,Major,False,Q3,False,5.4072,0.58,12111
0e034b6c-aaf2-4af7-ae35-da9d6cc0ba49,Eternal,SethStone,Gardens,2025-10-27,Metal,193811,32,0.5115,0.8472,4,-4.56,0,0.0905,111.87,24180,AR,True,Drift Music,2025,10,Monday,3.23,Medium,Loud,E,Minor,True,Q4,False,10.0933,0.6176,1486
57ce9335-3835-41d5-9ce2-332f28b8cba8,Mountains,The Dawns,Records,2023-09-05,Pop,203092,18,0.7674,0.5547,10,-7.64,1,0.0033,138.05,7986,IN,False,Pulse Records,2023,9,Tuesday,3.38,Low,Moderate,A#,Major,False,Q3,False,8.9856,0.6403,750
27ce9305-034f-4c37-9b71-1ec83a468931,Dark Golden Eyes,Knot Hart,Frequencies,2024-11-16,R&B,211648,4,0.7105,0.4991,4,-11.26,1,0.07,92.29,5194,SE,True,Catalyst Records,2024,11,Saturday,3.53,Low,Moderate,E,Major,True,Q4,True,8.5555,0.53,12111
6332c7c7-a65c-487e-828e-ee54e8e32e45,Burning,Clay Black,Urban,2020-05-22,Pop,217563,39,0.6186,0.684,2,-4.55,1,0.0415,144.71,43449,CL,False,Independent,2020,5,Friday,3.63,Medium,Loud,D,Major,False,Q2,False,10.6794,0.6421,693
64f096fe-1628-4e81-962d-b648d6069428,Silent Fire,Knot Hart,Hollow,2024-02-28,R&B,209238,3,0.4777,0.3765,5,-8.51,1,0.0165,86.89,1863,US,True,Spectrum Music,2024,2,Wednesday,3.49,Low,Moderate,F,Major,True,Q1,False,7.5305,0.3801,12111
49d71949-bc37-4d39-a57c-c845d4e78c0d,Roses,Knot Hart,Burning Storm,2021-04-27,R&B,289205,23,0.7107,0.4747,4,-9.5,0,0.0162,116.02,9707,IT,True,Island Records,2021,4,Tuesday,4.82,Low,Moderate,E,Minor,True,Q2,False,9.1807,0.5542,12111
6e6bb279-33f4-455e-ad89-4a7903bc9329,Breaking Night,NylaWest,Young,2024-12-28,EDM,141675,5,0.8792,0.9477,1,-3.91,0,0.0242,116.88,5542,MY,False,Spectrum Music,2024,12,Saturday,2.36,Low,Loud,C#,Minor,False,Q4,True,8.6203,0.812,16
78bb7c7f-1494-415c-83d1-5fb5ace1b4e2,The Fire,Maya Bond,The Urban Records,2024-01-20,K-Pop,190518,48,0.728,0.7835,8,-3.79,1,0.003,146.19,423649,NZ,False,RCA Records,2024,1,Saturday,3.18,Medium,Loud,G#,Major,False,Q1,True,12.9567,0.7277,20
39106d43-e978-4f7d-a627-3a46632dc02c,Raw Heavy Roads,The Veils,The Urban Volume,2021-06-15,Metal,219869,52,0.3489,1.0,9,-4.73,0,0.9643,186.98,564048,US,False,Nova Records,2021,6,Tuesday,3.66,High,Loud,A,Minor,False,Q2,False,13.2429,0.721,86
69c9fc5b-2d9e-4665-8a71-c3fb537a7a85,Roads,IsleEyre,Gentle,2023-07-22,Pop,225423,44,0.6511,0.6601,10,-9.44,1,0.0035,116.97,124067,IN,False,Interscope Records,2023,7,Saturday,3.76,Medium,Moderate,A#,Major,False,Q3,True,11.7286,0.6059,5271
fa1e81c0-900e-4147-be00-46827c5625a1,Glass Echoes,Knot Hart,The Raw Files,2021-06-12,R&B,210217,27,0.8356,0.475,6,-10.3,1,0.0294,98.86,40741,TR,False,Cipher Music,2021,6,Saturday,3.5,Medium,Moderate,F#,Major,False,Q2,True,10.615,0.5798,12111
ce26726e-5341-4123-98e8-03889b236a43,Vivid Eyes,Jasper Cloud,Young Mountains,2023-01-29,Hip-Hop,198854,37,0.9954,0.8177,2,-3.68,1,0.0171,150.67,95979,JP,True,Horizon Records,2023,1,Sunday,3.31,Medium,Loud,D,Major,True,Q1,True,11.4719,0.8548,327
09a880e8-3465-4c66-9865-5ccbaf1f6e44,Leaving Floors,Sterling Zen,Bitter Voices,2020-06-17,Rock,243685,20,0.4353,0.5712,0,-7.03,1,0.0356,135.76,9566,EG,False,Horizon Records,2020,6,Wednesday,4.06,Low,Moderate,C,Major,False,Q2,False,9.1661,0.5108,2268
2c3fddfd-757d-450a-a2a7-542fb0f211b9,Heavy Skies,Knot Hart,The Cosmic Reflections,2023-05-22,R&B,198065,6,0.5619,0.7736,7,-8.22,1,0.0096,106.52,3304,NL,False,Stardust Label,2023,5,Monday,3.3,Low,Moderate,G,Major,False,Q2,False,8.1032,0.6007,12111
dca62477-68aa-4f63-8d89-ffad022dc3f5,Worlds,SethStone,Velvet Tears,2023-07-31,Metal,176410,36,0.4169,0.6047,11,-7.03,0,0.0386,171.43,66736,MX,False,Catalyst Records,2023,7,Monday,2.94,Medium,Moderate,B,Minor,False,Q3,False,11.1085,0.5678,1486
254a33d2-a644-45c1-922e-9231a06481ca,Waiting Night,Knot Hart,Revolutions,2025-01-15,R&B,268074,35,0.6565,0.5418,3,-7.96,1,0.0163,121.36,33933,US,False,Wavelength Records,2025,1,Wednesday,4.47,Medium,Moderate,D#,Major,False,Q1,False,10.4322,0.567,12111
feaaacdc-1f12-4be3-8e6b-288c11ffbe51,Waves,River Edge,Quiet IV,2022-02-16,Pop,151464,41,0.5651,0.6407,2,-7.34,1,0.0085,133.94,22940,FR,False,Capitol Records,2022,2,Wednesday,2.52,Medium,Moderate,D,Major,False,Q1,False,10.0407,0.5879,41
813cd718-be2a-43b9-9466-3566f915b047,Frozen Shattered Dreams,IsleEyre,Verses,2023-12-16,Hip-Hop,156818,31,0.7881,0.7596,0,-8.11,1,0.0235,141.42,8703,FR,False,Horizon Records,2023,12,Saturday,2.61,Medium,Moderate,C,Major,False,Q4,True,9.0715,0.7354,5271
3e030e71-81d2-4ef7-be28-012e88dc49c1,Burning Ghosts,RiverFlame,Eyes,2022-12-19,Latin,209658,31,0.8685,0.7323,11,-6.31,1,0.0886,119.49,8524,DE,True,Sony Music Entertainment,2022,12,Monday,3.49,Medium,Moderate,B,Major,True,Q4,False,9.0508,0.7253,422
48dc596d-6761-4afe-a5f1-91c520086a19,Oceans,IsleEyre,Mountains,2025-01-18,Pop,228227,21,0.943,0.6708,8,-6.5,1,0.0135,138.26,10442,NZ,False,Warner Music Group,2025,1,Saturday,3.8,Low,Moderate,G#,Major,False,Q1,True,9.2537,0.7573,5271
e3d2d701-9934-496f-b7c5-da852a583eb8,Open Raw Tears,ElaraRain,Quiet Stars,2022-03-26,Rock,189567,42,0.7257,0.8179,9,-4.11,1,0.0376,119.15,180739,FR,True,Interscope Records,2022,3,Saturday,3.16,Medium,Loud,A,Major,True,Q1,True,12.1048,0.7019,1111
5839ac12-e4b2-4a77-b726-cad48bc32874,Pulling Bridges,ValeGlass,Golden Ghosts,2023-07-28,Pop,227001,29,0.485,0.7044,2,-4.98,1,0.014,140.08,56294,JP,False,Def Jam Recordings,2023,7,Friday,3.78,Medium,Loud,D,Major,False,Q3,False,10.9384,0.5902,981
e8275a9b-7f2b-48be-94a4-0afd0c6cfb0c,Roads,Knot Hart,Tears,2021-03-24,R&B,270045,22,0.524,0.5546,6,-9.64,1,0.0688,125.33,14695,SE,False,Independent,2021,3,Wednesday,4.5,Low,Moderate,F#,Major,False,Q1,False,9.5953,0.5248,12111
4d5cd596-6242-4684-a57e-21e3574d0e06,Empty Flames,Onyx Core,Fierce Roses,2025-05-21,Pop,187272,43,0.6887,0.5291,2,-8.76,1,0.0516,137.75,109663,AR,False,Independent,2025,5,Wednesday,3.12,Medium,Moderate,D,Major,False,Q2,False,11.6052,0.5982,16
6983b203-2ab7-4f25-af4f-b4c93499d6af,Keys,Silk Wells,Bitter,2024-12-11,Indie,246995,12,0.4074,0.6146,5,-5.51,1,0.0719,108.6,5921,DE,True,Capitol Records,2024,12,Wednesday,4.12,Low,Loud,F,Major,True,Q4,False,8.6864,0.4782,155
fa381709-6340-4bb8-abd1-7f33212f285b,Stars,Luna Jade,Cosmic V,2022-04-29,Pop,358315,41,0.6333,0.7104,8,-7.44,1,0.0008,133.47,72199,ES,False,Epic Records,2022,4,Friday,5.97,Medium,Moderate,G#,Major,False,Q2,False,11.1872,0.6424,16
7c327652-ae54-44ef-b0b2-e794b4b6d6de,Pages,WaveArc,Hollow Keys,2022-12-18,R&B,274836,24,0.8568,0.7138,9,-6.77,1,0.0391,124.11,35222,TH,False,Republic Records,2022,12,Sunday,4.58,Low,Moderate,A,Major,False,Q4,True,10.4695,0.7198,41
89e9938f-6176-4f8b-ab9f-3022e73812b5,Fleeting Gentle Bones,Clay Black,Endless III,2023-07-22,Pop,238279,18,0.7168,0.5893,7,-4.74,1,0.009,121.41,6768,ZA,False,Horizon Records,2023,7,Saturday,3.97,Low,Loud,G,Major,False,Q3,True,8.8201,0.6102,693
b71ef8ae-e172-464f-879a-8183c1cfebe9,Twisted Keys,Lyra Edge,Neon Edges,2020-11-19,Reggaeton,211900,21,0.963,0.6644,5,-6.37,0,0.0182,108.84,21936,KR,False,Republic Records,2020,11,Thursday,3.53,Low,Moderate,F,Minor,False,Q4,False,9.9959,0.7207,23
4ec2fe99-c5d1-4940-a960-b8c6ef7feaa5,Skies,Knot Hart,Kind Stars,2022-09-07,R&B,225655,20,0.6699,0.5442,3,-10.0,1,0.0198,94.99,6178,NG,True,Drift Music,2022,9,Wednesday,3.76,Low,Moderate,D#,Major,True,Q3,False,8.7289,0.5356,12111
e55e77bd-5da4-4866-9aa7-ddb6e8a555e8,Sinking Waves,Knot Hart,Tears,2021-10-08,R&B,146281,10,0.839,0.5687,6,-10.57,0,0.0824,134.02,3477,PL,False,Echo Studios,2021,10,Friday,2.44,Low,Moderate,F#,Minor,False,Q4,False,8.1542,0.6688,12111
e8a67446-cabf-4b8d-bb17-206140674b31,Inner Angels,Knot Hart,Chronicles,2020-06-01,R&B,219863,14,0.4981,0.4544,2,-14.28,1,0.0471,98.02,5308,ID,False,Atlantic Records,2020,6,Monday,3.66,Low,Quiet,D,Major,False,Q2,False,8.5772,0.4353,12111
c9ea6725-679c-4b17-8737-a7d453e3e52d,Soul,IsleEyre,Notes,2021-03-15,Pop,233301,25,0.4234,0.5843,5,-5.29,1,0.0054,109.2,20481,NZ,False,Warner Music Group,2021,3,Monday,3.89,Medium,Loud,F,Major,False,Q1,False,9.9273,0.4734,5271
6959691f-f16b-48d0-a700-c755456ba41e,Young Floors,Ethereal,Verses,2025-02-22,Pop,265005,17,0.7046,0.5791,10,-8.58,1,0.0029,107.64,20380,US,False,Prism Audio,2025,2,Saturday,4.42,Low,Moderate,A#,Major,False,Q1,True,9.9224,0.5815,3232
4178feb1-85de-4d66-84e5-232babef3250,Storm,IsleEyre,Notes,2020-12-21,Pop,305122,19,0.7492,0.8023,6,-2.33,0,0.0068,98.25,4869,US,True,Nova Records,2020,12,Monday,5.09,Low,Loud,F#,Minor,True,Q4,False,8.4908,0.6752,5271
ac7dda85-3288-4ae4-927a-037a844514b2,Streets,Kai Cross,Glass III,2020-02-16,Pop,237889,5,0.6778,0.8058,4,-5.53,0,0.0139,99.01,2015,IT,True,Bedroom Records,2020,2,Sunday,3.96,Low,Loud,E,Minor,True,Q1,True,7.6089,0.6492,79
cc7dc791-b2bc-486d-be5f-af118e491138,Crawling Keys,Ethereal,Dark,2023-04-23,Pop,267544,22,0.8964,0.7799,5,-4.3,1,0.0412,84.52,6113,GB,True,Neon Label,2023,4,Sunday,4.46,Low,Loud,F,Major,True,Q2,True,8.7183,0.7055,3232
ca186fa8-f314-420f-b8e4-983d727cc697,Bridges,IsleEyre,Twisted Streets,2022-06-13,Pop,168775,4,0.7008,0.8764,3,-4.72,0,0.0366,106.46,2392,AU,False,Cipher Music,2022,6,Monday,2.81,Low,Loud,D#,Minor,False,Q2,False,7.7803,0.6973,5271
b3421afd-9ac0-4e12-84d0-c1c01bf15e8f,Quiet Storm,ValeGlass,Portraits,2021-09-05,Pop,232168,27,0.6204,0.5955,2,-9.63,1,0.0074,109.83,57628,FR,True,Echo Studios,2021,9,Sunday,3.87,Medium,Moderate,D,Major,True,Q3,True,10.9618,0.5575,981
0c8fb0f0-2a7b-4f75-bb79-44f1663410c3,Gentle Crimson Dreams,Knot Hart,Fleeting,2024-08-28,R&B,217920,40,0.6654,0.8753,7,-6.29,1,0.0261,121.59,166258,CA,False,Capitol Records,2024,8,Wednesday,3.63,Medium,Moderate,G,Major,False,Q3,False,12.0213,0.7043,12111
50bc3a45-5cc8-438f-babf-72378b093b05,Roads,Grove Nova,Cloudy Mountains,2024-10-01,Alternative,207346,3,0.65,0.8064,5,-4.5,0,0.0057,105.38,703,CA,True,Indie Collective,2024,10,Tuesday,3.46,Low,Loud,F,Minor,True,Q4,False,6.5568,0.6474,124
3b3bbbd4-d313-4345-9a82-7bf2714ef421,Waves,Knot Hart,Shattered,2024-09-17,R&B,232580,42,0.9429,0.5778,5,-9.86,0,0.0945,110.05,198598,MX,False,Apex Records,2024,9,Tuesday,3.88,Medium,Moderate,F,Minor,False,Q3,False,12.199,0.6798,12111
81b9b24a-d5a2-4778-b33a-d0d19c49c831,Eyes,The Arcs,Ancient,2023-11-25,Pop,255197,12,0.6756,0.6415,1,-6.98,1,0.0361,112.52,8974,CA,False,Universal Music Group,2023,11,Saturday,4.25,Low,Moderate,C#,Major,False,Q4,True,9.1022,0.6019,16
5da2957a-4f5b-4f45-92f8-4e245a900399,Roads,The Zens,Golden II,2024-04-02,Latin,213158,23,0.7831,0.916,3,-7.91,1,0.0071,82.09,5196,MX,False,Universal Music Group,2024,4,Tuesday,3.55,Low,Moderate,D#,Major,False,Q2,False,8.5558,0.7112,137
8ee19445-47db-4f3f-aa94-85178e6e4c52,Echoes,Knot Hart,Hidden,2021-02-17,R&B,224815,9,0.6743,0.3219,9,-5.7,1,0.0093,88.41,1614,AU,False,Self-Released,2021,2,Wednesday,3.75,Low,Loud,A,Major,False,Q1,False,7.3871,0.4391,12111
b5cb36b7-d0ea-4e47-a854-4d3c6359df33,Deep Winds,Knot Hart,Ancient Demons,2025-08-25,Pop,233955,27,0.9432,0.9642,4,-2.87,1,0.0407,116.03,18946,NG,False,Nova Records,2025,8,Monday,3.9,Medium,Loud,E,Major,False,Q3,False,9.8494,0.843,12111
8c3d2483-09d6-4bb0-bd93-2ed9afb55753,The Whispers,Dusk Jay,Electric,2021-12-18,Country,170380,30,0.8129,0.5068,10,-9.36,0,0.0226,97.65,21318,CA,True,Spectrum Music,2021,12,Saturday,2.84,Medium,Moderate,A#,Minor,True,Q4,True,9.9674,0.5817,82
18134e3d-70e2-4388-a381-0cac6d4a12ee,Heart,Phantasm,Fading,2024-03-21,Trap,208783,10,0.8978,0.6993,2,-6.6,0,0.0558,123.13,9329,IN,False,Prism Audio,2024,3,Thursday,3.48,Low,Moderate,D,Minor,False,Q1,False,9.141,0.729,242
4e17c205-7db7-4142-920b-df1f6993dbec,Sacred Fading Demons,Vale Drake,The Wicked Reflections,2021-07-03,Country,124603,9,0.8049,0.9462,6,-3.5,1,0.0742,139.3,2654,GB,False,Stardust Label,2021,7,Saturday,2.08,Low,Loud,F#,Major,False,Q3,True,7.8842,0.8137,225
5128ab8b-6b08-4311-9d2d-62a7514e1248,Wicked,The Zens,Midnight II,2020-10-25,Latin,205154,29,0.7994,0.7124,3,-5.36,0,0.0056,93.88,13166,AU,False,Echo Studios,2020,10,Sunday,3.42,Medium,Loud,D#,Minor,False,Q4,True,9.4855,0.6531,137
40314f7d-9282-4088-9a03-a47008710966,Sinking Angels,Knot Hart,The Shattered Dimensions,2021-04-25,Soul,236106,22,0.6062,0.3354,11,-10.28,0,0.0067,132.77,2808,IN,True,Atlantic Records,2021,4,Sunday,3.94,Low,Moderate,B,Minor,True,Q2,True,7.9406,0.4806,12111
62561687-1efe-4dd4-a168-efabb62e2a06,Whispers,Ethereal,Eternal III,2022-12-07,Pop,260019,45,0.784,0.5146,5,-10.68,1,0.0011,134.75,117276,FR,True,Spectrum Music,2022,12,Wednesday,4.33,Medium,Moderate,F,Major,True,Q4,False,11.6723,0.6262,3232
4a09f19b-79b0-4b32-89fc-4b91039c6eeb,Frozen Endless Soul,Knot Hart,The Fleeting Revolutions,2022-06-25,R&B,254457,43,0.7148,0.7354,11,-7.5,1,0.0603,122.52,241571,GB,False,Echo Studios,2022,6,Saturday,4.24,Medium,Moderate,B,Major,False,Q2,True,12.3949,0.6694,12111
7edcda6b-acfb-49ce-8a27-51a44569e5c4,The Night,Prism Lake,Shattered Rivers,2023-10-14,R&B,132865,27,0.8141,0.5476,4,-7.83,0,0.0201,107.01,9514,IN,False,Wavelength Records,2023,10,Saturday,2.21,Medium,Moderate,E,Minor,False,Q4,True,9.1606,0.6118,47
b324f816-18eb-42c0-b035-09e273fed566,Midnight Chains,Luna Ink,Bitter Echoes,2020-08-28,Hip-Hop,209848,38,0.7985,0.7311,8,-6.16,1,0.014,136.07,95549,PH,False,Prism Audio,2020,8,Friday,3.5,Medium,Moderate,G#,Major,False,Q3,False,11.4674,0.7205,577
3c2e40b5-b880-4f2a-a8b6-edcd17e1cf49,Young Open Harbors,IsleEyre,The Midnight Horizons,2021-09-10,Pop,193758,41,0.5315,0.3778,0,-6.51,1,0.0007,104.37,55194,IN,True,Horizon Records,2021,9,Friday,3.23,Medium,Moderate,C,Major,True,Q3,False,10.9186,0.4271,5271
90a79243-2205-4e7c-b8f7-c257e41ff3f1,Wild Neon Shadows,Knot Hart,Skies,2020-02-18,R&B,185263,2,0.2989,0.5295,0,-12.5,1,0.0747,108.84,1180,GB,False,Def Jam Recordings,2020,2,Tuesday,3.09,Low,Quiet,C,Major,False,Q1,False,7.0741,0.4011,12111
3a1bec95-8d99-4eb6-9617-1c6c38c56428,Stars,IsleEyre,Young,2025-11-26,Pop,259979,32,0.5441,0.7766,4,-3.77,0,0.0097,129.6,17324,GB,False,Island Records,2025,11,Wednesday,4.33,Medium,Loud,E,Minor,False,Q4,False,9.7599,0.6277,5271
6b853a17-f5d8-4421-8e99-3686375bcea8,Floors,IsleEyre,Dark Waves,2020-11-26,Pop,190038,20,0.6886,0.7434,10,-9.85,0,0.0228,114.94,3824,KR,True,Catalyst Records,2020,11,Thursday,3.17,Low,Moderate,A#,Minor,True,Q4,False,8.2493,0.6513,5271
4c19a4d1-cb71-47d5-a749-0de6183b5e90,Broken,Vale Drake,Fierce Bridges,2024-11-12,Country,314619,35,0.5882,0.6628,10,-7.12,0,0.1071,125.22,86152,CA,False,Republic Records,2024,11,Tuesday,5.24,Medium,Moderate,A#,Minor,False,Q4,False,11.3639,0.5936,225
1f4c1fab-a78d-434e-b1f9-231fb63d653a,Thunder,Phoenix Cloud,Hidden,2020-07-09,Trap,247772,29,0.8872,0.8715,1,-5.27,0,0.0126,156.55,87088,BR,False,Warner Music Group,2020,7,Thursday,4.13,Medium,Loud,C#,Minor,False,Q3,False,11.3747,0.8414,471
69b950d8-0a2b-48bf-af1f-5594b5492730,Pages,Drift Ridge,Wicked,2020-11-11,Metal,255115,24,0.1079,0.9648,4,-5.04,1,0.0037,141.1,8085,GB,False,Epic Records,2020,11,Wednesday,4.25,Low,Loud,E,Major,False,Q4,False,8.9979,0.5449,41
f59729ff-5b7c-4fa0-9fd9-7dd5a775c904,Leaving Scars,Rocco Ore,Blinding I,2025-08-13,R&B,294609,21,0.7106,0.6196,11,-7.65,0,0.0357,122.21,5901,US,False,Indie Collective,2025,8,Wednesday,4.91,Low,Moderate,B,Minor,False,Q3,False,8.683,0.621,1709
2e653368-fcc2-4fbe-96d4-011a08dba8c3,Deep Fleeting Waves,Knot Hart,Files,2025-01-19,R&B,149620,45,0.9373,0.4551,7,-10.88,1,0.0084,64.06,55497,CA,False,Columbia Records,2025,1,Sunday,2.49,Medium,Moderate,G,Major,False,Q1,True,10.9241,0.5628,12111
de1f2fb2-8f2c-456c-8cf6-4d2f8b658933,Waves,Indie Lake,Ancient Storm,2020-10-28,Hip-Hop,141136,12,0.8029,0.7119,1,-3.57,1,0.0072,156.66,1302,MX,False,Neon Label,2020,10,Wednesday,2.35,Low,Loud,C#,Major,False,Q4,False,7.1724,0.744,247
22afb228-3da1-45e5-ae3c-f3b4c88b6576,Distant Worlds,Blake Crow,Wicked Whispers,2023-01-09,R&B,159297,11,0.5887,0.5161,1,-9.84,1,0.0004,88.68,4178,US,False,Apex Records,2023,1,Monday,2.65,Low,Moderate,C#,Major,False,Q1,False,8.3378,0.4829,179
4f18ffe8-972e-4372-a44c-870e04936f4e,Dark Lost Demons,ValeGlass,The Paper Diaries,2024-08-21,Pop,207799,26,0.7406,0.5693,6,-8.09,0,0.006,108.19,5836,AR,False,Drift Music,2024,8,Wednesday,3.46,Medium,Moderate,F#,Minor,False,Q3,False,8.672,0.5928,981
e7e91a46-d3ba-49ea-aac0-7288d09177b2,Edges,The Zens,Neon Stars,2024-11-15,Latin,117045,8,0.7915,0.4491,4,-10.64,1,0.0444,126.64,1319,IN,True,Horizon Records,2024,11,Friday,1.95,Low,Moderate,E,Major,True,Q4,False,7.1854,0.5914,137
fddd6647-3b97-49e3-ab77-a31baec21cda,The Gardens,SethStone,Lost III,2024-06-08,Metal,174547,12,0.1863,0.9962,5,-4.26,0,0.1371,114.88,3851,MX,False,Stardust Label,2024,6,Saturday,2.91,Low,Loud,F,Minor,False,Q2,True,8.2563,0.5514,1486
2e9e2947-58a5-49a7-8a0d-b1c8296fbe9e,Bridges,ElaraRain,Notes,2022-04-02,Rock,222625,21,0.3111,0.7793,7,-4.89,1,0.2891,151.93,8201,MY,False,Prism Audio,2022,4,Saturday,3.71,Low,Loud,G,Major,False,Q2,True,9.0121,0.5675,1111
e3c44a96-a0f1-4379-83a1-ad94b5cce200,Reaching Tears,Sterling Zen,Hollow IV,2024-05-28,Folk,233897,5,0.4466,0.0743,5,-13.91,1,0.0605,119.99,1480,CA,False,Apex Records,2024,5,Tuesday,3.9,Low,Quiet,F,Major,False,Q2,False,7.3005,0.2941,2268
211d0025-bf4f-4816-ab97-fcd91a9feb5b,Mirrors,Knot Hart,Wicked Skies,2020-10-10,R&B,192220,7,0.595,0.6165,6,-6.93,0,0.0514,117.94,1757,US,False,Horizon Records,2020,10,Saturday,3.2,Low,Moderate,F#,Minor,False,Q4,True,7.4719,0.5674,12111
ada99eb9-4dbf-4214-aaa8-fe7fcbf0d010,The Doors,Knot Hart,Night,2025-12-28,R&B,261118,12,0.4968,0.7081,8,-4.01,0,0.0002,103.18,3497,TR,False,Self-Released,2025,12,Sunday,4.35,Low,Loud,G#,Minor,False,Q4,True,8.1599,0.5436,12111
fd7afa44-813f-4be1-9fcc-f786252be156,Bridges,Knot Hart,Hidden,2022-10-13,R&B,193874,47,0.8102,0.4128,10,-10.33,0,0.0057,102.31,202023,US,False,Echo Studios,2022,10,Thursday,3.23,Medium,Moderate,A#,Minor,False,Q4,False,12.2161,0.5496,12111
771481c8-f205-44c1-a4ef-44f40ec496c3,Pulling Bridges,Phoenix Cloud,Eternal Scars,2024-10-29,Trap,269790,50,0.742,0.8088,1,-5.72,1,0.013,119.31,357991,GB,False,Neon Label,2024,10,Tuesday,4.5,High,Loud,C#,Major,False,Q4,False,12.7883,0.705,471
92eb62d2-e460-456d-99d0-56bda7dd34f0,Dark,IsleEyre,Hidden Eyes,2025-08-11,Pop,269668,56,0.7724,0.6014,2,-7.81,1,0.0145,129.45,1238843,US,True,Self-Released,2025,8,Monday,4.49,High,Moderate,D,Major,True,Q3,False,14.0297,0.6487,5271
7fae54c4-63a7-42aa-aec3-324773842021,Lights,SethStone,The Glass Sessions,2023-11-06,Metal,178188,24,0.3026,0.8181,7,-6.52,0,0.0089,114.16,13501,FR,False,Bedroom Records,2023,11,Monday,2.97,Low,Moderate,G,Minor,False,Q4,False,9.5106,0.5257,1486
def9de38-5669-496b-993a-857073d8749b,Wild Worlds,Dean Thorn,Twisted Wings,2023-11-06,Latin,229157,42,0.7789,0.8406,10,-10.2,1,0.0033,89.23,87864,NL,False,Spectrum Music,2023,11,Monday,3.82,Medium,Moderate,A#,Major,False,Q4,False,11.3836,0.6896,28
da24d210-06ad-405d-b777-95350d149977,Vivid Wings,IsleEyre,The Glass Stories,2024-07-17,Hip-Hop,164775,6,0.9682,0.6841,10,-5.52,1,0.0032,116.31,10332,KR,False,Independent,2024,7,Wednesday,2.75,Low,Loud,A#,Major,False,Q3,False,9.2431,0.7414,5271
88782436-086a-4598-afe7-45bf8643405c,Silent Paradise,Ethereal,Sacred,2020-09-13,Pop,237005,39,0.7393,0.7182,9,-5.12,1,0.0789,115.02,51244,TR,True,Epic Records,2020,9,Sunday,3.95,Medium,Loud,A,Major,True,Q3,True,10.8444,0.6616,3232
2844634b-9203-40c8-bbd8-dca20a95c190,The Edges,GroveBlack,Empty Lines,2023-07-07,Pop,146642,38,0.6174,0.6654,9,-8.07,1,0.0541,121.82,163317,DE,True,Island Records,2023,7,Friday,2.44,Medium,Moderate,A,Major,True,Q3,False,12.0035,0.6014,160
6cb15be4-a9d9-4a7d-886e-54ecd651ed51,Crawling Doors,Knot Hart,Fleeting Wings,2020-12-13,Alternative,232582,12,0.736,0.7754,10,-6.94,1,0.0201,157.96,4713,US,False,Pulse Records,2020,12,Sunday,3.88,Low,Moderate,A#,Major,False,Q4,True,8.4583,0.7445,12111
057bdac4-e36a-4ad4-a153-0128da2b1c03,Dreams,Knot Hart,The Sacred Tales,2021-12-10,R&B,203059,27,0.79,0.4617,8,-12.97,1,0.0591,114.88,11535,BR,True,Stardust Label,2021,12,Friday,3.38,Medium,Quiet,G#,Major,True,Q4,False,9.3532,0.5791,12111
9c83bc2a-b8e2-4e99-9acd-c90625aa6268,Jagged Echoes,IsleEyre,Silver Echoes,2025-07-20,EDM,149246,12,0.8102,0.814,6,-3.62,0,0.0904,137.01,5332,DE,False,Wavelength Records,2025,7,Sunday,2.49,Low,Loud,F#,Minor,False,Q3,True,8.5817,0.7597,5271
aec4cf23-50b1-44a0-900a-8bb176254cbc,Silent Demons,Knot Hart,Records,2021-11-19,R&B,254337,66,0.8766,0.5943,7,-7.39,1,0.0131,105.98,3760194,CL,False,Def Jam Recordings,2021,11,Friday,4.24,High,Moderate,G,Major,False,Q4,False,15.14,0.654,12111
0f0189b7-2e89-49bc-b72e-11ed4535c149,Crimson Bones,Lumiere,Volume,2020-06-19,Hip-Hop,211703,5,0.8646,0.7222,11,-6.85,1,0.0619,147.03,1408,GB,False,Interscope Records,2020,6,Friday,3.53,Low,Moderate,B,Major,False,Q2,False,7.2506,0.759,18
711b5304-5bfe-4fd1-98db-123fdabc7266,Bitter Invisible Night,The Veils,Chains,2021-04-25,Metal,281142,37,0.4779,0.988,3,-4.47,1,0.0383,142.54,107937,AR,False,Wavelength Records,2021,4,Sunday,4.69,Medium,Loud,D#,Major,False,Q2,True,11.5893,0.7043,86
6963a85c-9927-4006-861c-59c0350d27fc,Urban Demons,Phoenix Cloud,Quiet I,2023-12-07,Classical,212204,43,0.2666,0.2339,8,-8.25,1,0.3448,117.65,65292,CA,False,Nova Records,2023,12,Thursday,3.54,Medium,Moderate,G#,Major,False,Q4,False,11.0866,0.2826,471
507a7555-f7c1-4eca-8fe6-6101adcbe23a,Flames,Bloom Arc,Frequencies,2024-08-12,Rock,222144,23,0.4108,0.9717,0,-3.14,0,0.144,135.66,9365,TR,True,Neon Label,2024,8,Monday,3.7,Low,Loud,C,Minor,True,Q3,False,9.1448,0.6611,51
f47fb7f8-2716-44b5-8c6c-e2560809ba58,The Scars,Grove Nova,Worlds,2021-08-05,Alternative,190795,8,0.5019,0.6637,9,-7.62,1,0.0545,137.26,3147,JP,False,Epic Records,2021,8,Thursday,3.18,Low,Moderate,A,Major,False,Q3,False,8.0545,0.5766,124
f4227270-6ca8-4e8a-9dc0-5403106b4906,The Waves,Knot Hart,Lost,2024-02-20,R&B,235787,44,0.6637,0.5987,7,-6.14,0,0.0374,126.64,82617,BR,True,Catalyst Records,2024,2,Tuesday,3.93,Medium,Moderate,G,Minor,True,Q1,False,11.322,0.6002,12111
57c23a71-ae82-4d26-9e5b-db8057900598,The Oceans,JadePeak,Paradise,2024-01-07,R&B,127583,17,0.865,0.5097,1,-9.02,0,0.0366,117.11,6948,DE,False,Echo Studios,2024,1,Sunday,2.13,Low,Moderate,C#,Minor,False,Q1,True,8.8464,0.6315,33
76b4a3db-4ae4-48f8-8ab6-e845c207225b,Shadows,ElaraRain,The Invisible Stories,2025-06-10,Rock,195359,18,0.5866,0.7828,5,-9.28,0,0.2056,116.59,6719,CL,True,Stardust Label,2025,6,Tuesday,3.26,Low,Moderate,F,Minor,True,Q2,False,8.8128,0.6286,1111
ec25939a-bce4-41e6-a537-e2f7a4c9834b,Cloudy Dark Heart,Beau North,The Ancient Wavelengths,2023-05-21,Alternative,212459,16,0.5597,0.6711,2,-7.48,0,0.042,113.26,4792,TR,True,Spectrum Music,2023,5,Sunday,3.54,Low,Moderate,D,Minor,True,Q2,True,8.4749,0.5684,87
41a43f86-d604-42c5-843d-e28ec29969f6,Drifting Dreams,Knox North,Cosmic Roses,2024-10-24,EDM,201475,26,0.9164,0.64,10,-8.78,1,0.2133,129.85,14971,US,True,Indie Collective,2024,10,Thursday,3.36,Medium,Moderate,A#,Major,True,Q4,False,9.6139,0.7223,36
1eabde06-ce6b-42cd-a16e-6f486d4e0693,Silver,IsleEyre,The Jagged Diaries,2021-06-25,Rock,268734,7,0.3017,0.7913,7,-8.49,1,0.0075,128.27,1842,MX,False,Bedroom Records,2021,6,Friday,4.48,Low,Moderate,G,Major,False,Q2,False,7.5191,0.5347,5271
d41196ba-d0bb-48cb-b1c8-3295b0ab2cd5,Thunder,Knot Hart,Memories,2021-08-08,R&B,242982,33,0.6601,0.6768,1,-8.21,1,0.0243,129.92,56638,US,False,Indie Collective,2021,8,Sunday,4.05,Medium,Moderate,C#,Major,False,Q3,True,10.9445,0.6346,12111
f197a93e-507a-42d0-8991-246049437107,Distant Invisible Whispers,Knot Hart,Archives,2024-12-17,Latin,203608,41,0.9447,0.7828,3,-5.57,1,0.0025,138.4,45799,US,False,Echo Studios,2024,12,Tuesday,3.39,Medium,Loud,D#,Major,False,Q4,False,10.732,0.803,12111
ce45a327-c479-4bcb-b72d-9b12a030b3af,Wicked Streets,Sterling Zen,Gentle Angels,2020-12-11,Folk,294259,24,0.3473,0.4773,3,-11.05,1,0.0435,107.92,17014,JP,False,Epic Records,2020,12,Friday,4.9,Low,Moderate,D#,Major,False,Q4,False,9.7419,0.3983,2268
d258aad0-7a1c-4d4d-97a6-76e56b67f3e1,Eternal Whispers,Rhys Knight,Urban Chains,2022-09-07,Pop,207892,12,0.7712,0.6294,7,-7.9,1,0.1134,123.83,4231,GB,False,Def Jam Recordings,2022,9,Wednesday,3.46,Low,Moderate,G,Major,False,Q3,False,8.3504,0.6514,100
c60669ee-76f8-4cfe-96d3-1b410e58ac97,Fading Scars,Cliff Project,Open,2021-12-08,Reggaeton,201671,22,0.907,0.7434,7,-4.37,0,0.0173,95.11,8771,CL,True,Indie Collective,2021,12,Wednesday,3.36,Low,Loud,G,Minor,True,Q4,False,9.0793,0.7103,52
cc84490c-3e3b-44b3-904f-9a076ad75ee6,Hollow Eyes,Knot Hart,Midnight,2024-08-28,R&B,335101,9,0.767,0.6362,6,-8.64,0,0.0612,113.93,2657,US,False,Neon Label,2024,8,Wednesday,5.59,Low,Moderate,F#,Minor,False,Q3,False,7.8853,0.6383,12111
47e4936c-2c16-47a2-8572-d4bb1153338a,Tears,SethStone,Roses,2020-09-27,Metal,197280,27,0.4011,0.7104,4,-3.62,0,0.0469,144.66,15815,AR,False,Self-Released,2020,9,Sunday,3.29,Medium,Loud,E,Minor,False,Q3,True,9.6688,0.5655,1486
aa0f50c9-579f-4f90-95ce-10cfd4eceff0,The Mountains,Sterling Zen,Eternal Stars,2021-12-20,Folk,178282,7,0.3525,0.5156,1,-10.35,1,0.0265,136.97,1163,US,True,Wavelength Records,2021,12,Monday,2.97,Low,Moderate,C#,Major,True,Q4,False,7.0596,0.4572,2268
9cd9a57b-769a-4fcb-9a4d-a69514352ef5,Urban Floors,Knot Hart,Mystic Streets,2023-01-05,R&B,229358,1,0.7982,0.6901,11,-2.85,0,0.0103,91.39,2569,CL,True,Midnight Records,2023,1,Thursday,3.82,Low,Loud,B,Minor,True,Q1,False,7.8517,0.6402,12111
e12e1f86-0935-4163-959e-57d3fa9f2068,Midnight Flames,Knot Hart,Eternal Mirrors,2025-08-08,R&B,285306,22,0.8286,0.7047,9,-8.58,1,0.0949,101.21,19910,US,False,Bedroom Records,2025,8,Friday,4.76,Low,Moderate,A,Major,False,Q3,False,9.899,0.6722,12111
2d6cb57b-6ccc-4ec8-968f-3335e39f5775,Bitter,IsleEyre,Burning Bridges,2020-05-24,Pop,190935,18,0.8174,0.6461,8,-4.04,0,0.0017,106.5,8070,IT,False,Drift Music,2020,5,Sunday,3.18,Low,Loud,G#,Minor,False,Q2,True,8.996,0.6518,5271
1b03de10-16eb-451a-886f-2065aed02838,Angels,The Quinns,Files,2025-08-18,Pop,178469,8,0.5844,0.6202,10,-9.79,0,0.0237,141.11,5732,US,False,Self-Released,2025,8,Monday,2.97,Low,Moderate,A#,Minor,False,Q3,False,8.654,0.5977,19
3dd4e57e-f9d1-4ee2-8abc-494cd85141c4,Pages,IsleEyre,Horizons,2025-02-13,Pop,244144,25,0.6191,0.7093,0,-7.22,1,0.0432,92.6,6719,BR,False,Drift Music,2025,2,Thursday,4.07,Medium,Moderate,C,Major,False,Q1,False,8.8128,0.5779,5271
30b46fd6-162c-46c3-a9e3-05ab3251c630,Pulling Dreams,SethStone,Midnight IV,2022-10-01,Metal,191685,31,0.4287,0.9197,2,-6.13,1,0.2783,143.86,45024,DE,True,Island Records,2022,10,Saturday,3.19,Medium,Moderate,D,Major,True,Q4,True,10.715,0.6592,1486
54cd7cde-d558-411b-94a6-5d63102ed2c4,Crystal Winds,Dean Reed,The Eternal Portraits,2021-03-01,Indie,250745,26,0.382,0.4674,3,-6.91,1,0.028,135.19,12438,GB,False,Self-Released,2021,3,Monday,4.18,Medium,Moderate,D#,Major,False,Q1,False,9.4286,0.4472,277
fa6c0125-e089-44a6-b5ed-8e0096092e64,Frozen Paradise,Ethereal,Tales,2021-01-26,Pop,202121,28,0.7565,0.6785,8,-7.05,1,0.094,90.52,12655,NL,True,Self-Released,2021,1,Tuesday,3.37,Medium,Moderate,G#,Major,True,Q1,False,9.4459,0.6176,3232
0ae25b60-365e-4041-97c6-03ecf2c45766,Liquid Tears,Dahlia Flame,The Silent Horizons,2023-08-29,Rock,178805,18,0.4332,0.6232,5,-4.44,1,0.1419,119.94,5636,GB,False,Neon Label,2023,8,Tuesday,2.98,Low,Loud,F,Major,False,Q3,False,8.6371,0.5082,14
08416690-b441-4bcd-90b7-d66c1bf780c6,The Memories,Cosmo Moss,Wavelengths,2022-04-30,Soul,169086,53,0.5765,0.3133,7,-11.63,1,0.0168,117.08,420428,GB,True,Columbia Records,2022,4,Saturday,2.82,High,Moderate,G,Major,True,Q2,True,12.949,0.4375,10
02428521-d12d-488a-941b-afe157ddfb0c,Opening Memories,IsleEyre,Wild Fire,2022-05-30,Pop,183626,32,0.8756,0.6225,5,-13.11,1,0.1153,112.25,5905,IT,False,Independent,2022,5,Monday,3.06,Medium,Quiet,F,Major,False,Q2,False,8.6837,0.6739,5271
8a5a5a35-6804-48e1-a769-5e4df6fd42fa,Kind Echoes,SethStone,Gentle Ghosts,2022-10-20,Reggaeton,156933,63,0.6006,0.5483,1,-5.28,1,0.0242,94.38,98253,NL,True,Universal Music Group,2022,10,Thursday,2.62,High,Loud,C#,Major,True,Q4,False,11.4953,0.5087,1486
adfed7f2-7d91-413d-981c-a49d8665ccea,Stars,IsleEyre,Cosmic Roses,2020-12-10,Pop,198579,13,0.7676,0.6474,9,-8.24,1,0.07,141.02,4288,NG,True,Republic Records,2020,12,Thursday,3.31,Low,Moderate,A,Major,True,Q4,False,8.3638,0.6817,5271
49343639-5efd-4cd2-b51c-a479c4caefb5,Mirrors,IsleEyre,Bones,2025-03-03,Pop,262091,32,0.8069,0.8284,0,-5.82,1,0.0042,119.81,26260,AU,False,Independent,2025,3,Monday,4.37,Medium,Loud,C,Major,False,Q1,False,10.1758,0.7396,5271
ea68c9ab-9520-4716-9d59-8924e2ffc40c,Worlds,Knot Hart,The Broken Tapes,2022-02-05,R&B,116932,26,0.81,0.4518,4,-10.42,1,0.0534,121.48,32948,PL,True,Drift Music,2022,2,Saturday,1.95,Medium,Moderate,E,Major,True,Q1,True,10.4027,0.5925,12111
8e2db061-84e3-4265-b91c-2388efcddbfd,Falling Mirrors,Crest Jay,Records,2024-09-13,EDM,217420,31,0.7479,0.9224,3,-5.18,1,0.1701,131.74,69892,SE,True,Midnight Records,2024,9,Friday,3.62,Medium,Loud,D#,Major,True,Q3,False,11.1547,0.7706,635
427de0d2-1dae-425f-904d-9758c9860662,Wicked Echoes,SethStone,Kind Demons,2025-06-08,Metal,224131,33,0.2584,0.9421,5,-2.58,0,0.0634,167.31,21700,FR,False,Columbia Records,2025,6,Sunday,3.74,Medium,Loud,F,Minor,False,Q2,True,9.9851,0.6335,1486
7217c4a4-24ce-4f30-be3c-fdc4d23675eb,Shattered Nights,Knot Hart,Crystal Bridges,2025-04-16,R&B,233980,5,0.8814,0.3782,8,-5.73,1,0.0118,121.85,1820,AU,True,Pulse Records,2025,4,Wednesday,3.9,Low,Loud,G#,Major,True,Q2,False,7.5071,0.5922,12111
66d80992-595a-4d6f-a1b9-b4ab3651bbf6,Urban Endless Bridges,IsleEyre,Paper V,2023-12-24,Jazz,133466,17,0.417,0.5118,2,-7.16,1,0.3761,129.74,2015,AU,False,Spectrum Music,2023,12,Sunday,2.22,Low,Moderate,D,Major,False,Q4,True,7.6089,0.4711,5271
1042b191-394c-4651-bf51-56e35a163526,Oceans,Atlas Brooks,Sacred II,2025-07-01,Trap,194199,43,0.6459,0.703,0,-7.47,1,0.0843,152.48,129512,GB,True,Neon Label,2025,7,Tuesday,3.24,Medium,Moderate,C,Major,True,Q3,False,11.7715,0.6717,30
5db605ab-687a-40d2-a42a-8151331f7060,Endless,Knot Hart,The Deep Tales,2021-12-27,R&B,198691,21,0.9632,0.6152,5,-8.74,1,0.0077,106.19,14766,US,False,Sony Music Entertainment,2021,12,Monday,3.31,Low,Moderate,F,Major,False,Q4,False,9.6002,0.6973,12111
a23ace09-9810-430a-a855-3b940398813b,Flying Lines,Knot Hart,Fierce V,2023-10-10,R&B,212571,27,0.6865,0.5517,4,-5.22,1,0.0675,73.41,27541,SG,False,Epic Records,2023,10,Tuesday,3.54,Medium,Loud,E,Major,False,Q4,False,10.2235,0.5144,12111
6fd332e3-5186-46c8-a55d-834467f5a6db,Wild Mountains,Rocco Ore,Fierce Bridges,2022-07-03,R&B,215980,66,0.6463,0.507,10,-9.72,1,0.0025,88.62,1118195,US,False,Island Records,2022,7,Sunday,3.6,High,Moderate,A#,Major,False,Q3,True,13.9272,0.5022,1709
7c22e9f6-db8d-4e92-8ac3-8e668dc8da86,Frozen,CrestBrooks,The Burning Archives,2020-05-12,R&B,226691,15,0.5675,0.6414,2,-10.83,1,0.0116,131.41,5213,ZA,False,Drift Music,2020,5,Tuesday,3.78,Low,Moderate,D,Major,False,Q2,False,8.5591,0.5856,10
b9cf0c8f-a294-4b9e-a166-6b425078d4ae,Fading Storm,IsleEyre,Hollow Flames,2023-08-01,Pop,192226,48,0.5844,0.724,2,-5.5,1,0.0395,138.91,49915,MY,False,Prism Audio,2023,8,Tuesday,3.2,Medium,Loud,D,Major,False,Q3,False,10.8181,0.6361,5271
df0f5cc9-5204-4dab-9f9d-e8f80ff8ce61,Dark Heavy Rivers,Horizon,Records,2023-12-06,Jazz,249880,36,0.7597,0.2431,4,-11.1,0,0.2146,60.0,57387,AR,True,Indie Collective,2023,12,Wednesday,4.16,Medium,Moderate,E,Minor,True,Q4,False,10.9576,0.4011,385
a1490c58-aaf3-42b6-b1bb-3d780ea24107,The Rain,Blake Crow,Blinding Paradise,2021-02-19,R&B,116603,24,0.9414,0.7016,7,-9.76,0,0.0104,93.49,27716,AU,False,Drift Music,2021,2,Friday,1.94,Low,Moderate,G,Minor,False,Q1,False,10.2298,0.705,179
ec356780-e336-4415-a0f5-b033e85081e0,Floating Lines,Knot Hart,Cloudy Night,2021-11-27,Pop,182484,16,0.6929,0.7515,6,-4.3,1,0.0052,109.06,2379,US,False,Indie Collective,2021,11,Saturday,3.04,Low,Loud,F#,Major,False,Q4,True,7.7749,0.6478,12111
05a61ed1-b151-4af6-a31e-2cff9b2d397a,Hidden Shattered Paradise,Vale Drake,Doors,2024-11-13,Country,191180,68,0.7362,0.6718,2,-6.53,1,0.0005,111.63,584467,BR,False,Atlantic Records,2024,11,Wednesday,3.19,High,Moderate,D,Major,False,Q4,False,13.2785,0.637,225
30df67fa-2398-4bd6-a53e-3b48fb5c3a34,Broken Angels,Ethereal,Dimensions,2020-07-22,Pop,262118,31,0.7163,0.7697,6,-5.95,1,0.1219,108.68,9334,ID,True,Island Records,2020,7,Wednesday,4.37,Medium,Loud,F#,Major,True,Q3,False,9.1415,0.6639,3232
a4fa1fa9-ddf8-4c92-9de5-037d738a3b3d,Scars,Phoenix Cloud,The Deep Tapes,2022-03-28,Trap,201824,29,0.6219,0.5322,1,-9.14,1,0.0004,133.44,28025,US,False,RCA Records,2022,3,Monday,3.36,Medium,Moderate,C#,Major,False,Q1,False,10.2409,0.5666,471
5416342e-f2d8-4b22-95ea-6b4dbef72ba8,Silver Bridges,Phoenix Cloud,Jagged Keys,2024-05-06,Trap,255536,4,0.8038,0.636,2,-8.05,1,0.0265,119.19,1060,MX,True,Self-Released,2024,5,Monday,4.26,Low,Moderate,D,Major,True,Q2,False,6.967,0.6605,471
b9297f4a-8be1-4856-af81-719e2b626f50,Winds,ElaraRain,The Shattered Frequencies,2020-12-17,Rock,205529,13,0.3684,0.6689,10,-9.8,1,0.2719,134.08,7584,CA,False,Drift Music,2020,12,Thursday,3.43,Low,Moderate,A#,Major,False,Q4,False,8.9339,0.5207,1111
f9acd673-f969-4fe0-b43b-3b9943a0e096,Jumping Islands,Knot Hart,Endless I,2022-08-23,R&B,174588,26,0.8517,0.4726,7,-10.11,1,0.0354,103.6,10208,DE,False,Self-Released,2022,8,Tuesday,2.91,Medium,Moderate,G,Major,False,Q3,False,9.231,0.592,12111
d3afc170-817f-49f3-9f1c-a74c19e688a9,Walking Doors,The Harts,Hidden Lights,2021-11-15,R&B,241090,29,0.5484,0.4359,3,-6.45,0,0.0132,99.45,11991,US,False,Republic Records,2021,11,Monday,4.02,Medium,Moderate,D#,Minor,False,Q4,False,9.392,0.4501,70
5a805d92-e564-432e-b768-b1252362797a,Fierce Edges,IsleEyre,Fading,2024-06-15,Pop,125161,43,0.6218,0.6622,8,-9.68,1,0.0211,109.38,49523,GB,False,Wavelength Records,2024,6,Saturday,2.09,Medium,Moderate,G#,Major,False,Q2,True,10.8102,0.5841,5271
f3b376ed-6665-4b88-9b59-ce5577de6c71,Frozen Voices,Knot Hart,Verses,2021-09-04,R&B,279024,24,0.6341,0.7171,2,-5.83,1,0.0535,114.89,45661,AU,False,Bedroom Records,2021,9,Saturday,4.65,Low,Loud,D,Major,False,Q3,True,10.729,0.6189,12111
900ee58e-c704-4246-a782-795ba3468fc9,Electric Gentle Oceans,Knot Hart,Shadows,2025-06-11,R&B,103971,15,0.746,0.7371,9,-9.34,1,0.0309,116.58,2343,US,False,Neon Label,2025,6,Wednesday,1.73,Low,Moderate,A,Major,False,Q2,False,7.7596,0.6741,12111
15add956-afc8-4195-a35d-9bfa96b19c39,Crystal Lost Memories,The Dawns,Liquid III,2023-01-05,Pop,210431,16,0.6245,0.6568,5,-6.96,1,0.0015,137.33,41274,NL,False,RCA Records,2023,1,Thursday,3.51,Low,Moderate,F,Major,False,Q1,False,10.628,0.623,750
d5b9c094-d655-44af-8133-8393c7411da2,Rivers,Aria Rose,Records,2024-09-03,Hip-Hop,115995,38,0.7804,0.5785,9,-10.06,1,0.0266,140.93,18002,US,True,Stardust Label,2024,9,Tuesday,1.93,Medium,Moderate,A,Major,True,Q3,False,9.7983,0.6592,346
56cd51ee-9a73-4f8c-9991-22c69aed56e1,Jumping Fire,Knot Hart,Sacred Heart,2021-10-13,EDM,123579,38,0.4765,0.7398,1,-3.82,1,0.2161,140.43,18636,FR,True,Wavelength Records,2021,10,Wednesday,2.06,Medium,Loud,C#,Major,True,Q4,False,9.8329,0.6014,12111
0648ddf5-d0fc-4a4d-83c7-d149041b6f68,Circles,SethStone,Eternal Rivers,2025-02-12,Metal,247098,29,0.3346,1.0,0,-5.02,0,0.103,163.44,3542,IT,False,Stardust Label,2025,2,Wednesday,4.12,Medium,Loud,C,Minor,False,Q1,False,8.1727,0.6816,1486
ecf80d84-5ed0-45b8-b186-f1ba14b5e005,Golden Mirrors,Knot Hart,Urban Roads,2021-12-28,R&B,182466,7,0.6132,0.5224,7,-6.02,1,0.0957,119.93,2380,MX,True,Island Records,2021,12,Tuesday,3.04,Low,Moderate,G,Major,True,Q4,False,7.7753,0.5399,12111
9971878f-bfc9-43a8-925b-4edb3874f4f6,Leaving Dreams,Hawk Theory,Wicked Memories,2022-07-11,Reggaeton,166549,30,0.7928,0.6802,10,-6.34,1,0.025,97.22,11987,KR,False,RCA Records,2022,7,Monday,2.78,Medium,Moderate,A#,Major,False,Q3,False,9.3917,0.6424,492
2fc578ac-543e-48d8-9c31-3fa984969b02,Islands,Knot Hart,Mystic,2023-02-01,R&B,208684,31,0.5328,0.4119,6,-10.48,0,0.044,114.74,32328,PH,False,Atlantic Records,2023,2,Wednesday,3.48,Medium,Moderate,F#,Minor,False,Q1,False,10.3837,0.4561,12111
2f107977-eade-4d06-812c-aebc8fa983f5,Breaking Islands,Nirvana,Burning Oceans,2021-02-23,R&B,167775,20,0.758,0.6607,0,-6.35,1,0.1309,102.81,9497,ES,False,Spectrum Music,2021,2,Tuesday,2.8,Low,Moderate,C,Major,False,Q1,False,9.1588,0.6286,328
7c7cb04c-e785-436c-ac5c-24db2dc3b9f4,Fading Doors,Ethereal,The Blinding Frequencies,2023-02-08,Latin,227971,14,0.6986,0.622,4,-9.66,0,0.0246,102.2,2542,TH,False,Echo Studios,2023,2,Wednesday,3.8,Low,Moderate,E,Minor,False,Q1,False,7.8411,0.5885,3232
d0dbfa29-6d79-4b61-959c-cc1d906259b5,Jumping Soul,Blake Silver,The Glass Archives,2020-04-14,Jazz,206358,6,0.6005,0.335,10,-9.34,1,0.1124,166.58,2084,BR,False,Catalyst Records,2020,4,Tuesday,3.44,Low,Moderate,A#,Major,False,Q2,False,7.6425,0.5265,21
0a8dcf12-3a9c-4fed-92d3-9060d13a9d0c,Nights,Knot Hart,Twisted Pages,2025-05-02,R&B,153207,18,0.7438,0.585,10,-7.3,1,0.0562,105.16,7470,BR,True,Apex Records,2025,5,Friday,2.55,Low,Moderate,A#,Major,True,Q2,False,8.9188,0.596,12111
4f7044ea-3b03-447d-a253-13576a526539,Oceans,IsleEyre,The Vivid Files,2023-10-06,Punk,255302,38,0.5504,0.7002,10,-9.15,1,0.0038,154.41,263241,MX,False,Capitol Records,2023,10,Friday,4.26,Medium,Moderate,A#,Major,False,Q4,False,12.4808,0.6351,5271
8bea24ce-b1fb-44b6-91b0-4a1ac8985a08,Sacred Streets,Knot Hart,Empty Mirrors,2021-04-27,R&B,234655,62,0.4566,0.6436,7,-5.62,1,0.0127,95.79,86448,KR,False,Capitol Records,2021,4,Tuesday,3.91,High,Loud,G,Major,False,Q2,False,11.3673,0.4912,12111
efc7bbd2-54ba-424b-8d20-578813225e30,Stars,Cascade,Glass Love,2024-08-19,K-Pop,222735,15,0.6245,0.9195,0,-4.05,0,0.0196,143.79,3268,US,False,Atlantic Records,2024,8,Monday,3.71,Low,Loud,C,Minor,False,Q3,False,8.0922,0.7373,22
08713e28-95a8-407e-8709-501316bbdddc,Thunder,Cole Nix,Letters,2025-06-20,Pop,182312,34,0.5909,0.7108,5,-5.09,1,0.1279,110.58,25951,US,False,Universal Music Group,2025,6,Friday,3.04,Medium,Loud,F,Major,False,Q2,False,10.164,0.5929,48
cd957d3c-1ca5-4855-9f48-b9d4d0d4c955,Skies,IsleEyre,The Electric Horizons,2021-10-10,Pop,161330,7,0.7096,0.535,7,-6.79,0,0.0022,101.79,710,CL,True,Midnight Records,2021,10,Sunday,2.69,Low,Moderate,G,Minor,True,Q4,True,6.5667,0.5575,5271
fb03a58c-1fad-4c32-95d0-2b15528006b6,Bitter Hidden Flames,RiverFlame,Distant Memories,2024-03-08,Latin,151404,48,0.6047,0.8184,0,-8.13,0,0.051,118.25,369428,CO,False,Universal Music Group,2024,3,Friday,2.52,Medium,Moderate,C,Minor,False,Q1,False,12.8197,0.6525,422
45024225-3730-435d-ab08-e46146c0dcb1,Stars,Rhys Knight,Heavy,2024-04-20,Pop,261363,59,0.7539,0.7365,8,-5.74,1,0.0007,102.82,409454,US,False,Capitol Records,2024,4,Saturday,4.36,High,Loud,G#,Major,False,Q2,True,12.9226,0.6573,100
2571e39e-d31a-44f2-99f0-c3fc8f518f01,Fire,ValeGlass,Crystal Mountains,2024-11-11,Pop,177240,10,0.8384,0.6618,10,-8.19,0,0.0379,122.88,1457,MX,False,Spectrum Music,2024,11,Monday,2.95,Low,Moderate,A#,Minor,False,Q4,False,7.2848,0.6899,981
bba5193a-3cb5-4ec7-8a3f-509d7f55459b,Shattered Edges,ElaraRain,Fading Harbors,2020-03-30,Hip-Hop,197941,15,0.7379,0.7759,9,-2.11,1,0.0031,103.15,14734,US,False,Atlantic Records,2020,3,Monday,3.3,Low,Loud,A,Major,False,Q1,False,9.598,0.6672,1111
83550e3d-17a4-4a45-8268-a9c5b411fbfb,Fierce Islands,IsleEyre,Doors,2020-03-21,Pop,203057,16,0.4425,0.6055,0,-7.26,0,0.0232,89.53,5068,DE,False,Apex Records,2020,3,Saturday,3.38,Low,Moderate,C,Minor,False,Q1,True,8.5309,0.4614,5271
a926cee3-896e-43a1-8f2b-b7d5e8096703,The Shadows,Knot Hart,Mystic,2021-02-17,R&B,267074,42,0.6159,0.4078,10,-13.2,1,0.0112,92.97,113714,JP,False,Self-Released,2021,2,Wednesday,4.45,Medium,Quiet,A#,Major,False,Q1,False,11.6415,0.4566,12111
50f5d012-731a-4a66-9a54-dfcd4f213e91,Burning Bones,KiraFox,Circles,2021-04-11,Metal,213265,51,0.3298,0.8965,1,-4.5,1,0.1434,115.77,119012,JP,False,Stardust Label,2021,4,Sunday,3.55,High,Loud,C#,Major,False,Q2,True,11.687,0.5702,37
8637c263-d918-47ce-9e36-ca216a943037,Urban Harbors,Wren York,The Broken Journeys,2025-07-26,Alternative,225558,23,0.5703,0.8602,3,-3.33,0,0.1097,133.26,9208,IN,True,Independent,2025,7,Saturday,3.76,Low,Loud,D#,Minor,True,Q3,True,9.1279,0.6769,30
b6d8fbf5-503a-4c1b-8de3-56b75807de1f,The Rain,Phoenix Cloud,Records,2021-02-18,Trap,192877,28,0.6045,0.7642,4,-5.71,1,0.0314,139.86,13259,IN,False,Horizon Records,2021,2,Thursday,3.21,Medium,Loud,E,Major,False,Q1,False,9.4925,0.6616,471
cef8c025-e3a4-4f89-9dba-bacba560c9d6,Storm,IsleEyre,Silver I,2021-04-19,Hip-Hop,164589,14,0.6901,0.7494,1,-5.0,0,0.0015,116.8,1930,PL,True,Neon Label,2021,4,Monday,2.74,Low,Loud,C#,Minor,True,Q2,False,7.5658,0.6569,5271
18f4a5c6-8313-4658-a92a-d07a9c66869f,The Gardens,Ethereal,Letters,2023-11-04,Pop,194518,11,0.7517,0.6442,2,-9.33,1,0.0092,121.33,6396,DE,False,Island Records,2023,11,Saturday,3.24,Low,Moderate,D,Major,False,Q4,True,8.7636,0.646,3232
9a815e9a-cc99-412d-a3ed-6863ca086861,Wild Young Mirrors,Isle Jay,Reflections,2020-08-28,Latin,233864,51,0.8434,0.7022,2,-7.19,1,0.032,91.09,349782,NG,False,Echo Studios,2020,8,Friday,3.9,High,Moderate,D,Major,False,Q3,False,12.7651,0.6627,241
5d1ccfb6-b243-4e48-ac7a-ed8a917dd023,Cloudy Whispers,KiraFox,Empty Winds,2021-06-19,Metal,174249,41,0.4106,1.0,7,-4.65,0,0.0094,131.16,70574,US,False,Sony Music Entertainment,2021,6,Saturday,2.9,Medium,Loud,G,Minor,False,Q2,True,11.1644,0.6659,37
bc150668-0459-4dbe-8b9c-185d7056b0ee,Deep Mountains,Drift Ridge,Distant Harbors,2022-07-06,Hip-Hop,130207,61,0.8132,0.7186,10,-5.76,0,0.0073,123.03,282640,FR,False,Capitol Records,2022,7,Wednesday,2.17,High,Loud,A#,Minor,False,Q3,False,12.5519,0.7028,41
8b9904df-0dd2-4418-a8fe-a18673fc2105,Open Rivers,Lola North,Volume,2024-04-25,Indie,151174,18,0.5795,0.7488,2,-7.23,0,0.1134,145.14,12928,CA,False,Self-Released,2024,4,Thursday,2.52,Low,Moderate,D,Minor,False,Q2,False,9.4672,0.6529,155
a82f116b-2dfc-4a6d-9303-f2107f7a7c72,The Waves,Hawk Theory,The Urban Portraits,2023-08-06,Pop,263802,27,0.6686,0.6441,3,-7.34,1,0.0081,111.53,14529,GB,False,Apex Records,2023,8,Sunday,4.4,Medium,Moderate,D#,Major,False,Q3,True,9.584,0.5987,492
fc64cc5b-f1f4-4aec-aa70-81f6a0bd2c7d,Twisted Dreams,Knot Hart,Reflections,2025-08-03,R&B,179070,9,0.5281,0.4062,7,-9.72,1,0.0184,88.94,3034,NZ,False,Independent,2025,8,Sunday,2.98,Low,Moderate,G,Major,False,Q3,True,8.018,0.4151,12111
7a5eb3d3-689d-40d3-99e4-6b7360f04b52,The Echoes,Knot Hart,Notes,2025-09-13,Latin,224219,42,0.6062,0.7768,8,-5.04,1,0.0512,127.09,285778,ES,False,Island Records,2025,9,Saturday,3.74,Medium,Loud,G#,Major,False,Q3,True,12.563,0.649,12111
ef2c9ec5-4fa9-4c1a-b6cb-906ecd1f32b9,The Angels,Axel Dune,Nights,2025-04-21,Hip-Hop,132680,29,0.7869,0.7483,11,-9.55,0,0.0006,107.19,43778,IT,True,Drift Music,2025,4,Monday,2.21,Medium,Moderate,B,Minor,True,Q2,False,10.6869,0.6815,41
7b55e354-6399-4696-8405-c2ad4e88a50a,Silent Scars,Clay Black,Sacred Lines,2020-07-06,Pop,276436,4,0.7163,0.894,2,-3.08,1,0.0118,116.13,1571,ID,False,Midnight Records,2020,7,Monday,4.61,Low,Loud,D,Major,False,Q3,False,7.3601,0.7243,693
56a7619a-2814-422c-be9a-795bf4e9fd6c,Silver,Knot Hart,Midnight V,2024-08-24,R&B,209856,21,0.6518,0.514,0,-9.63,0,0.0044,110.64,3205,ID,False,Stardust Label,2024,8,Saturday,3.5,Low,Moderate,C,Minor,False,Q3,True,8.0728,0.5387,12111
bbdd6033-1591-4fbe-9590-10170519e64b,Lost Neon Mirrors,Knot Hart,Invisible,2024-11-07,R&B,257193,13,0.5468,0.397,9,-9.16,1,0.0311,135.99,5417,FR,False,Pulse Records,2024,11,Thursday,4.29,Low,Moderate,A,Major,False,Q4,False,8.5975,0.4861,12111
55261890-152e-4a66-8df2-81e2024b061a,Roses,RiverFlame,Diaries,2024-04-24,EDM,188856,3,0.703,0.6675,6,-5.68,0,0.0085,139.05,1177,NG,False,Atlantic Records,2024,4,Wednesday,3.15,Low,Loud,F#,Minor,False,Q2,False,7.0716,0.6611,422
c5746a93-c79e-4ad6-ba70-3b45dc0ebe49,Skies,Knot Hart,Hollow Edges,2025-09-29,R&B,278351,32,0.8717,0.6453,4,-7.92,0,0.0338,111.95,20410,CA,False,Spectrum Music,2025,9,Monday,4.64,Medium,Moderate,E,Minor,False,Q3,False,9.9238,0.681,12111
f6ad0e58-89f8-4489-9094-aa911e26a05f,Pulling Roses,Knot Hart,Horizons,2023-11-15,R&B,208451,9,0.8768,0.8082,10,-6.76,1,0.0264,107.09,1871,IT,False,Pulse Records,2023,11,Wednesday,3.47,Low,Moderate,A#,Major,False,Q4,False,7.5348,0.7413,12111
9403211d-02cd-47cd-b835-0b7ecc7f130a,Endless Heart,ValeGlass,Scars,2024-09-05,Pop,189318,21,0.6504,0.7812,10,-2.35,0,0.0132,121.86,3683,PH,False,Midnight Records,2024,9,Thursday,3.16,Low,Loud,A#,Minor,False,Q3,False,8.2118,0.661,981
d4ae83fc-eea1-4716-9a9a-c98a8f4b9a43,Jagged Voices,Nirvana,Liquid Shadows,2021-10-21,R&B,142815,53,0.6476,0.336,4,-12.11,0,0.0399,119.59,120032,US,True,Midnight Records,2021,10,Thursday,2.38,High,Quiet,E,Minor,True,Q4,False,11.6955,0.4786,328
0f569370-6b6e-495e-ad11-74086069a08a,The Angels,BlazeCore,Shadows,2022-07-07,Country,165109,32,0.4807,0.5736,11,-10.16,1,0.0218,131.77,36297,MX,False,Midnight Records,2022,7,Thursday,2.75,Medium,Moderate,B,Major,False,Q3,False,10.4995,0.5242,460
7e988b8e-9919-4401-a86c-93c2e8b40f8e,Cloudy Eternal Pages,Knot Hart,Fierce,2023-07-04,Rock,213939,22,0.7279,0.838,8,-3.8,1,0.0782,145.59,5983,CO,True,Republic Records,2023,7,Tuesday,3.57,Low,Loud,G#,Major,True,Q3,False,8.6968,0.7486,12111
1b1e8d8a-2728-4d97-b6ed-70cfcc48e6ff,Wings,Indie Lake,Crimson Stars,2022-03-03,Hip-Hop,104131,18,0.7355,0.5263,4,-7.4,1,0.004,153.94,10623,NZ,True,Pulse Records,2022,3,Thursday,1.74,Low,Moderate,E,Major,True,Q1,False,9.2709,0.6389,247
0c87fe70-2b51-47c1-9792-a226421f8657,Chains,Knot Hart,Bitter Edges,2022-11-10,R&B,126616,66,0.5501,0.6111,0,-11.38,1,0.2026,116.32,902230,IT,True,Warner Music Group,2022,11,Thursday,2.11,High,Moderate,C,Major,True,Q4,False,13.7126,0.5449,12111
3f28162f-bae5-4836-8204-5d7bb55cda8c,Crawling Voices,IsleEyre,Love,2024-01-06,Hip-Hop,186831,26,0.7288,0.6124,1,-6.83,0,0.0519,112.65,17581,BR,True,Pulse Records,2024,1,Saturday,3.11,Medium,Moderate,C#,Minor,True,Q1,True,9.7746,0.6117,5271
51e662f7-ca85-4bea-8822-8561220ea064,Floating Worlds,The Flints,Dimensions,2022-05-23,K-Pop,241738,44,0.9739,0.8547,10,-5.95,1,0.0346,155.27,43831,MX,True,Catalyst Records,2022,5,Monday,4.03,Medium,Loud,A#,Major,True,Q2,False,10.6881,0.8675,181
f0c963b9-3bf4-428e-aa16-19839e95aa6d,Roses,Hawk Theory,The Shattered Files,2023-11-18,Pop,189426,11,0.6773,0.4842,7,-10.67,1,0.0152,110.17,3794,KR,False,Drift Music,2023,11,Saturday,3.16,Low,Moderate,G,Major,False,Q4,True,8.2414,0.5363,492
17678c66-c3a4-4995-b1b8-e568a80f0fb9,Breathing Night,The Drakes,Kind V,2025-10-18,K-Pop,271206,9,0.958,0.8027,5,-7.03,1,0.0295,125.64,9986,FR,False,Prism Audio,2025,10,Saturday,4.52,Low,Moderate,F,Major,False,Q4,True,9.209,0.7981,62
86061503-83bf-4795-9830-e830b868d801,The Nights,BlazeCore,Dimensions,2020-09-25,Country,257958,20,0.6874,0.6254,3,-8.92,0,0.0066,120.64,6411,CL,False,Midnight Records,2020,9,Friday,4.3,Low,Moderate,D#,Minor,False,Q3,False,8.7659,0.6117,460
e940787d-5a29-4d9a-9bb9-bcabd68aebd9,Jumping Echoes,Frost Nova,Heavy IV,2021-09-21,Pop,180345,25,0.7811,0.5364,0,-9.32,1,0.024,119.03,17799,BR,True,Warner Music Group,2021,9,Tuesday,3.01,Medium,Moderate,C,Major,True,Q3,False,9.787,0.6113,862
0e33c045-b74e-46d4-a548-f0bc8ca5b4bc,Leaving Lights,Knot Hart,Revolutions,2024-07-14,R&B,195339,33,0.6503,0.7208,6,-4.44,1,0.0263,144.77,15029,MX,True,Universal Music Group,2024,7,Sunday,3.26,Medium,Loud,F#,Major,True,Q3,True,9.6178,0.6695,12111
26e6401c-765d-4708-ad1c-69d4a47a6bfc,Breaking Pages,Ethereal,Fleeting IV,2020-10-24,Pop,255389,60,0.6522,0.5592,5,-10.51,0,0.0292,116.31,356575,US,False,Capitol Records,2020,10,Saturday,4.26,High,Moderate,F,Minor,False,Q4,True,12.7843,0.565,3232
9966391b-259c-4bb7-83d4-c8474f6e80b8,Moving Eyes,IsleEyre,Hidden Gardens,2021-10-02,Pop,190843,40,0.6314,0.6495,8,-5.63,1,0.01,120.4,31741,CO,False,Wavelength Records,2021,10,Saturday,3.18,Medium,Loud,G#,Major,False,Q4,True,10.3654,0.5986,5271
609428cd-9be0-4c70-98ea-0135ac4a0f9e,Hollow Nights,IsleEyre,Deep,2020-02-15,Pop,333562,29,0.9397,0.5799,8,-6.28,0,0.0304,138.39,6563,US,True,Catalyst Records,2020,2,Saturday,5.56,Medium,Moderate,G#,Minor,True,Q1,True,8.7894,0.7198,5271
1e15bea2-887b-412a-9721-68fa55755ef5,The Soul,KnotJade,Deep Bridges,2024-08-17,R&B,295599,51,0.7732,0.6488,10,-10.97,0,0.02,103.44,430349,US,True,Drift Music,2024,8,Saturday,4.93,High,Moderate,A#,Minor,True,Q3,True,12.9724,0.6309,9
fd9f4a0e-7dd0-4f98-ad5e-9de23a8881a9,Vivid Rivers,Ethereal,Distant II,2025-03-04,Reggaeton,281119,37,0.8611,0.5688,10,-8.79,1,0.0023,102.56,87376,BR,True,Republic Records,2025,3,Tuesday,4.69,Medium,Moderate,A#,Major,True,Q1,False,11.378,0.6328,3232
8b129f88-1845-4683-89ed-ca0fa38c43c2,Edges,Clay Rose,Wicked,2022-08-18,Alternative,137436,46,0.3348,0.534,1,-9.67,1,0.0593,95.92,8312,US,True,Bedroom Records,2022,8,Thursday,2.29,Medium,Moderate,C#,Major,True,Q3,False,9.0256,0.3988,26
9bb1a4fa-5f4f-4d6a-b5d5-827973b8f758,Cloudy Invisible Demons,Luna Ink,Diaries,2024-02-01,Hip-Hop,152077,61,1.0,1.0,5,-0.92,0,0.009,114.22,1407571,US,False,Republic Records,2024,2,Thursday,2.53,High,Loud,F,Minor,False,Q1,False,14.1574,0.8775,577
09cd4b63-22db-4afe-908f-e586f0415894,Cloudy Doors,Prism Club,Silver Stars,2023-09-20,Folk,248478,51,0.5323,0.3632,7,-11.18,1,0.0709,114.1,182348,MX,False,Pulse Records,2023,9,Wednesday,4.14,High,Moderate,G,Major,False,Q3,False,12.1137,0.4355,105
511e4542-4b44-40b7-82a9-4c7b1863565d,The Circles,SethStone,The Vivid Stories,2020-11-09,Hip-Hop,241453,33,0.9428,0.8085,11,-9.27,1,0.0043,128.2,22158,US,False,Universal Music Group,2020,11,Monday,4.02,Medium,Moderate,B,Major,False,Q4,False,10.006,0.7979,1486
4ad857e2-9436-48c1-8d74-480182eaf868,Spinning Ghosts,Frost Nova,Shattered,2025-04-17,EDM,240288,17,1.0,0.968,10,-4.89,0,0.112,122.45,17528,MX,True,Prism Audio,2025,4,Thursday,4.0,Low,Loud,A#,Minor,True,Q2,False,9.7716,0.8764,862
4940a22c-ecc2-46c7-88d8-a42d3df0447c,Broken,SethStone,Paper Echoes,2021-11-10,Metal,189834,28,0.3111,0.9501,8,-3.85,1,0.0273,140.67,20925,US,False,Neon Label,2021,11,Wednesday,3.16,Medium,Loud,G#,Major,False,Q4,False,9.9487,0.6197,1486
eb4a3214-db53-4d08-85c2-f4292ab58e37,Tears,Knot Hart,Chapters,2024-02-22,R&B,152767,31,0.7292,0.5467,3,-8.31,1,0.0099,90.61,12112,GB,False,Island Records,2024,2,Thursday,2.55,Medium,Moderate,D#,Major,False,Q1,False,9.402,0.5541,12111
7e062852-1db0-4bab-b040-2d862d828212,Spinning Gardens,Isle Jay,The Vivid Dimensions,2025-11-05,Hip-Hop,240980,37,0.7795,0.5821,10,-6.66,0,0.0198,154.09,275514,ID,False,Pulse Records,2025,11,Wednesday,4.02,Medium,Moderate,A#,Minor,False,Q4,False,12.5264,0.6791,241
af954631-9a93-4b55-a386-19e844d9fc8e,Soul,IsleEyre,Reflections,2022-10-27,Pop,248421,33,0.5544,0.482,6,-8.75,0,0.0125,95.56,11579,GB,False,Stardust Label,2022,10,Thursday,4.14,Medium,Moderate,F#,Minor,False,Q4,False,9.357,0.4654,5271
dbe272c5-a996-4098-965e-b5f78d7e786e,Lines,Knot Hart,Frequencies,2021-07-23,R&B,241035,26,0.6042,0.3683,7,-11.13,1,0.1106,97.45,16389,US,False,Echo Studios,2021,7,Friday,4.02,Medium,Moderate,G,Major,False,Q3,False,9.7044,0.4425,12111
10e3a74e-bd87-4b9f-b6df-d3bfc011f144,Heavy Fire,Hawk Theory,Lost Bridges,2023-09-14,Pop,214956,37,0.5444,0.8903,11,-7.37,1,0.033,127.75,79488,ES,False,Echo Studios,2023,9,Thursday,3.58,Medium,Moderate,B,Major,False,Q3,False,11.2834,0.6707,492
4fd9292f-5f9e-438d-bc38-63e39d8d2483,Spinning Doors,Knot Hart,Bitter I,2021-07-05,R&B,256071,16,0.8559,0.5849,10,-4.82,1,0.017,81.93,9390,PL,True,Interscope Records,2021,7,Monday,4.27,Low,Loud,A#,Major,True,Q3,False,9.1475,0.6076,12111
4dda72bb-d446-4e03-baaf-aa98342fa1ac,Heavy Doors,Rhys Rivers,Vivid Roads,2023-03-07,Indie,258169,31,0.5532,0.3288,1,-11.57,1,0.083,137.22,12874,JP,False,Bedroom Records,2023,3,Tuesday,4.3,Medium,Moderate,C#,Major,False,Q1,False,9.463,0.4631,19
bb546a27-df77-425d-beb2-ab7ddbe0f6b6,Golden Soul,The Youngs,Crystal,2025-09-23,Latin,221530,11,0.7951,0.8475,4,-3.83,1,0.021,162.8,1350,ES,False,Indie Collective,2025,9,Tuesday,3.69,Low,Loud,E,Major,False,Q3,False,7.2086,0.8039,18
185a7076-6b9f-48eb-8c63-9c17c8f583f6,Open Harbors,Echo Protocol,Wicked Voices,2021-09-04,Hip-Hop,277238,26,0.8542,0.7377,9,-7.31,1,0.0999,112.83,8633,IN,False,Self-Released,2021,9,Saturday,4.62,Medium,Moderate,A,Major,False,Q3,True,9.0635,0.7122,40
af874682-1157-4a82-b858-fc3ca1d0c9a1,Open Roads,Ethereal,The Vivid Wavelengths,2024-11-02,Alternative,225387,31,0.5435,0.615,8,-9.43,1,0.0159,118.98,14217,TR,False,Self-Released,2024,11,Saturday,3.76,Medium,Moderate,G#,Major,False,Q4,True,9.5623,0.5477,3232
4cd6d125-7d68-4a56-b551-916cf821694e,Shattered Chains,Knot Hart,Midnight Lines,2024-10-08,R&B,199733,34,0.7351,0.4889,2,-12.33,1,0.0089,109.91,5784,CL,False,Warner Music Group,2024,10,Tuesday,3.33,Medium,Quiet,D,Major,False,Q4,False,8.663,0.5609,12111
fbccae74-e5e0-49f5-8cf6-ecdb7a3a2a26,Shadows,Opal Pine,Cloudy Circles,2020-01-30,Reggaeton,168742,24,0.905,0.721,9,-9.35,1,0.0032,102.29,16081,FR,False,Island Records,2020,1,Thursday,2.81,Low,Moderate,A,Major,False,Q1,False,9.6855,0.7108,18
a051bb8b-c420-4802-941e-f1de06980f57,Flying Ghosts,Sterling Zen,Wild,2024-09-30,Folk,204090,1,0.4632,0.2607,9,-11.21,1,0.0063,79.18,1561,GB,False,Echo Studios,2024,9,Monday,3.4,Low,Moderate,A,Major,False,Q3,False,7.3537,0.317,2268
03c35ac0-51d9-4438-98fd-e137daf61b2e,The Night,Cliff Flame,Quiet Scars,2023-06-10,Metal,189733,12,0.3439,0.9437,9,-6.88,1,0.0791,138.01,698,IT,False,Bedroom Records,2023,6,Saturday,3.16,Low,Moderate,A,Major,False,Q2,True,6.5497,0.6265,14
7fd198dd-e084-4fb5-b92b-48ec5a066794,Lights,Sterling Jet,Eternal Waves,2020-08-01,Soul,113512,9,0.7266,0.5021,2,-10.18,1,0.0018,114.9,2759,KR,False,RCA Records,2020,8,Saturday,1.89,Low,Moderate,D,Major,False,Q3,True,7.923,0.5699,10
7822a233-dedf-4618-b943-c530fed9d815,Soul,Celestia,Journeys,2024-04-23,Latin,185926,9,0.6767,0.8549,6,-7.72,1,0.0379,112.3,1243,FR,False,Self-Released,2024,4,Tuesday,3.1,Low,Moderate,F#,Major,False,Q2,False,7.1261,0.6874,55
34a26c8a-51d3-470f-baaf-d79614145815,Dark Waves,IsleEyre,Kind IV,2020-05-17,Pop,175298,4,0.6538,0.5557,9,-6.15,1,0.061,129.28,996,IT,False,Self-Released,2020,5,Sunday,2.92,Low,Moderate,A,Major,False,Q2,True,6.9048,0.5828,5271
01f3cb95-f0a6-4887-9481-344f80a40e7d,Twisted Vivid Bones,Ethereal,The Silver Archives,2024-06-06,Pop,132977,22,0.6485,0.8607,6,-1.0,1,0.0236,103.5,22368,FR,False,Indie Collective,2024,6,Thursday,2.22,Low,Loud,F#,Major,False,Q2,False,10.0154,0.6658,3232
928a5aee-8ea7-4cd9-af60-b0ba72defcef,Hiding Lights,Haze Project,Islands,2022-03-07,Alternative,143130,48,0.5306,0.6213,7,-9.23,0,0.2938,135.02,169898,AU,False,Self-Released,2022,3,Monday,2.39,Medium,Moderate,G,Minor,False,Q1,False,12.043,0.5679,71
ab55c127-872d-4002-9d25-783e7bdc5bd7,Cosmic Roads,IsleEyre,The Mystic Revolutions,2022-11-21,Classical,208602,16,0.349,0.5624,8,-9.18,0,0.5984,146.87,3459,AU,False,Catalyst Records,2022,11,Monday,3.48,Low,Moderate,G#,Minor,False,Q4,False,8.149,0.4887,5271
cf74854c-c89d-40ef-9eae-af4dd7bbc0d6,Blinding Chains,Knot Hart,Raw V,2022-11-22,R&B,143449,32,0.8176,0.4455,1,-11.54,1,0.065,113.43,7884,SE,True,Nova Records,2022,11,Tuesday,2.39,Medium,Moderate,C#,Major,True,Q4,False,8.9727,0.5816,12111
4faa70ad-efac-4932-9c65-522a28d0374a,Blinding Bones,ValeGlass,Urban Demons,2022-12-14,Pop,176344,15,0.8009,0.5263,3,-10.05,1,0.0152,117.71,5248,DE,False,Nova Records,2022,12,Wednesday,2.94,Low,Moderate,D#,Major,False,Q4,False,8.5658,0.6133,981
232a3e7f-bf21-4e14-a346-44693c9c8146,The Edges,Jasper Glass,The Kind Sessions,2022-02-17,Alternative,169204,5,0.2918,0.4799,7,-9.22,0,0.0027,114.53,1404,GB,True,Horizon Records,2022,2,Thursday,2.82,Low,Moderate,G,Minor,True,Q1,False,7.2478,0.3866,26
dd10470f-5e8b-4f81-99ff-8d2e833b4214,Whispers,The Wests,The Urban Tapes,2020-11-17,R&B,225796,29,0.631,0.452,10,-11.98,0,0.0497,104.03,27361,FR,True,Universal Music Group,2020,11,Tuesday,3.76,Medium,Moderate,A#,Minor,True,Q4,False,10.2169,0.4961,293
28e4acd0-7448-4e47-87b5-47259f0e9e1a,Glowing Bones,Frost Nova,The Empty Letters,2025-09-24,Latin,162402,27,0.8279,0.7041,4,-6.92,1,0.1002,96.53,9082,CO,True,Cipher Music,2025,9,Wednesday,2.71,Medium,Moderate,E,Major,True,Q3,False,9.1142,0.665,862
758b7fb7-e306-4192-ab16-9c84b187f44d,Vivid Shadows,Knot Hart,The Young Tapes,2021-05-08,R&B,173753,31,0.6011,0.2665,11,-9.38,1,0.0815,136.18,6194,BR,True,Prism Audio,2021,5,Saturday,2.9,Medium,Moderate,B,Major,True,Q2,True,8.7315,0.4559,12111
a4b49f0f-21bb-44af-acfc-0cc129a092de,Thunder,Crest Jay,The Jagged Records,2022-12-12,EDM,284995,40,0.9512,0.9925,3,-0.39,1,0.1443,117.54,66911,TH,False,Columbia Records,2022,12,Monday,4.75,Medium,Loud,D#,Major,False,Q4,False,11.1111,0.8597,635
941a56f1-8908-471a-9e90-3d145ab162e0,The Worlds,NashRose,The Fleeting Stories,2024-06-28,R&B,266942,16,0.5903,0.4945,4,-10.37,1,0.0238,123.02,7791,AU,False,Drift Music,2024,6,Friday,4.45,Low,Moderate,E,Major,False,Q2,False,8.9609,0.5239,13
144abc24-e7de-434a-971b-fa9d28ca92a1,The Memories,Knot Hart,Urban Heart,2021-09-04,R&B,223182,13,0.6834,0.3318,7,-7.47,0,0.0307,98.66,15270,US,False,Cipher Music,2021,9,Saturday,3.72,Low,Moderate,G,Minor,False,Q3,True,9.6337,0.4613,12111
cd0709d2-9108-4f0f-b79e-9456c3249536,Eternal Worlds,SethStone,Streets,2021-10-31,Metal,258089,18,0.2661,0.9644,0,0.0,1,0.5278,137.22,5052,GB,False,Bedroom Records,2021,10,Sunday,4.3,Low,Loud,C,Major,False,Q4,True,8.5277,0.6025,1486
581847f6-91c0-4a4c-99e8-b22eb3f1b1ef,Moving Voices,Cole Nix,Kind Angels,2024-08-13,Pop,177154,38,0.705,0.6302,1,-5.08,1,0.0141,128.93,34895,ES,False,Echo Studios,2024,8,Tuesday,2.95,Medium,Loud,C#,Major,False,Q3,False,10.4601,0.6326,48
8695cf45-f9bf-4e24-b84e-589f20a5f21f,Dark Floors,Lena Theory,Notes,2025-09-21,Hip-Hop,229699,28,0.939,0.7904,7,-6.11,0,0.0078,146.86,20407,IN,True,Prism Audio,2025,9,Sunday,3.83,Medium,Moderate,G,Minor,True,Q3,True,9.9237,0.8158,168
5c13ea32-4308-48cd-a5f1-46a09763315d,Silver Doors,The Wests,Voices,2024-07-15,R&B,219946,49,0.7712,0.5571,1,-8.94,1,0.0005,108.61,393495,MX,False,Horizon Records,2024,7,Monday,3.67,Medium,Moderate,C#,Major,False,Q3,False,12.8828,0.6008,293
24c4ae8a-7da3-4c6a-bac0-4b80c95d05b9,Crimson,Dean Reed,Shattered,2024-01-27,Jazz,172876,37,0.3461,0.5164,11,-9.21,1,0.1194,139.74,56015,MY,False,Columbia Records,2024,1,Saturday,2.88,Medium,Moderate,B,Major,False,Q1,True,10.9334,0.4589,277
8ade39fd-56a4-4709-bda8-abc1703e9604,Heart,Ethereal,Gentle Winds,2020-11-23,Pop,235227,56,0.7914,0.7342,3,-4.54,1,0.057,114.41,244180,US,True,Cipher Music,2020,11,Monday,3.92,High,Loud,D#,Major,True,Q4,False,12.4057,0.688,3232
ae906cc5-a24f-4f62-a75a-bfbab72a1c59,Liquid Bitter Stars,IsleEyre,Dark Fire,2020-12-06,Pop,268238,29,0.655,0.7914,1,-7.58,1,0.0086,118.19,17302,US,False,Catalyst Records,2020,12,Sunday,4.47,Medium,Moderate,C#,Major,False,Q4,True,9.7586,0.6617,5271
211854f9-46db-4dd7-a26e-eb3f70b4b2c6,Edges,The Veils,Gentle,2024-01-01,Metal,129953,8,0.1652,0.8181,5,-4.11,0,0.0187,152.39,7534,IN,False,Horizon Records,2024,1,Monday,2.17,Low,Loud,F,Minor,False,Q1,False,8.9273,0.5253,86
876a9943-d568-45d3-b60f-6d414e407e50,Ancient Ghosts,Infiniti,The Endless Files,2024-11-16,Hip-Hop,195589,25,0.7783,0.7396,8,-7.79,1,0.0066,114.86,10699,CA,False,Wavelength Records,2024,11,Saturday,3.26,Medium,Moderate,G#,Major,False,Q4,True,9.278,0.6855,96
bfc1f403-b2b4-4776-98c7-c2c06399caee,The Angels,Dusk Bay,Dreams,2025-11-13,EDM,248941,24,0.5401,0.9488,2,-3.09,1,0.0244,128.24,36377,IN,True,Wavelength Records,2025,11,Thursday,4.15,Low,Loud,D,Major,True,Q4,False,10.5017,0.693,41
8edc1b48-f9f7-493f-b0c4-4d15e414d696,Fleeting Crystal Paradise,ZuriScar,Bitter Flames,2022-02-11,Hip-Hop,218507,40,0.9099,0.7263,6,-7.84,0,0.0091,105.85,169479,DE,True,Nova Records,2022,2,Friday,3.64,Medium,Moderate,F#,Minor,True,Q1,False,12.0405,0.72,29
2ae674af-09aa-4ad9-adfa-3c8320d27236,Eternal,SethStone,Silent Floors,2023-01-18,Metal,267206,68,0.285,1.0,4,-4.44,1,0.0635,164.69,735652,CA,False,Republic Records,2023,1,Wednesday,4.45,High,Loud,E,Major,False,Q1,False,13.5085,0.6636,1486
11650a00-26ef-404d-835b-1ea4ca27a76e,Shattered Fire,SethStone,Neon Angels,2025-01-28,Metal,180149,48,0.4787,0.7143,4,-6.88,0,0.2369,75.88,182631,FR,False,Interscope Records,2025,1,Tuesday,3.0,Medium,Moderate,E,Minor,False,Q1,False,12.1152,0.4999,1486
9e0eaba4-e2b3-4e6a-ae3c-590062017c1f,Memories,The Eyres,Fragments,2024-11-30,EDM,131386,45,0.6291,1.0,11,-3.61,1,0.1318,128.54,86542,US,True,Atlantic Records,2024,11,Saturday,2.19,Medium,Loud,B,Major,True,Q4,True,11.3684,0.7496,94
e03fe172-5b33-46b6-afbe-af160e3b6911,Soul,Hawk Theory,Tapes,2020-05-09,R&B,282973,28,0.7394,0.3755,5,-13.93,1,0.0331,90.57,16017,CO,True,Horizon Records,2020,5,Saturday,4.72,Medium,Quiet,F,Major,True,Q2,True,9.6815,0.4896,492
4c1934a5-7e02-462c-9ffe-ea2a6137aabe,Gentle,Dean Reed,The Kind Sessions,2021-05-14,Metal,227999,49,0.2503,0.9047,11,-3.94,1,0.0863,145.53,56158,CL,False,Spectrum Music,2021,5,Friday,3.8,Medium,Loud,B,Major,False,Q2,False,10.9359,0.5842,277
b9ef4aab-ce55-42b2-ac8d-02eb9930428d,Running Nights,LakeWilde,Raw I,2022-05-03,K-Pop,267060,42,0.6742,0.8892,7,-7.38,1,0.0,121.18,87506,MY,False,Columbia Records,2022,5,Tuesday,4.45,Medium,Moderate,G,Major,False,Q2,False,11.3795,0.7128,116
831ab6bf-4a4d-44f5-a54f-380d0dd84a46,Night,Leo Drake,Revolutions,2023-05-08,Pop,191192,10,0.5921,0.6168,3,-8.97,1,0.0878,123.62,8104,US,False,Bedroom Records,2023,5,Monday,3.19,Low,Moderate,D#,Major,False,Q2,False,9.0002,0.5744,45
63253cc0-a0d3-47a3-a9e9-3329604e44e2,Rising Roads,IsleEyre,Dark Rivers,2022-09-22,Pop,270583,67,0.74,0.5346,0,-5.92,0,0.0004,123.15,440541,AU,False,Island Records,2022,9,Thursday,4.51,High,Loud,C,Minor,False,Q3,False,12.9958,0.6001,5271
789f19be-7439-4345-912b-5d5a6c80fd34,Twisted Gardens,Ethereal,Portraits,2023-10-18,Pop,121355,30,0.54,0.7592,10,-4.75,1,0.0492,110.94,25665,MX,True,Apex Records,2023,10,Wednesday,2.02,Medium,Loud,A#,Major,True,Q4,False,10.1529,0.5925,3232
38346032-7acd-4766-8526-ff4d9dc2ce49,Storm,Knot Hart,Ancient,2020-03-28,R&B,229805,70,0.6022,0.8737,11,-6.92,1,0.0081,108.28,447769,AR,False,Universal Music Group,2020,3,Saturday,3.83,High,Moderate,B,Major,False,Q1,True,13.012,0.6593,12111
fe61e5a0-cb03-45dc-9f2d-dcc5009b98a2,Dancing Winds,Frost Nova,Frozen Paradise,2022-02-16,Latin,277258,23,0.7264,0.7327,9,-1.32,1,0.0374,141.79,34758,MX,False,Capitol Records,2022,2,Wednesday,4.62,Low,Loud,A,Major,False,Q1,False,10.4562,0.7005,862
ce5e2ffc-9ba3-4cad-a680-f1f0df199e29,Eternal Roads,Knot Hart,Gardens,2025-02-02,R&B,146339,31,0.5842,0.6861,0,-5.06,0,0.0055,132.75,47817,FR,False,Cipher Music,2025,2,Sunday,2.44,Medium,Loud,C,Minor,False,Q1,True,10.7752,0.612,12111
e22d694a-7503-460c-af50-b10a70101da4,Shadows,Rocco Ore,Stars,2024-05-06,R&B,177562,23,0.8807,0.5347,3,-6.63,1,0.0002,113.91,6270,FR,False,Prism Audio,2024,5,Monday,2.96,Low,Moderate,D#,Major,False,Q2,False,8.7437,0.6432,1709
457bde36-5b78-49f7-a00c-cfdc087afc3a,The Harbors,ValeGlass,The Young Wavelengths,2021-06-15,Pop,317521,22,0.6257,0.6157,2,-8.29,0,0.0151,123.11,9317,GB,False,Bedroom Records,2021,6,Tuesday,5.29,Low,Moderate,D,Minor,False,Q2,False,9.1397,0.5867,981
330e05da-16e7-4f13-932a-63c539d78c75,Broken Mystic Floors,IsleEyre,Twisted Nights,2020-07-20,Pop,195799,89,0.5693,0.7212,5,-6.64,1,0.0136,148.48,11090849,IT,True,Republic Records,2020,7,Monday,3.26,Very High,Moderate,F,Major,True,Q3,False,16.2216,0.6426,5271
9a027c4a-79c7-4530-a77a-91cf7b41a186,Raw Shadows,The Dawns,Crystal Voices,2024-02-20,Rock,175994,17,0.3356,0.7353,11,-6.78,1,0.005,122.94,2705,JP,False,Indie Collective,2024,2,Tuesday,2.93,Low,Moderate,B,Major,False,Q1,False,7.9032,0.5183,750
2b9cd5d3-fb4a-4bda-8ec6-e018cd031619,Kind Bitter Bridges,Knot Hart,The Mystic Wavelengths,2022-03-02,R&B,160197,29,0.5058,0.5988,8,-7.66,0,0.0076,108.02,7628,AU,False,Apex Records,2022,3,Wednesday,2.67,Medium,Moderate,G#,Minor,False,Q1,False,8.9397,0.5104,12111
8fdd1d0a-a10f-4946-b39f-813784d98ac0,Bones,Knot Hart,Twisted III,2021-03-02,R&B,278035,26,0.709,0.7538,2,-6.61,0,0.0283,120.81,31490,CA,False,Def Jam Recordings,2021,3,Tuesday,4.63,Medium,Moderate,D,Minor,False,Q1,False,10.3575,0.672,12111
f79ab0a2-a037-49bc-8781-dc38379ba861,The Nights,Vera Rain,Liquid Storm,2024-10-29,Rock,213496,31,0.6378,0.737,11,-9.87,1,0.5697,124.76,121656,GB,False,Independent,2024,10,Tuesday,3.56,Medium,Moderate,B,Major,False,Q4,False,11.709,0.6424,91
58f5e559-d085-484b-b093-f6b722404e4d,Crystal Thunder,Ethereal,Chronicles,2020-05-21,Pop,228005,60,0.7359,0.4807,4,-10.84,1,0.0063,113.77,1845721,FR,False,Capitol Records,2020,5,Thursday,3.8,High,Moderate,E,Major,False,Q2,False,14.4284,0.5635,3232
95f6c192-c58a-452f-a45a-952908f4c06b,Crimson Ghosts,Knot Hart,Archives,2023-02-04,R&B,236403,7,0.6677,0.6116,8,-9.96,1,0.046,93.24,2049,AU,False,Bedroom Records,2023,2,Saturday,3.94,Low,Moderate,G#,Major,False,Q1,True,7.6256,0.5592,12111
7803b63a-665a-4296-80a4-ccf9d78e03bb,Rivers,ElaraRain,Wavelengths,2023-05-15,Rock,264732,29,0.4779,0.7732,1,-4.75,1,0.0972,114.9,21414,CA,True,Indie Collective,2023,5,Monday,4.41,Medium,Loud,C#,Major,True,Q2,False,9.9718,0.5789,1111
b7ecbb11-cc5f-4603-8b99-c057f2d09558,Deep,The Zens,The Invisible Verses,2021-01-25,Latin,201737,10,0.6155,0.4576,9,-9.46,1,0.0232,125.22,795,US,False,Sony Music Entertainment,2021,1,Monday,3.36,Low,Moderate,A,Major,False,Q1,False,6.6796,0.5224,137
ae4110fe-f1e0-47c0-abc6-6153014520b4,Shattered Bridges,Knot Hart,Quiet Keys,2022-07-17,Pop,244792,4,0.7221,0.5355,11,-7.52,0,0.0433,114.33,5005,JP,True,Catalyst Records,2022,7,Sunday,4.08,Low,Moderate,B,Minor,True,Q3,True,8.5184,0.5807,12111
c3396ddd-51bf-4f42-82d3-5cd9344f6d32,Gentle Eyes,Luna Ink,Broken Skies,2020-07-25,Hip-Hop,90000,30,0.6426,0.579,10,-9.77,0,0.0239,114.18,73288,DE,False,Cipher Music,2020,7,Saturday,1.5,Medium,Moderate,A#,Minor,False,Q3,True,11.2022,0.566,577
17549adf-471f-496f-a11e-425573803f4e,Gentle Gardens,Knot Hart,Cosmic,2020-07-20,R&B,220810,16,0.6599,0.6831,8,-9.61,1,0.0004,85.58,2672,US,False,Neon Label,2020,7,Monday,3.68,Low,Moderate,G#,Major,False,Q3,False,7.891,0.5737,12111
2124fe61-55cc-4b5a-abce-2c6ea6fa9847,Bones,Knot Hart,Distant Doors,2025-11-17,R&B,197906,25,0.7638,0.4743,3,-6.8,1,0.1035,123.54,19571,GB,False,Indie Collective,2025,11,Monday,3.3,Medium,Moderate,D#,Major,False,Q4,False,9.8819,0.586,12111
5c71a4af-819d-4f12-8e8c-9e71e915daa8,Crystal Soul,ElaraRain,Memories,2023-06-02,Rock,179036,26,0.5612,0.7403,2,-8.1,0,0.0248,128.74,13302,JP,False,Stardust Label,2023,6,Friday,2.98,Medium,Moderate,D,Minor,False,Q2,False,9.4957,0.6188,1111
40beddb7-ef7d-4c81-b1e4-1b9b756dc219,Silent Ancient Storm,ElaraRain,The Cosmic Stories,2020-12-17,Rock,255168,15,0.4791,0.8083,1,-4.55,0,0.1181,123.19,2635,GB,False,Neon Label,2020,12,Thursday,4.25,Low,Loud,C#,Minor,False,Q4,False,7.877,0.6052,1111
cf0f195a-c2b6-4d29-bd14-b072cf1ad9a5,Endless Fierce Keys,Phoenix Cloud,Pages,2022-05-17,Trap,233985,57,0.7847,0.7275,3,-6.41,1,0.0262,144.12,145556,CO,False,Drift Music,2022,5,Tuesday,3.9,High,Moderate,D#,Major,False,Q2,False,11.8883,0.7251,471
710990d3-b0cf-487b-b272-0358aa845af1,Running Tears,Isle Jay,Fire,2025-11-27,Latin,221659,44,0.7327,0.8237,0,-10.54,1,0.0238,97.85,27399,US,True,Nova Records,2025,11,Thursday,3.69,Medium,Moderate,C,Major,True,Q4,False,10.2183,0.6766,241
606064be-8ae8-4cc2-a578-313cf46a8453,Cloudy Mirrors,Luna Method,Fleeting Streets,2023-01-16,Hip-Hop,216784,57,1.0,0.6693,10,-7.23,0,0.0312,138.18,1380118,ES,False,Universal Music Group,2023,1,Monday,3.61,High,Moderate,A#,Minor,False,Q1,False,14.1377,0.7794,16
87f267c3-ab1a-4317-9ba5-4e5ba129ee72,Electric Velvet Winds,SethStone,The Paper Tales,2023-07-16,Pop,221218,25,0.8039,0.7212,7,-5.89,0,0.0066,120.66,8120,CA,True,Cipher Music,2023,7,Sunday,3.69,Medium,Loud,G,Minor,True,Q3,True,9.0022,0.6967,1486
e28436bd-8e5d-42de-a833-3935316a5d01,Fading Floors,IsleEyre,Fleeting Fire,2020-03-16,Pop,230578,34,0.6219,0.6569,5,-5.19,0,0.011,142.13,31413,MX,False,Neon Label,2020,3,Monday,3.84,Medium,Loud,F,Minor,False,Q1,False,10.355,0.6288,5271
e5e4be95-c3c2-4bac-b8ff-d70765c74d78,Islands,Prism Club,Open,2022-07-12,Punk,170959,47,0.5787,1.0,2,-3.17,1,0.0298,158.03,155777,DE,True,Spectrum Music,2022,7,Tuesday,2.85,Medium,Loud,D,Major,True,Q3,False,11.9562,0.7715,105
1422a2f0-edff-4996-9ae3-78f0935ecf22,Lost Circles,IsleEyre,Scars,2024-09-05,Pop,137983,6,0.7248,0.8284,3,-4.9,1,0.0411,127.43,2632,DE,False,Nova Records,2024,9,Thursday,2.3,Low,Loud,D#,Major,False,Q3,False,7.8759,0.7176,5271
68275825-fe19-4a41-b360-f4035b33608e,Blinding,Sterling Zen,The Twisted Horizons,2025-11-15,Hip-Hop,162453,57,0.9054,0.812,2,-8.11,1,0.032,154.05,441171,NG,False,Horizon Records,2025,11,Saturday,2.71,High,Moderate,D,Major,False,Q4,True,12.9972,0.8213,2268
1ca0781c-e5f0-4193-ba46-0ac5bdb55f8c,Bitter Inner Demons,Knot Hart,Sacred Shadows,2023-07-24,Pop,131451,15,0.7842,0.5941,2,-8.62,0,0.0172,142.69,14124,CL,False,Midnight Records,2023,7,Monday,2.19,Low,Moderate,D,Minor,False,Q3,False,9.5557,0.6694,12111
c479cdb3-a3e7-45bc-abc1-4d14c419c781,Keys,Knot Hart,Diaries,2020-04-17,R&B,254540,8,0.6879,0.5646,9,-12.38,1,0.0018,127.28,4585,JP,False,Drift Music,2020,4,Friday,4.24,Low,Quiet,A,Major,False,Q2,False,8.4308,0.5971,12111
06af5c04-8745-45ba-8e9e-913aeef4c3ac,Heavy Pages,Cosmo Moss,Silver IV,2025-04-04,Soul,208287,17,0.7314,0.4268,11,-7.74,1,0.0594,97.86,7714,US,False,Wavelength Records,2025,4,Friday,3.47,Low,Moderate,B,Major,False,Q2,False,8.9509,0.5174,10
3307453d-6b73-4536-aaa5-8c63ec6f201b,Flames,The Harts,The Kind Chapters,2022-04-10,Pop,215391,3,0.5473,0.383,3,-6.22,1,0.0459,107.15,5468,ZA,False,Wavelength Records,2022,4,Sunday,3.59,Low,Moderate,D#,Major,False,Q2,True,8.6069,0.4395,70
e578f91f-6e09-42f3-8108-84c45c64ffb7,Electric Raw Shadows,The Wests,The Electric Archives,2024-04-07,R&B,176609,24,1.0,0.4256,11,-11.95,1,0.0102,115.18,10457,JP,False,Apex Records,2024,4,Sunday,2.94,Low,Moderate,B,Major,False,Q2,True,9.2551,0.6491,293
58db4a5d-3fef-477d-9908-1ac74f86bf16,Memories,Ethereal,Files,2024-06-08,Pop,182549,18,0.6012,0.7499,11,-6.77,1,0.0309,72.02,15666,MX,False,Self-Released,2024,6,Saturday,3.04,Low,Moderate,B,Major,False,Q2,True,9.6593,0.5576,3232
64cd0410-be12-4097-a2bf-46e32ca3bfd6,Mountains,Knot Hart,Ghosts,2024-09-26,R&B,263115,1,0.5815,0.4424,4,-7.48,1,0.0092,106.31,4490,US,False,RCA Records,2024,9,Thursday,4.39,Low,Moderate,E,Major,False,Q3,False,8.4098,0.4757,12111
c5b29f3e-6c77-4e3b-895f-10343eb623c8,Gardens,Knot Hart,Dark I,2021-07-08,R&B,268380,29,0.6008,0.7483,6,-10.38,1,0.0062,114.57,11669,IN,True,Echo Studios,2021,7,Thursday,4.47,Medium,Moderate,F#,Major,True,Q3,False,9.3648,0.6176,12111
a8360452-30d2-42e1-81c6-9d97381ac79b,Storm,IsleEyre,Fleeting V,2025-01-14,Pop,209102,54,0.6926,0.751,10,-7.91,1,0.0025,117.57,433773,FR,False,Midnight Records,2025,1,Tuesday,3.49,High,Moderate,A#,Major,False,Q1,False,12.9803,0.6597,5271
23a8e793-8c60-4e5d-a2ae-a8cabae0aac0,Ancient Memories,ValeGlass,Silent,2021-11-30,Pop,165707,19,0.7621,0.7224,5,-6.28,1,0.0615,149.94,23269,KR,True,Warner Music Group,2021,11,Tuesday,2.76,Low,Moderate,F,Major,True,Q4,False,10.0549,0.7223,981
1f79f387-0159-4991-ae0b-f67d71f68f9f,Memories,Indie Lake,Reflections,2022-01-10,Hip-Hop,291487,10,0.783,0.724,1,-4.89,0,0.0858,137.21,6655,MY,True,Horizon Records,2022,1,Monday,4.86,Low,Loud,C#,Minor,True,Q1,False,8.8033,0.7131,247
46934282-191b-4840-89a5-1f5819a73955,Walking Thunder,RiverFlame,Endless Heart,2025-05-02,Hip-Hop,294144,27,0.6971,0.7698,7,-4.12,1,0.0013,138.33,22279,US,False,Drift Music,2025,5,Friday,4.9,Medium,Loud,G,Major,False,Q2,False,10.0114,0.6987,422
9ee09556-8877-4c00-9bc7-30d6dc8b0a27,Heavy Love,IsleEyre,Frozen Edges,2020-05-30,Pop,192239,12,0.7494,0.7238,2,-7.1,0,0.0067,138.59,1650,ES,False,Columbia Records,2020,5,Saturday,3.2,Low,Moderate,D,Minor,False,Q2,True,7.4091,0.7016,5271
8daca847-ae96-4d21-b2ac-bc6102b7098c,Eternal Mirrors,Ruby Ridge,Verses,2021-12-27,K-Pop,191993,54,0.8671,0.7514,7,-2.33,0,0.0056,146.84,279791,MX,True,Catalyst Records,2021,12,Monday,3.2,High,Loud,G,Minor,True,Q4,False,12.5418,0.7715,9
faac8371-a7d1-4944-a685-a4a2e966edd6,Pulling Thunder,The Peaks,Thunder,2025-04-12,Pop,246931,38,0.6202,0.5874,2,-10.58,1,0.0044,107.44,40256,PH,False,Self-Released,2025,4,Saturday,4.12,Medium,Moderate,D,Major,False,Q2,True,10.603,0.5508,208
54687074-4daa-4ab9-9278-40bae35275b1,Winds,ValeGlass,Mystic,2025-12-06,Pop,196275,16,0.6638,0.5613,1,-12.24,1,0.037,117.43,872,ES,False,Prism Audio,2025,12,Saturday,3.27,Low,Quiet,C#,Major,False,Q4,True,6.7719,0.5721,981
c432a64e-f78e-49b3-8029-3c4e36612597,The Edges,Crest Jay,Frozen Soul,2021-06-15,EDM,199527,43,0.7207,0.8002,9,-7.22,1,0.0197,116.28,68023,FR,False,Bedroom Records,2021,6,Tuesday,3.33,Medium,Moderate,A,Major,False,Q2,False,11.1276,0.6888,635
72ff6d39-c446-4cfe-b369-5c756f064e73,Floors,Sterling Zen,Bitter Soul,2020-04-08,Folk,172662,8,0.4418,0.3698,7,-12.37,1,0.0453,91.66,768,US,False,Midnight Records,2020,4,Wednesday,2.88,Low,Quiet,G,Major,False,Q2,False,6.6451,0.3699,2268
157f83ba-9c79-4975-b838-0114b2db42a6,Mountains,IsleEyre,Heart,2022-11-08,Pop,269303,14,0.6438,0.6919,1,-9.97,1,0.0254,125.12,2728,FR,False,Independent,2022,11,Tuesday,4.49,Low,Moderate,C#,Major,False,Q4,False,7.9117,0.6273,5271
6ed2aa5d-7a64-4d6f-b349-88c9ac73fc48,Voices,Ethereal,Portraits,2023-10-16,Hip-Hop,317535,14,0.982,0.6463,10,-6.29,1,0.0313,103.42,4503,IN,True,Neon Label,2023,10,Monday,5.29,Low,Moderate,A#,Major,True,Q4,False,8.4127,0.7133,3232
880535f8-683c-4ad7-aa5d-b9dbe2706cdf,Voices,FlareArc,Urban Islands,2024-08-22,Pop,214021,40,0.8067,0.8148,11,-5.91,1,0.0648,116.95,14254,FR,False,Prism Audio,2024,8,Thursday,3.57,Medium,Loud,B,Major,False,Q3,False,9.5649,0.73,165
ab0b4225-2b46-4150-bda5-09b93345ff0d,Wicked Mirrors,Knot Hart,Silent Pages,2023-12-19,R&B,163066,23,0.815,0.3623,1,-11.8,0,0.0644,131.35,16753,BR,True,Catalyst Records,2023,12,Tuesday,2.72,Low,Moderate,C#,Minor,True,Q4,False,9.7264,0.5728,12111
3535f5c8-4284-4e99-9a7e-b7bb0cbcf256,Invisible,Knot Hart,Bones,2023-07-12,R&B,127060,10,0.8891,0.6976,11,-8.7,1,0.0146,103.73,2453,DE,False,Drift Music,2023,7,Wednesday,2.12,Low,Moderate,B,Major,False,Q3,False,7.8055,0.6972,12111
8093369e-74c1-46e8-8339-8700d7220660,Skies,Knot Hart,Silver,2020-06-02,R&B,225895,21,0.7725,0.3099,3,-8.52,0,0.061,65.26,10094,IN,True,Wavelength Records,2020,6,Tuesday,3.76,Low,Moderate,D#,Minor,True,Q2,False,9.2198,0.4405,12111
303df77d-822e-42db-b4bf-7b543eb8d136,Electric Tears,Knot Hart,The Raw Sessions,2023-09-02,R&B,165419,30,0.8334,0.4464,2,-9.71,0,0.034,78.4,58353,US,False,Epic Records,2023,9,Saturday,2.76,Medium,Moderate,D,Minor,False,Q3,True,10.9743,0.5382,12111
81a94840-8edd-4e0d-89c1-dfc7b5985a91,Ancient Golden Bridges,Lyra Snow,Dimensions,2020-06-29,R&B,186819,20,0.8704,0.6446,10,-9.21,0,0.0073,125.7,23262,TR,False,Self-Released,2020,6,Monday,3.11,Low,Moderate,A#,Minor,False,Q2,False,10.0546,0.6999,55
34e6c269-9659-4c13-8f00-314ad4a96f5b,Dark Demons,Dean Reed,Young Worlds,2022-02-27,Hip-Hop,136131,67,0.8114,0.5743,4,-8.94,1,0.0068,143.95,535860,BR,False,Sony Music Entertainment,2022,2,Sunday,2.27,High,Moderate,E,Major,False,Q1,True,13.1916,0.6742,277
14fe1ead-7aea-4843-b505-9a77b1577498,Young Oceans,Rocco Ore,Shadows,2022-04-26,R&B,169407,5,0.8249,0.4692,8,-10.75,1,0.0134,157.9,5074,BR,True,Prism Audio,2022,4,Tuesday,2.82,Low,Moderate,G#,Major,True,Q2,False,8.5321,0.6575,1709
c41846bc-d407-4934-8b14-d538262516b2,Wicked Circles,Knot Hart,Wicked,2025-04-12,R&B,188733,33,0.7865,0.5944,10,-9.1,1,0.0025,129.72,26475,MX,True,Independent,2025,4,Saturday,3.15,Medium,Moderate,A#,Major,True,Q2,True,10.184,0.652,12111
de71c8ea-4931-431a-866d-9dc0b679ece3,The Tears,SethStone,Love,2023-12-27,Metal,205127,12,0.4188,0.7455,4,-7.14,1,0.0926,152.11,4845,US,False,Sony Music Entertainment,2023,12,Wednesday,3.42,Low,Moderate,E,Major,False,Q4,False,8.4859,0.5973,1486
5f057b2b-338b-4703-b999-130e27a00c12,Young Paradise,Rocco Ore,Gentle II,2025-04-02,Alternative,249070,19,0.5935,0.5378,1,-9.28,1,0.1013,136.0,14718,ES,False,Stardust Label,2025,4,Wednesday,4.15,Low,Moderate,C#,Major,False,Q2,False,9.5969,0.5611,1709
3bd9506d-f2c5-461d-ab11-285732917962,Night,Knot Hart,Distant Doors,2023-09-15,R&B,229520,48,0.6548,0.5004,5,-12.47,1,0.0512,126.81,129787,US,False,Island Records,2023,9,Friday,3.83,Medium,Quiet,F,Major,False,Q3,False,11.7737,0.5575,12111
2e29c785-3e50-40dc-908f-3b02d35f6da4,Turning Memories,Sterling Zen,Golden,2025-09-11,Folk,169060,38,0.5117,0.4635,1,-10.49,1,0.0966,118.72,117055,IT,True,Pulse Records,2025,9,Thursday,2.82,Medium,Moderate,C#,Major,True,Q3,False,11.6704,0.474,2268
b2455570-ba1b-4106-82d5-e880e02ed119,Keys,Ethereal,Broken,2022-09-04,Pop,278451,36,0.7661,0.5706,9,-8.53,1,0.0002,136.93,15439,US,False,Warner Music Group,2022,9,Sunday,4.64,Medium,Moderate,A,Major,False,Q3,True,9.6447,0.6446,3232
0587c3db-5492-4649-bd58-0d9ea0f4ecd4,Worlds,Crest Jay,Liquid Love,2023-11-02,EDM,162022,29,0.6092,0.687,8,-11.35,0,0.1105,120.96,57122,US,False,Wavelength Records,2023,11,Thursday,2.7,Medium,Moderate,G#,Minor,False,Q4,False,10.953,0.6056,635
e7a278f6-0cd1-4888-9216-dac7117eb1f9,Rivers,Phoenix Cloud,Roses,2024-07-20,Trap,156629,42,0.5694,0.6694,1,-6.82,1,0.0082,111.54,25169,ES,False,Stardust Label,2024,7,Saturday,2.61,Medium,Moderate,C#,Major,False,Q3,True,10.1334,0.5691,471
4527ef1c-a952-4431-a943-03d179bd8b9b,Spinning Edges,Knot Hart,Scars,2021-07-23,R&B,156428,22,0.7065,0.6204,9,-8.46,0,0.0381,99.52,8543,KR,True,Neon Label,2021,7,Friday,2.61,Low,Moderate,A,Minor,True,Q3,False,9.053,0.5872,12111
72c24286-1968-4921-987c-8210d1609a3e,Waves,Ethereal,Liquid,2023-07-20,Pop,146463,20,0.8031,0.8119,4,-4.05,1,0.0153,117.76,58764,NG,False,Island Records,2023,7,Thursday,2.44,Low,Loud,E,Major,False,Q3,False,10.9813,0.7285,3232
3d621652-5f35-4440-9df2-f5f1e63a25ad,Crystal,Luna Ink,Chronicles,2021-06-06,Rock,198191,15,0.4017,0.7922,4,-3.56,1,0.0416,143.24,9315,NG,False,Independent,2021,6,Sunday,3.3,Low,Loud,E,Major,False,Q2,True,9.1395,0.5965,577
2de272a4-2baf-4864-9e02-bf732a7ab635,Wild Skies,SethStone,Twisted Mirrors,2024-06-02,Metal,224988,42,0.342,0.9018,10,-1.47,1,0.1407,139.48,53980,MX,False,Pulse Records,2024,6,Sunday,3.75,Medium,Loud,A#,Major,False,Q2,True,10.8964,0.6111,1486
5ac739b4-7d6d-41d0-95cb-eba220eee263,Paper Harbors,SilkWolf,The Lost Volume,2024-09-04,Rock,179807,28,0.6473,0.6157,2,-7.08,1,0.1141,103.6,7636,TR,True,Independent,2024,9,Wednesday,3.0,Medium,Moderate,D,Major,True,Q3,False,8.9408,0.5675,54
ca6cef47-e6e6-4ce9-8519-49928e5d15e1,Drifting Mirrors,BlazeCore,The Wild Verses,2024-08-30,Country,143738,28,0.5676,0.6473,7,-7.31,0,0.0493,112.4,123486,IT,False,Pulse Records,2024,8,Friday,2.4,Medium,Moderate,G,Minor,False,Q3,False,11.7239,0.5608,460
1efed07f-2ba3-47eb-a951-e41a90a23d6f,Running Rain,Knot Hart,Bitter,2025-08-02,R&B,314684,36,0.7328,0.6456,11,-6.2,1,0.062,118.5,84927,FR,False,Pulse Records,2025,8,Saturday,5.24,Medium,Moderate,B,Major,False,Q3,True,11.3496,0.6349,12111
18c3ab8d-ba26-4051-813b-992a50ff34f3,Leaving Waves,Knot Hart,Bitter Nights,2025-05-26,R&B,153041,2,0.6862,0.4873,11,-10.7,1,0.0376,118.3,1663,AR,False,Horizon Records,2025,5,Monday,2.55,Low,Moderate,B,Major,False,Q2,False,7.417,0.5527,12111
37ae96eb-3af8-4de3-b211-2c7393f0d7d4,Angels,Hawk Theory,Fragments,2020-11-15,Pop,207709,49,0.824,0.5859,10,-10.14,1,0.0041,109.61,104460,SE,False,Sony Music Entertainment,2020,11,Sunday,3.46,Medium,Moderate,A#,Major,False,Q4,True,11.5566,0.6348,492
9cac2702-92ff-42e1-80ef-79caf6de30f0,Wicked Inner Memories,Knot Hart,Distant,2025-04-05,R&B,121481,8,0.717,0.66,9,-6.18,0,0.0439,108.06,2146,DE,False,Prism Audio,2025,4,Saturday,2.02,Low,Moderate,A,Minor,False,Q2,True,7.6718,0.6195,12111
a89edbdb-4fd2-4904-8041-5510f6328365,Golden Frozen Rivers,The Dawns,Quiet Lights,2025-04-22,Pop,153193,54,0.8506,0.7296,9,-8.36,1,0.0049,115.83,210379,US,False,Midnight Records,2025,4,Tuesday,2.55,High,Moderate,A,Major,False,Q2,False,12.2567,0.7118,750
9c19dc96-2ace-45fe-9c51-4f9f1a8eb0ed,Jumping Nights,The Tides,Liquid Ghosts,2021-06-26,Hip-Hop,160199,33,0.7315,0.5633,9,-7.03,1,0.0313,105.62,17539,PH,True,Republic Records,2021,6,Saturday,2.67,Medium,Moderate,A,Major,True,Q2,True,9.7722,0.5831,11
dc606689-8c8b-429b-8c1a-cf949a558743,Chains,Frost Nova,Endless IV,2022-08-25,Hip-Hop,236658,41,0.6521,0.6142,7,-7.48,1,0.0059,156.75,326310,FR,True,Warner Music Group,2022,8,Thursday,3.94,Medium,Moderate,G,Major,True,Q3,False,12.6956,0.6447,862
0dd9d10e-c351-4c50-b2f3-7f4727625328,Gardens,Ethereal,Silent Heart,2024-08-18,Pop,205835,8,0.6774,0.8075,6,-8.14,1,0.0148,104.15,5246,IN,False,Echo Studios,2024,8,Sunday,3.43,Low,Moderate,F#,Major,False,Q3,True,8.5654,0.657,3232
abb3c482-cb99-4d2d-a116-91f2c52604f0,Open Crimson Eyes,Hawk Theory,Broken,2024-06-21,Pop,239109,5,0.6948,0.6638,7,-8.85,1,0.0144,101.02,1711,CO,False,Apex Records,2024,6,Friday,3.99,Low,Moderate,G,Major,False,Q2,False,7.4454,0.602,492
61ec9830-91c2-4a8b-9eee-bd214239ca98,Yearning Wings,Rocco Ore,Raw,2025-01-12,R&B,212720,10,0.7195,0.6363,6,-7.71,0,0.0186,109.82,3206,MY,False,Sony Music Entertainment,2025,1,Sunday,3.55,Low,Moderate,F#,Minor,False,Q1,True,8.0731,0.6135,1709
4e4ad29b-605c-4ff1-8159-b0307809bc3d,The Winds,ValeGlass,The Fierce Letters,2022-12-29,Rock,265362,9,0.4872,0.7548,1,-4.77,1,0.0163,119.03,2368,AU,False,Drift Music,2022,12,Thursday,4.42,Low,Loud,C#,Major,False,Q4,False,7.7702,0.5811,981
7eebcef3-433c-4fdb-97e1-01e7cbbfcf13,Mountains,DawnVale,Sacred Rain,2020-02-13,Alternative,190133,10,0.5138,0.7885,10,-6.14,1,0.0588,98.26,2942,US,False,Cipher Music,2020,2,Thursday,3.17,Low,Moderate,A#,Major,False,Q1,False,7.9872,0.5756,14
cec6af42-4df2-4fa9-91b2-261e7534288a,Wicked Stars,Ethereal,The Jagged Dimensions,2021-01-11,Pop,90000,17,0.8641,0.833,0,-6.0,0,0.001,136.41,864,KR,False,Island Records,2021,1,Monday,1.5,Low,Loud,C,Minor,False,Q1,False,6.7627,0.788,3232
67c94853-0f78-4cd8-a187-0db955eaf973,Pages,The Mosss,The Deep Notes,2022-01-26,Country,180872,25,0.4034,0.5898,1,-6.4,0,0.0024,107.45,12170,GB,False,Indie Collective,2022,1,Wednesday,3.01,Medium,Moderate,C#,Minor,False,Q1,False,9.4068,0.4651,11
50ba79b8-2883-4b30-af29-089972399fac,Crimson Love,Storm Cipher,The Paper Stories,2020-10-30,EDM,280419,33,0.8652,0.7447,4,-5.47,0,0.1241,126.67,31885,MX,False,Sony Music Entertainment,2020,10,Friday,4.67,Medium,Loud,E,Minor,False,Q4,False,10.3699,0.7392,31
a1c8c46a-6194-4d70-87b9-33eaac04df8b,Breathing Storm,Knot Hart,Thunder,2021-12-31,R&B,139369,48,0.7434,0.5923,10,-3.86,1,0.0159,122.96,210358,US,False,Atlantic Records,2021,12,Friday,2.32,Medium,Loud,A#,Major,False,Q4,False,12.2566,0.6242,12111
9504ec54-e3f9-4726-a6c1-c0210cccd46e,Electric Harbors,Knot Hart,The Endless Wavelengths,2020-10-15,R&B,170998,14,0.8848,0.4922,9,-9.75,0,0.0329,142.13,6966,CL,True,Wavelength Records,2020,10,Thursday,2.85,Low,Moderate,A,Minor,True,Q4,False,8.8489,0.6681,12111
be85928a-18b2-47ac-9c7d-b7776a407277,Burning Shattered Echoes,Knot Hart,Fierce Roads,2024-05-21,R&B,200746,18,0.5769,0.6394,9,-6.91,1,0.0121,104.86,17166,IT,False,Wavelength Records,2024,5,Tuesday,3.35,Low,Moderate,A,Major,False,Q2,False,9.7507,0.5506,12111
c6e51d59-1f0b-4164-98da-589326d2966a,Dark,Knot Hart,Files,2024-01-10,R&B,242672,10,0.7409,0.5108,5,-11.99,0,0.0319,114.96,4381,DE,False,Indie Collective,2024,1,Wednesday,4.04,Low,Moderate,F,Minor,False,Q1,False,8.3853,0.5792,12111
16cf9138-ddca-4dd6-819d-a1ab4487d3f8,Waves,Knot Hart,Portraits,2021-12-24,R&B,206870,23,0.775,0.6207,8,-5.48,1,0.0249,109.68,41196,MX,True,Catalyst Records,2021,12,Friday,3.45,Low,Loud,G#,Major,True,Q4,False,10.6261,0.6293,12111
a138f26b-960f-4759-aba2-825b8afffebd,Voices,Jasper Cloud,Hollow,2021-07-27,EDM,253060,50,0.6738,0.8218,0,-5.97,1,0.3581,137.54,518996,IT,False,Bedroom Records,2021,7,Tuesday,4.22,High,Loud,C,Major,False,Q3,False,13.1597,0.709,327
f01c1e07-1175-4a7e-ac17-0e78055c3662,Thunder,Knot Hart,Frequencies,2025-01-14,R&B,214718,38,0.5829,0.5759,0,-7.06,1,0.0071,90.23,52923,US,False,Sony Music Entertainment,2025,1,Tuesday,3.58,Medium,Moderate,C,Major,False,Q1,False,10.8766,0.5067,12111
0ee1276e-7c7d-44d7-b605-3638cf8732b0,Fire,IsleEyre,The Young Chapters,2021-09-02,Pop,233340,36,0.6468,0.4561,11,-10.5,1,0.0055,125.48,49822,ZA,True,Interscope Records,2021,9,Thursday,3.89,Medium,Moderate,B,Major,True,Q3,False,10.8162,0.5347,5271
4ed13115-1465-400c-a53e-c36cb3e2c4c4,The Lights,Drift Element,Sessions,2021-06-18,Hip-Hop,193855,2,0.513,0.7424,0,-5.44,1,0.021,141.19,2947,US,False,Bedroom Records,2021,6,Friday,3.23,Low,Loud,C,Major,False,Q2,False,7.9889,0.6181,59
dc97c07f-9f01-451e-a6da-6718d6646c48,Shattered Lost Whispers,Knot Hart,Stories,2022-06-22,R&B,183657,22,0.8343,0.6455,1,-5.45,0,0.0664,110.43,12514,DE,False,Catalyst Records,2022,6,Wednesday,3.06,Low,Loud,C#,Minor,False,Q2,False,9.4347,0.664,12111
39a62e3d-224d-40b0-af79-50bc7ff53a55,Velvet Circles,Blake Ore,Neon Floors,2021-12-11,EDM,258140,6,0.9017,0.8237,5,-5.72,1,0.0567,118.1,1859,GB,False,Pulse Records,2021,12,Saturday,4.3,Low,Loud,F,Major,False,Q4,True,7.5283,0.7732,98
042964aa-a821-434f-a2a0-51fb23349557,Cloudy Circles,IsleEyre,Verses,2021-10-08,Pop,198726,54,0.8556,0.6015,0,-10.57,0,0.0036,126.51,282752,US,True,Apex Records,2021,10,Friday,3.31,High,Moderate,C,Minor,True,Q4,False,12.5523,0.6779,5271
7edf981e-3356-4f16-a8a6-a784ce7646ba,Fierce Rain,Knot Hart,Cloudy,2025-05-03,R&B,246400,7,0.4319,0.577,11,-9.89,1,0.0975,94.35,2294,US,False,Stardust Label,2025,5,Saturday,4.11,Low,Moderate,B,Major,False,Q2,True,7.7385,0.4526,12111
fb5becc1-7a36-4904-b99a-b0066b6b6913,Sacred,The Wests,Inner,2020-12-26,R&B,189398,9,0.4125,0.4558,10,-9.64,0,0.0697,102.93,1174,BR,False,Apex Records,2020,12,Saturday,3.16,Low,Moderate,A#,Minor,False,Q4,True,7.069,0.4086,293
3a7a3242-2c14-45ec-a50e-5a33302cd6cd,Thunder,Luna Ink,Deep Rain,2025-03-16,EDM,216267,9,0.6295,0.8162,10,-2.77,0,0.074,140.56,20817,GB,True,Epic Records,2025,3,Sunday,3.6,Low,Loud,A#,Minor,True,Q1,True,9.9436,0.6934,577
f95cd94d-112d-404f-8b5c-4b9976e3a8e4,Shattered Love,CrestNova,Golden Rivers,2024-01-31,Rock,265521,11,0.6105,0.7157,4,-4.96,1,0.1918,135.4,6634,GB,False,Stardust Label,2024,1,Wednesday,4.43,Low,Loud,E,Major,False,Q1,False,8.8001,0.6382,44
b4ca8cb8-9e99-4c49-a384-2751925faf1f,Roads,LolaOre,Crystal Shadows,2020-10-17,Punk,232304,28,0.4293,1.0,3,-2.73,0,0.0147,163.63,7306,AU,False,Echo Studios,2020,10,Saturday,3.87,Medium,Loud,D#,Minor,False,Q4,True,8.8966,0.7198,199
57a70246-0a49-4330-99ec-539c041becc0,Young Tears,Grove Nova,Eternal Stars,2024-08-16,Alternative,236114,7,0.3448,0.5211,3,-11.07,1,0.1301,105.21,5294,GB,False,Universal Music Group,2024,8,Friday,3.94,Low,Moderate,D#,Major,False,Q3,False,8.5745,0.4109,124
369f6180-b8de-42cb-bbc4-30fc8016ac26,Silent Tears,IsleEyre,The Dark Notes,2022-03-06,Pop,159512,15,0.4474,0.7067,10,-7.7,1,0.007,101.31,1340,GB,False,Self-Released,2022,3,Sunday,2.66,Low,Moderate,A#,Major,False,Q1,True,7.2012,0.5207,5271
7dfe855c-0ea9-4129-aa3b-de1f2511e32f,Wild,Knot Hart,The Raw Fragments,2023-04-23,R&B,199107,17,0.6247,0.5276,9,-7.2,1,0.1289,89.36,12401,SE,False,Capitol Records,2023,4,Sunday,3.32,Low,Moderate,A,Major,False,Q2,True,9.4256,0.5029,12111
761225c5-3fb2-4000-8645-65dc321955b7,Invisible Circles,Drake Jay,Vivid Eyes,2025-04-23,Hip-Hop,94983,56,0.6987,0.658,7,-9.32,1,0.0088,117.47,625235,AR,False,RCA Records,2025,4,Wednesday,1.58,High,Moderate,G,Major,False,Q2,False,13.3459,0.6248,186
d16cb5ce-40fa-445e-9075-20676dc57a9e,Scars,Beau North,The Fierce Sessions,2024-09-07,Alternative,197700,31,0.6291,0.5391,0,-4.49,1,0.0067,119.8,22207,IN,False,Sony Music Entertainment,2024,9,Saturday,3.3,Medium,Loud,C,Major,False,Q3,True,10.0082,0.5527,87
6b6513f2-a08a-4297-9c13-a2214582ecde,Broken Fire,Xanadu,The Ancient Letters,2022-09-12,Pop,217723,28,0.7903,0.7476,1,-8.41,1,0.024,119.36,47471,US,False,Echo Studios,2022,9,Monday,3.63,Medium,Moderate,C#,Major,False,Q3,False,10.7679,0.7,9
b7dd92fb-263f-4161-855a-0d861896299b,The Ghosts,Sterling Zen,Bitter,2020-04-09,Folk,211042,63,0.4446,0.2856,7,-9.92,1,0.0557,77.16,366936,US,False,Warner Music Group,2020,4,Thursday,3.52,High,Moderate,G,Major,False,Q2,False,12.8129,0.3166,2268
fecc0f51-7637-4fdc-8855-36ef79350807,Jumping Thunder,Ethereal,Volume,2020-10-16,Pop,194178,15,0.6249,0.8934,6,-4.5,0,0.0114,121.91,8028,BR,True,Midnight Records,2020,10,Friday,3.24,Low,Loud,F#,Minor,True,Q4,False,8.9908,0.6958,3232
7d4d2929-738b-4f65-bafa-06b1721f0b01,Edges,Jasper Wilde,Eternal Love,2023-10-07,R&B,287986,13,0.6108,0.7026,11,-7.7,0,0.0877,85.44,7159,FR,False,Spectrum Music,2023,10,Saturday,4.8,Low,Moderate,B,Minor,False,Q4,True,8.8763,0.5617,116
b9e66121-52df-4f48-98eb-23704a091089,Moving Skies,IsleEyre,Hidden,2020-10-01,Pop,216491,35,0.5196,0.5678,8,-6.59,0,0.0098,126.71,36593,GB,False,RCA Records,2020,10,Thursday,3.61,Medium,Moderate,G#,Minor,False,Q4,False,10.5076,0.5303,5271
3bb8b33e-c9b8-45af-bec5-178a41f692a0,Silver Fading Lights,Cruz Vine,The Liquid Fragments,2022-05-09,Reggaeton,227901,55,0.8495,0.4793,11,-10.03,0,0.002,91.1,94162,BR,False,Neon Label,2022,5,Monday,3.8,High,Moderate,B,Minor,False,Q2,False,11.4528,0.5759,23
07e8e4d4-0462-4788-9c4b-d8c1338e0e65,The Keys,ClayStorm,Volume,2021-05-17,Pop,263282,29,0.6575,0.8545,7,-2.77,0,0.0051,129.93,13569,ES,False,Prism Audio,2021,5,Monday,4.39,Medium,Loud,G,Minor,False,Q2,False,9.5156,0.7047,37
6400cfee-f626-4ee5-aeb8-f40208497d00,Silver Roses,Sterling Zen,Hollow,2025-02-18,Folk,112153,38,0.2409,0.1425,1,-10.08,1,0.0927,99.57,234296,PL,False,Warner Music Group,2025,2,Tuesday,1.87,Medium,Moderate,C#,Major,False,Q1,False,12.3643,0.2099,2268
d8900310-c89a-4b3e-a339-9550a6f3733b,Nights,Drake Jay,Circles,2022-04-16,Pop,239898,4,0.7416,0.4586,8,-6.07,0,0.0027,101.9,1522,US,False,Apex Records,2022,4,Saturday,4.0,Low,Moderate,G#,Minor,False,Q2,True,7.3284,0.5399,186
48cc95a0-5e47-441b-88cd-bf6a5b5bcf7a,Circles,GroveBlack,Silver,2020-03-31,Pop,227683,25,0.6106,0.7088,3,-5.12,0,0.0979,106.93,7087,FR,False,Nova Records,2020,3,Tuesday,3.79,Medium,Loud,D#,Minor,False,Q1,False,8.8662,0.5948,160
66363494-16fc-423f-867f-b26982f6d9c9,Pages,Knot Hart,Diaries,2023-05-30,R&B,216020,13,0.5556,0.5671,9,-3.41,1,0.0249,102.51,2376,SE,True,Horizon Records,2023,5,Tuesday,3.6,Low,Loud,A,Major,True,Q2,False,7.7736,0.5098,12111
29d0cc1a-e3ca-4b3d-8a4b-2436cf09fd18,Floors,Crest Pyre,Twisted,2025-02-10,Reggaeton,218771,47,0.8051,0.5987,2,-8.34,1,0.0059,108.33,105753,US,False,Columbia Records,2025,2,Monday,3.65,Medium,Moderate,D,Major,False,Q1,False,11.5689,0.6306,25
2bee8611-3611-4b14-97e3-7da1bae7f1b2,Glass Rain,SethStone,Keys,2021-10-22,Metal,196989,18,0.3269,0.8872,3,-5.73,1,0.0492,155.66,16303,PT,False,Stardust Label,2021,10,Friday,3.28,Low,Loud,D#,Major,False,Q4,False,9.6992,0.6223,1486
acc91793-484b-441f-99f0-9d43ebeab626,The Tears,Seth Nova,Endless I,2025-01-10,EDM,268408,15,0.7937,0.8117,8,-5.87,0,0.2042,126.23,4981,CA,True,Atlantic Records,2025,1,Friday,4.47,Low,Loud,G#,Minor,True,Q1,False,8.5136,0.7368,86
528d2cd7-469f-4985-b2e2-f9e0a7245cfa,Ghosts,IsleEyre,Distant,2025-09-09,EDM,192724,40,0.5712,0.8119,5,-6.43,1,0.3432,124.44,229830,BR,False,Catalyst Records,2025,9,Tuesday,3.21,Medium,Moderate,F,Major,False,Q3,False,12.3451,0.6453,5271
99b60709-f63a-4efa-b95d-04d5068826db,Silent Ancient Fire,Knox North,The Crystal Portraits,2024-12-15,EDM,134241,38,0.6946,0.8038,5,-4.08,0,0.0486,134.32,83929,AR,False,Interscope Records,2024,12,Sunday,2.24,Medium,Loud,F,Minor,False,Q4,True,11.3377,0.7055,36
ab3eb1e5-0d4c-4210-a49d-dd6f248506fa,Twisted,Ethereal,Broken Voices,2023-08-29,Pop,223110,38,0.7986,0.5451,0,-7.81,1,0.0201,102.9,17417,US,False,Midnight Records,2023,8,Tuesday,3.72,Medium,Moderate,C,Major,False,Q3,False,9.7653,0.5988,3232
369a607d-9f24-405c-b2a1-7046a40a70ea,Worlds,Knot Hart,The Endless Wavelengths,2020-12-23,K-Pop,212004,41,0.7815,0.8022,8,-4.47,1,0.0316,134.7,50420,FR,False,Neon Label,2020,12,Wednesday,3.53,Medium,Loud,G#,Major,False,Q4,False,10.8282,0.7402,12111
7c9be466-38ed-4bf4-9c08-d39172d269fc,Burning Mountains,Storm Cipher,Verses,2024-03-07,Rock,217230,56,0.2846,0.7335,0,-6.47,1,0.0906,154.4,1047707,MX,False,Wavelength Records,2024,3,Thursday,3.62,High,Moderate,C,Major,False,Q1,False,13.8621,0.5421,31
294d8fbc-d1f4-42e1-b293-85fc7f94a885,Winds,Knot Hart,Burning V,2024-10-02,Hip-Hop,302612,14,0.5734,0.6645,11,-6.77,0,0.0229,179.95,901,US,False,Indie Collective,2024,10,Wednesday,5.04,Low,Moderate,B,Minor,False,Q4,False,6.8046,0.6665,12111
4efed652-4aa9-40fb-88d0-fdc7e5dd0b76,The Stars,IsleEyre,Fleeting Angels,2020-12-28,Pop,281666,1,0.5406,0.5698,0,-6.64,1,0.0171,128.76,1489,NG,False,Apex Records,2020,12,Monday,4.69,Low,Moderate,C,Major,False,Q4,False,7.3065,0.5424,5271
39bc513a-7be8-4824-a869-1da918062763,Crimson Memories,Kinetic,Bitter IV,2020-06-21,Hip-Hop,130668,19,0.8521,0.6899,4,-9.86,0,0.0009,110.01,6918,BR,False,Stardust Label,2020,6,Sunday,2.18,Low,Moderate,E,Minor,False,Q2,True,8.842,0.6882,14
56e4e37c-2b52-4758-931b-8fd400ce9524,Silver Rivers,The Wolfs,Burning V,2023-03-24,K-Pop,245602,32,0.798,0.9135,6,-4.36,1,0.0072,145.15,21232,NG,False,Universal Music Group,2023,3,Friday,4.09,Medium,Loud,F#,Major,False,Q1,False,9.9633,0.8062,20
007507ff-fb89-44a5-85ce-039a367b793d,Yearning Paradise,Frost Nova,Fading Eyes,2025-05-22,Latin,157503,21,0.6575,0.905,9,-4.19,1,0.0069,137.7,17281,GB,False,Bedroom Records,2025,5,Thursday,2.63,Low,Loud,A,Major,False,Q2,False,9.7574,0.736,862
6cfe2e13-79ff-4a42-856c-a8acc6bcec6d,Dancing Streets,Phoenix Cloud,Bitter Love,2021-07-08,Trap,243256,26,0.6379,0.6334,5,-7.91,1,0.0299,136.93,17081,GB,False,Spectrum Music,2021,7,Thursday,4.05,Medium,Moderate,F,Major,False,Q3,False,9.7458,0.6184,471
c537c58c-62d1-4afb-af00-d855d7ebfc2d,Neon Shattered Circles,Sterling Zen,The Endless Chronicles,2021-11-15,Folk,214897,14,0.3892,0.7368,8,-7.06,1,0.1631,110.48,5038,BR,False,Prism Audio,2021,11,Monday,3.58,Low,Moderate,G#,Major,False,Q4,False,8.525,0.5225,2268
16a4b6f6-4fdc-4e54-8829-f350d00a4dc7,Walking Soul,IsleEyre,Horizons,2023-02-26,Pop,168736,4,0.6009,0.6333,5,-7.4,0,0.0063,121.69,611,DE,False,Pulse Records,2023,2,Sunday,2.81,Low,Moderate,F,Minor,False,Q1,True,6.4167,0.5818,5271
7516d875-6030-4028-83df-785e2159e40d,Lights,IsleEyre,Lost Fire,2025-11-23,Pop,185637,46,0.6365,0.733,8,-7.17,0,0.0618,142.53,849183,IT,False,Self-Released,2025,11,Sunday,3.09,Medium,Moderate,G#,Minor,False,Q4,True,13.652,0.6657,5271
71439639-19f2-4ba3-bdd8-bad543dc2962,Nights,Horizon,Archives,2023-06-30,Jazz,207183,24,0.3893,0.2659,11,-11.52,1,0.201,94.07,7993,NL,False,Cipher Music,2023,6,Friday,3.45,Low,Moderate,B,Major,False,Q2,False,8.9864,0.3108,385
338d6659-f15a-4c2e-8541-62cfb8309112,The Lights,Drake Jay,Open Pages,2021-08-06,Pop,196704,18,0.5745,0.6974,11,-10.01,1,0.0037,112.16,24191,US,True,Indie Collective,2021,8,Friday,3.28,Low,Moderate,B,Major,True,Q3,False,10.0938,0.5833,186
e866f438-7602-47e8-a4fd-8f679da43385,Ancient Harbors,The Roses,Neon Roses,2022-03-15,R&B,209944,29,0.4729,0.463,1,-12.01,1,0.0355,136.59,37372,KR,False,Sony Music Entertainment,2022,3,Tuesday,3.5,Medium,Quiet,C#,Major,False,Q1,False,10.5287,0.4838,109
8bcad728-eeed-4797-903f-26bd88aab40c,Quiet Roads,The Glasss,Skies,2022-03-30,Hip-Hop,259774,7,0.5996,0.5292,2,-7.08,0,0.0799,122.56,3003,US,True,Horizon Records,2022,3,Wednesday,4.33,Low,Moderate,D,Minor,True,Q1,False,8.0077,0.5409,131
e38988c2-12b8-4291-8a95-37e4e890ac62,The Dreams,Knot Hart,Neon II,2020-10-06,R&B,214025,30,0.7435,0.5776,1,-6.93,0,0.0208,121.36,17579,CL,False,Echo Studios,2020,10,Tuesday,3.57,Medium,Moderate,C#,Minor,False,Q4,False,9.7745,0.6161,12111
807cf5ea-cded-4f3e-a052-aea34937a83e,Distant Mirrors,SethStone,The Quiet Archives,2025-04-28,Reggaeton,229014,36,0.7997,0.5088,5,-10.39,0,0.0345,92.18,26216,US,False,Republic Records,2025,4,Monday,3.82,Medium,Moderate,F,Minor,False,Q2,False,10.1742,0.5694,1486
51078747-ee32-49b2-8c66-06e0ab000fc6,Twisted Hidden Rain,Knot Hart,Paper Roses,2023-07-11,R&B,238240,42,0.5795,0.6046,1,-7.25,1,0.0188,96.66,29057,FR,False,Island Records,2023,7,Tuesday,3.97,Medium,Moderate,C#,Major,False,Q3,False,10.277,0.526,12111
f58a2fa2-bdac-4ebc-8a97-fd3151343b28,Breaking Wings,ValeGlass,Burning Skies,2025-02-14,Pop,223661,36,0.6634,0.8037,9,-8.41,0,0.1468,129.97,26990,ES,False,RCA Records,2025,2,Friday,3.73,Medium,Moderate,A,Minor,False,Q1,False,10.2033,0.6868,981
d86d1335-2d51-4775-800a-f98ac19b3172,Silent Endless Scars,Sterling Zen,The Vivid Sessions,2020-02-22,Rock,226364,38,0.7957,0.8167,10,-7.64,1,0.0023,96.48,49842,US,False,Prism Audio,2020,2,Saturday,3.77,Medium,Moderate,A#,Major,False,Q1,True,10.8166,0.6971,2268
039ade77-8fde-439b-9b9f-9ede40996252,Velvet,Drift Ridge,Invisible Mountains,2021-11-22,Hip-Hop,197994,57,0.8141,0.5858,1,-11.04,1,0.0171,111.25,87752,US,True,Wavelength Records,2021,11,Monday,3.3,High,Moderate,C#,Major,True,Q4,False,11.3823,0.6332,41
f63ad74d-defe-4e03-baf6-4bf4ec889536,Flames,Ethereal,Kind Tears,2023-01-23,Pop,229056,50,0.4148,0.6214,10,-6.38,0,0.0045,140.18,79032,MX,False,Independent,2023,1,Monday,3.82,High,Moderate,A#,Minor,False,Q1,False,11.2776,0.529,3232
3fb3a23d-9df9-452b-b036-0145e00a31ad,Burning Paper Islands,Knot Hart,Wild Mirrors,2022-10-23,R&B,182850,63,0.8448,0.5539,7,-10.63,1,0.0116,111.26,1010829,JP,True,Sony Music Entertainment,2022,10,Sunday,3.05,High,Moderate,G,Major,True,Q4,True,13.8263,0.6327,12111
26446db8-f101-40f3-9f7c-b50eeaf3040b,Deep Rivers,Knot Hart,The Crimson Horizons,2023-09-01,R&B,201740,16,0.8723,0.7321,2,-8.85,1,0.021,95.87,2237,JP,False,RCA Records,2023,9,Friday,3.36,Low,Moderate,D,Major,False,Q3,False,7.7133,0.693,12111
78ba99cd-01c3-4ec0-a4a7-8d132e2a4604,Rain,Blake Crow,Twisted Harbors,2020-03-13,R&B,198604,29,0.843,0.9454,0,-4.16,0,0.0539,121.18,82869,PL,True,Columbia Records,2020,3,Friday,3.31,Medium,Loud,C,Minor,True,Q1,False,11.325,0.8028,179
dc7d62a2-c41c-45f5-8b5c-409f4242453d,Empty Shattered Bridges,Crest Jay,The Twisted Letters,2021-11-03,Hip-Hop,261216,19,0.6349,0.7662,7,-8.71,1,0.0479,165.86,6160,BR,False,Bedroom Records,2021,11,Wednesday,4.35,Low,Moderate,G,Major,False,Q4,False,8.726,0.7117,635
fddbaa73-4e5e-4953-8f3d-d48cec2f368e,Electric Stars,Knot Hart,Records,2024-05-22,R&B,158333,14,0.4923,0.4276,4,-10.28,1,0.0376,99.16,6515,SG,False,Spectrum Music,2024,5,Wednesday,2.64,Low,Moderate,E,Major,False,Q2,False,8.782,0.4239,12111
8e3550a8-3f73-4826-b353-afeaacc72141,Velvet Flames,Knot Hart,Ancient Circles,2023-10-29,Latin,202264,78,1.0,0.7376,6,-5.1,1,0.0298,133.98,1538555,MX,False,Columbia Records,2023,10,Sunday,3.37,Very High,Loud,F#,Major,False,Q4,True,14.2464,0.8007,12111
d8a64f31-e610-4339-be6b-d37c416a7b44,Wings,The Wests,Fading,2020-09-25,R&B,125924,53,0.8319,0.3797,4,-8.8,1,0.0068,121.5,754097,US,False,Sony Music Entertainment,2020,9,Friday,2.1,High,Moderate,E,Major,False,Q3,False,13.5333,0.5725,293
03af7e08-0b4f-455c-b53b-b89c15c32a9c,Keys,Knot Hart,Islands,2025-04-07,R&B,212259,15,0.9196,0.6453,9,-10.61,1,0.0318,109.02,1836,BR,False,Nova Records,2025,4,Monday,3.54,Low,Moderate,A,Major,False,Q2,False,7.5159,0.696,12111
d755dd11-28b5-4d54-bedb-ae62a625975c,Turning Lights,Kira Moon,Horizons,2023-10-22,Indie,209814,34,0.7033,0.5112,2,-11.67,1,0.1626,110.35,80898,MX,False,Bedroom Records,2023,10,Sunday,3.5,Medium,Moderate,D,Major,False,Q4,True,11.301,0.5577,95
d7f3ae4e-f655-44c2-9bed-649343772f5b,Broken Glass Circles,Dean Reed,Cosmic Demons,2022-12-22,Reggaeton,262675,35,0.8464,0.6015,0,-9.36,1,0.0018,88.38,50326,AU,False,Drift Music,2022,12,Thursday,4.38,Medium,Moderate,C,Major,False,Q4,False,10.8263,0.6197,277
46ae916b-11d3-4b05-bcf7-006456417698,Voices,Knot Hart,The Heavy Tales,2025-12-15,R&B,102868,18,0.6293,0.4747,7,-9.8,1,0.0099,98.13,13604,MX,True,Def Jam Recordings,2025,12,Monday,1.71,Low,Moderate,G,Major,True,Q4,False,9.5182,0.4961,12111
d58c6cdb-eddb-4240-bbad-e863f31b2ab1,Wild Urban Rivers,Knot Hart,Inner Tears,2025-10-11,R&B,236323,41,0.6503,0.5361,7,-10.8,0,0.0516,97.63,31723,CA,False,Horizon Records,2025,10,Saturday,3.94,Medium,Moderate,G,Minor,False,Q4,True,10.3648,0.5283,12111
b7bcc8cd-1a25-4d71-aa48-86fdeb553efa,Glowing Soul,LolaCross,The Endless Archives,2025-12-22,Pop,171142,59,0.5595,0.6351,9,-8.51,0,0.0012,106.43,1626927,NG,False,Spectrum Music,2025,12,Monday,2.85,High,Moderate,A,Minor,False,Q4,False,14.3022,0.5442,6
90159bdd-47d6-47e3-b280-061f5ed71ec0,Dark Paradise,Ethereal,Skies,2023-05-14,Pop,170757,13,0.5889,0.598,6,-7.98,1,0.0999,117.58,6531,TR,False,Echo Studios,2023,5,Sunday,2.85,Low,Moderate,F#,Major,False,Q2,True,8.7845,0.557,3232
928c84f8-fd7f-405e-b73a-4080821a1e4e,Gardens,Ethereal,Sacred II,2021-04-10,Pop,202710,20,0.6097,0.6534,2,-7.1,1,0.0029,138.1,12870,GB,False,Stardust Label,2021,4,Saturday,3.38,Low,Moderate,D,Major,False,Q2,True,9.4627,0.6168,3232
0c43fc8c-94c5-4a3c-b46c-b6c24d9b3a89,Broken Whispers,Axel Gold,Stars,2020-04-29,Hip-Hop,234274,6,0.5403,0.5519,4,-10.79,0,0.0135,144.76,776,GB,False,Self-Released,2020,4,Wednesday,3.9,Low,Moderate,E,Minor,False,Q2,False,6.6554,0.558,83
6bdd897a-412a-4dd4-9394-3dc50b76cb21,The Flames,ClayNix,Inner Streets,2024-01-28,Rock,215158,42,0.7237,0.6977,10,-8.4,0,0.091,151.62,383095,US,False,Spectrum Music,2024,1,Sunday,3.59,Medium,Moderate,A#,Minor,False,Q1,True,12.856,0.6994,24
659d9cfb-1a93-43ad-99f9-7f883e6d235d,Inner Velvet Wings,Drift Bond,Neon Love,2025-11-21,EDM,166321,10,0.7417,0.7047,4,-9.73,1,0.0421,136.01,8445,US,False,Columbia Records,2025,11,Friday,2.77,Low,Moderate,E,Major,False,Q4,False,9.0414,0.6871,13
17ddad27-79c8-43d9-8159-a532bd9e80d9,Roses,Drake Jay,The Invisible Fragments,2023-01-29,Pop,237847,56,0.6022,0.8007,7,-5.03,1,0.1529,134.2,343354,TR,True,Pulse Records,2023,1,Sunday,3.96,High,Loud,G,Major,True,Q1,True,12.7465,0.6672,186
46b32ea2-fa4f-4c87-939f-47c97a635736,Walking Nights,Ethereal,Shadows,2023-02-11,Pop,142343,22,0.8179,0.5317,2,-8.0,1,0.0258,136.1,3697,IT,False,Epic Records,2023,2,Saturday,2.37,Low,Moderate,D,Major,False,Q1,True,8.2155,0.6486,3232
521b210c-0e0f-4a67-9933-cb7e1f682c8c,Shadows,Knot Hart,The Gentle Tapes,2022-09-08,R&B,127982,10,0.5411,0.5696,4,-6.82,1,0.0257,101.82,2675,BR,False,Spectrum Music,2022,9,Thursday,2.13,Low,Moderate,E,Major,False,Q3,False,7.8921,0.504,12111
fce52325-5048-4524-8d6d-6bcaf2c2c31b,Broken Roads,Jasper Wilde,Open IV,2022-08-22,R&B,190318,3,0.674,0.6053,4,-7.78,1,0.0001,131.57,805,PL,False,Nova Records,2022,8,Monday,3.17,Low,Moderate,E,Major,False,Q3,False,6.6921,0.614,116
4105aa98-36d9-4d7c-bef8-bdc25791666c,Mountains,ValeGlass,Notes,2024-09-26,Rock,203425,48,0.6719,0.7187,1,-9.36,0,0.1584,121.12,128553,IT,False,Island Records,2024,9,Thursday,3.39,Medium,Moderate,C#,Minor,False,Q3,False,11.7641,0.6436,981
bc2131c2-0066-42b8-9167-0be869edcb27,Gentle Soul,Sterling Zen,Floors,2020-04-22,Folk,224582,61,0.2466,0.2136,0,-10.32,1,0.1356,153.07,1149714,US,False,Epic Records,2020,4,Wednesday,3.74,High,Moderate,C,Major,False,Q2,False,13.955,0.317,2268
193a7af2-edef-4c4c-bbc5-c712201eec43,The Doors,The Glens,Floors,2021-03-29,Hip-Hop,242648,31,0.8996,0.7473,2,-6.57,1,0.019,136.84,33568,IT,False,Horizon Records,2021,3,Monday,4.04,Medium,Moderate,D,Major,False,Q1,False,10.4214,0.7685,29
1cd1d7db-dc0b-49be-91b2-1ded5c4edecd,Scars,Knot Hart,Revolutions,2021-06-30,R&B,213450,12,0.7256,0.46,4,-5.67,1,0.0122,121.28,11945,AU,False,Prism Audio,2021,6,Wednesday,3.56,Low,Loud,E,Major,False,Q2,False,9.3882,0.5618,12111
eef6740d-1a94-4356-82ec-3fcc85ca3dac,Neon,SethStone,The Invisible Reflections,2020-04-04,Metal,229498,24,0.4624,1.0,8,-6.12,1,0.6253,173.72,14647,JP,False,Stardust Label,2020,4,Saturday,3.82,Low,Moderate,G#,Major,False,Q2,True,9.5921,0.7474,1486
93f78e68-dcac-4623-9130-dd8ae3eee1c4,Tears,Knot Hart,Fragments,2020-12-30,R&B,282590,73,0.6808,0.6154,5,-5.84,1,0.0258,109.79,4887219,CA,True,Def Jam Recordings,2020,12,Wednesday,4.71,High,Loud,F,Major,True,Q4,False,15.4021,0.5896,12111
c42cbe58-33dc-4e8a-9297-b8214048f8d4,Stars,Rocco Ore,The Hollow Reflections,2022-04-12,R&B,130793,37,0.646,0.7212,3,-8.96,0,0.0462,133.79,14247,NL,False,Spectrum Music,2022,4,Tuesday,2.18,Medium,Moderate,D#,Minor,False,Q2,False,9.5644,0.6523,1709
2d4daa7c-e541-4f6c-95a6-8b54f69dcd8e,Young Storm,Knot Hart,Eternal V,2023-03-05,R&B,224494,17,0.7524,0.5488,11,-6.53,0,0.0219,117.37,6643,DE,False,Neon Label,2023,3,Sunday,3.74,Low,Moderate,B,Minor,False,Q1,True,8.8015,0.6024,12111
c8414382-0106-48f5-8ecf-df05386c2f01,Thunder,Knot Hart,Bitter,2025-02-19,R&B,215831,51,0.6254,0.7052,1,-6.94,1,0.0725,108.87,80564,US,False,Nova Records,2025,2,Wednesday,3.6,High,Moderate,C#,Major,False,Q1,False,11.2968,0.6021,12111
a5384661-320a-4e9a-9cb0-815dab73c496,Worlds,Knot Hart,Wicked I,2022-11-15,R&B,273248,13,0.7921,0.4264,1,-8.59,1,0.069,129.54,5788,US,False,RCA Records,2022,11,Tuesday,4.55,Low,Moderate,C#,Major,False,Q4,False,8.6637,0.5867,12111
92b1a936-6940-4115-a803-c2b9eed5fc4a,Oceans,Hawk Theory,Wild Paradise,2025-08-28,Pop,159377,38,0.6252,0.6969,9,-7.82,1,0.0503,104.72,49348,SG,False,Interscope Records,2025,8,Thursday,2.66,Medium,Moderate,A,Major,False,Q3,False,10.8067,0.5927,492
07427be2-d512-4d69-aab9-51e9edc767f5,Electric Stars,The Flints,The Silver Records,2025-07-11,K-Pop,168894,23,0.8091,0.8813,5,-7.6,0,0.0889,107.93,20354,US,False,Cipher Music,2025,7,Friday,2.81,Low,Moderate,F,Minor,False,Q3,False,9.9211,0.7446,181
763692bc-9706-4cab-92ba-f6847fcf1f35,Bitter,The Dawns,Sacred,2022-12-14,Hip-Hop,173102,43,1.0,0.9288,9,-3.72,0,0.0231,118.2,44430,ZA,False,Self-Released,2022,12,Wednesday,2.89,Medium,Loud,A,Minor,False,Q4,False,10.7017,0.8547,750
8691f065-3171-45d0-a8a3-95127ef21a32,Electric Skies,Drake Stone,Glass Tears,2021-09-11,Pop,221401,16,0.7061,0.7391,8,-8.86,0,0.139,131.91,19323,KR,False,Self-Released,2021,9,Saturday,3.69,Low,Moderate,G#,Minor,False,Q3,True,9.8691,0.6808,12
22737693-1ac9-49f5-9053-2de9a9330750,Mountains,Ethereal,Sessions,2025-07-20,Pop,212940,41,0.6075,0.5388,0,-8.62,1,0.02,113.24,88379,NZ,False,Indie Collective,2025,7,Sunday,3.55,Medium,Moderate,C,Major,False,Q3,True,11.3894,0.5346,3232
117808f9-0ceb-4630-b3e9-8ef83eb56e24,Jumping Dreams,IsleEyre,Eternal,2022-04-14,Pop,168205,16,0.5702,0.6012,4,-9.22,1,0.0029,134.66,7323,US,False,Capitol Records,2022,4,Thursday,2.8,Low,Moderate,E,Major,False,Q2,False,8.8989,0.5752,5271
fffb6405-f0e0-47b2-98c0-1f9ed3a3f375,Empty Roses,CelesteStone,The Vivid Sessions,2020-11-10,Hip-Hop,231239,53,0.647,0.5873,3,-4.68,0,0.0348,160.24,136515,ES,False,Universal Music Group,2020,11,Tuesday,3.85,High,Loud,D#,Minor,False,Q4,False,11.8242,0.6369,46
f351a08f-c21c-4374-b0ac-4775d5a34f4d,Falling Oceans,Knot Hart,Cloudy V,2020-11-28,Pop,222830,33,0.7169,0.556,7,-6.93,0,0.0056,126.23,9072,KR,False,Def Jam Recordings,2020,11,Saturday,3.71,Medium,Moderate,G,Minor,False,Q4,True,9.1131,0.6038,12111
58ae9e99-939b-4c56-8a33-4987b6a57dee,Jagged,The Grays,Crimson Love,2021-06-13,Hip-Hop,247924,10,0.7399,0.7168,3,-5.77,0,0.0147,154.92,3433,NL,False,Self-Released,2021,6,Sunday,4.13,Low,Loud,D#,Minor,False,Q2,True,8.1415,0.7183,7
16f6a4a7-07e4-4785-adeb-b6dadfe92825,Ancient,Knot Hart,Paper Wings,2024-06-21,R&B,135753,13,0.7179,0.4302,1,-10.71,1,0.0014,102.46,5006,GB,False,Catalyst Records,2024,6,Friday,2.26,Low,Moderate,C#,Major,False,Q2,False,8.5186,0.5199,12111
130145aa-e984-4da1-a77a-bd9ff20d0495,Floating Storm,Zara Marsh,Fragments,2023-06-24,Hip-Hop,177615,43,0.5131,0.6569,10,-7.11,1,0.006,140.62,114988,MX,True,Island Records,2023,6,Saturday,2.96,Medium,Moderate,A#,Major,True,Q2,True,11.6526,0.5832,13
91d0b6da-2518-4f2c-b7ba-a83fdb8b92a0,Cosmic Tears,Knot Hart,Quiet,2024-09-28,R&B,186923,24,0.6909,0.3272,1,-11.06,0,0.0107,111.61,10456,NL,False,Midnight Records,2024,9,Saturday,3.12,Low,Moderate,C#,Minor,False,Q3,True,9.255,0.481,12111
e895042c-8f69-4dfa-9175-2b9d8b521d5c,The Memories,Euphoria,Lost Islands,2021-09-27,Trap,216430,3,0.638,0.7115,7,-7.9,1,0.0094,140.27,796,KR,True,Stardust Label,2021,9,Monday,3.61,Low,Moderate,G,Major,True,Q3,False,6.6809,0.6545,44
caa55946-6bd5-482e-a058-2beda5edb80d,Shadows,ElaraRain,The Hidden Revolutions,2025-11-12,Metal,182738,23,0.4505,0.949,6,-4.11,1,0.0035,181.45,31435,US,True,Self-Released,2025,11,Wednesday,3.05,Low,Loud,F#,Major,True,Q4,False,10.3557,0.7333,1111
5101ff34-c003-4688-b375-fdb193cf14d0,Lines,Ember Wood,Vivid Mountains,2020-11-30,Rock,221200,17,0.5306,0.6523,8,-6.51,1,0.4458,136.46,2900,CO,False,Pulse Records,2020,11,Monday,3.69,Low,Moderate,G#,Major,False,Q4,False,7.9728,0.5824,8
5fc57a7c-fadb-4329-8250-1a4ff7396443,Wicked Crimson Islands,Knot Hart,Shattered Fire,2025-01-16,R&B,174127,13,0.7185,0.5563,9,-5.78,0,0.0085,116.11,3050,MX,False,Pulse Records,2025,1,Thursday,2.9,Low,Loud,A,Minor,False,Q1,False,8.0232,0.5901,12111
79a4331a-f0ca-42e1-8bd2-cec6cd172b7c,Inner Wicked Mountains,ValeGlass,The Young Reflections,2021-04-22,Pop,212485,60,0.8381,0.6802,0,-6.65,1,0.0444,130.38,772300,IN,False,Wavelength Records,2021,4,Thursday,3.54,High,Moderate,C,Major,False,Q2,False,13.5571,0.7079,981
769a59cd-3eea-4f61-9a0b-d0d33e492b65,Heavy,Blaze Core,The Endless Dimensions,2024-06-05,Punk,223783,13,0.2312,0.8189,4,-6.28,1,0.1541,170.61,6513,US,True,Island Records,2024,6,Wednesday,3.73,Low,Moderate,E,Major,True,Q2,False,8.7817,0.5781,16
bc8d7e8d-4ebd-49db-b5ea-509295d7d79e,Fierce Storm,ElaraRain,Open I,2022-02-20,Rock,145779,24,0.4468,0.6881,1,-6.56,1,0.2166,131.41,6851,IN,False,Independent,2022,2,Sunday,2.43,Low,Moderate,C#,Major,False,Q1,True,8.8323,0.556,1111
22cfa5fd-01be-475a-9b54-7727db88cd37,Glass Wings,Luna Ink,Paper V,2022-04-04,Latin,183101,60,0.608,0.7781,4,-8.18,1,0.0278,94.66,417186,ID,True,Universal Music Group,2022,4,Monday,3.05,High,Moderate,E,Major,True,Q2,False,12.9413,0.604,577
eb13957c-070b-4dc0-bf28-43a2c61e1657,Crawling Bridges,The Wests,The Burning Tapes,2023-04-06,R&B,175066,12,0.6872,0.6968,0,-7.5,1,0.0376,107.59,398,IN,False,Wavelength Records,2023,4,Thursday,2.92,Low,Moderate,C,Major,False,Q2,False,5.989,0.6216,293
6638c79f-b2a1-4af5-987d-27d59f8a2956,Open Distant Storm,Sterling Zen,Crystal Circles,2025-04-22,Rock,230474,14,0.5757,0.6809,1,-11.19,1,0.183,118.86,2876,ZA,False,Midnight Records,2025,4,Tuesday,3.84,Low,Moderate,C#,Major,False,Q2,False,7.9645,0.5867,2268
560069a0-2998-4304-bc07-90edd44a2c15,Skies,Luna Ink,Letters,2025-04-02,Rock,97932,13,0.6761,0.6889,2,-5.83,0,0.1519,126.21,6584,AR,False,Midnight Records,2025,4,Wednesday,1.63,Low,Loud,D,Minor,False,Q2,False,8.7925,0.6406,577
922dc895-bcf3-4750-bff0-1008f4d8c993,Heavy Rivers,The Dawns,The Hollow Horizons,2023-03-02,Pop,224271,29,0.5859,0.6509,11,-7.94,0,0.0469,128.07,22905,ES,True,Echo Studios,2023,3,Thursday,3.74,Medium,Moderate,B,Minor,True,Q1,False,10.0392,0.592,750
8a7a557d-1ea3-4815-8ee9-79f16b829004,Echoes,Dean Rivers,Burning Oceans,2020-03-15,EDM,159463,42,0.9106,1.0,5,-1.23,0,0.5338,122.73,49353,MX,True,Stardust Label,2020,3,Sunday,2.66,Medium,Loud,F,Minor,True,Q1,True,10.8068,0.8539,36
6c01c188-ee47-4f64-bbad-0293de95f3e3,Drowning Keys,Knot Hart,Reflections,2022-07-17,R&B,244707,22,0.7038,0.5285,1,-6.07,1,0.0443,122.29,10803,IN,False,Universal Music Group,2022,7,Sunday,4.08,Low,Moderate,C#,Major,False,Q3,True,9.2877,0.5819,12111
a09ccdc2-adbe-479c-8172-ea8bae141945,The Edges,IsleEyre,Sessions,2020-07-25,Pop,242183,48,0.4977,0.8179,7,-6.95,0,0.0704,118.74,100266,MY,False,Republic Records,2020,7,Saturday,4.04,Medium,Moderate,G,Minor,False,Q3,True,11.5156,0.6102,5271
828d9b78-ac6e-4eab-bbf6-a9b1a2c9ed02,Streets,Maya Edge,The Neon Diaries,2021-03-07,Pop,216818,16,0.8089,0.8688,2,-3.35,1,0.0577,117.96,14309,TR,False,Pulse Records,2021,3,Sunday,3.61,Low,Loud,D,Major,False,Q1,True,9.5687,0.7539,16
d76e577d-eb06-4581-8847-47a164e203f4,The Flames,Leo Drake,Fragments,2023-10-02,Pop,158390,34,0.4497,0.9006,2,-3.13,1,0.0534,112.37,48837,GB,False,Catalyst Records,2023,10,Monday,2.64,Medium,Loud,D,Major,False,Q4,False,10.7963,0.6149,45
3165f9ef-499e-475a-9626-dd21bf7ae32f,Waiting Eyes,Sterling Zen,Journeys,2025-08-30,Folk,201113,45,0.5924,0.3289,2,-12.29,1,0.0789,87.9,551372,MX,False,Island Records,2025,8,Saturday,3.35,Medium,Quiet,D,Major,False,Q3,True,13.2202,0.4084,2268
c42c3c84-6723-475e-86f2-11fe47f4b8ca,Fire,Crest Jay,The Kind Chronicles,2022-07-23,EDM,279508,24,0.7827,0.7173,2,-9.66,0,0.0926,136.65,14295,DE,False,Def Jam Recordings,2022,7,Saturday,4.66,Low,Moderate,D,Minor,False,Q3,True,9.5677,0.7095,635
48f9ab8a-7ae6-4fd7-a0a7-ff6f04f91275,Scars,IsleEyre,Frequencies,2025-10-20,Pop,178013,57,0.6206,0.6653,1,-7.28,1,0.021,111.56,1205644,BR,False,Columbia Records,2025,10,Monday,2.97,High,Moderate,C#,Major,False,Q4,False,14.0025,0.588,5271
6ff1701f-f631-4347-8ad3-1d02edf6ea8d,Islands,Knot Hart,Doors,2020-08-24,Pop,95058,41,0.8727,0.7393,10,-4.1,0,0.0006,118.81,133169,SE,False,Capitol Records,2020,8,Monday,1.58,Medium,Loud,A#,Minor,False,Q3,False,11.7994,0.7288,12111
61b588cb-ce0a-4f6b-bf5f-9c9206ad4eed,Gentle Storm,Rocco Ore,Ancient,2023-07-08,R&B,176434,39,0.8267,0.5284,5,-12.55,1,0.0009,96.04,66404,GB,False,Apex Records,2023,7,Saturday,2.94,Medium,Quiet,F,Major,False,Q3,True,11.1035,0.5935,1709
585b783b-5ffe-44ee-9cc9-30815f7004ab,Spinning Mountains,Ethereal,Paradise,2024-12-16,Pop,206181,26,0.7425,0.6922,11,-6.95,1,0.0392,106.01,14187,NL,False,Echo Studios,2024,12,Monday,3.44,Medium,Moderate,B,Major,False,Q4,False,9.5602,0.6396,3232
337d71ca-a123-4967-b25b-e5c4e6658a34,The Circles,The Dawns,Kind Memories,2023-03-08,Pop,141836,16,0.6854,0.8106,3,-4.73,1,0.0137,137.72,13380,CA,False,Pulse Records,2023,3,Wednesday,2.36,Low,Loud,D#,Major,False,Q1,False,9.5016,0.7094,750
3b1ec299-7de6-42d8-ba08-9eb45a4a3774,The Roses,Knot Hart,The Urban Chronicles,2025-08-31,R&B,200759,15,0.7173,0.1886,1,-14.13,0,0.0142,104.28,14214,PH,False,Cipher Music,2025,8,Sunday,3.35,Low,Quiet,C#,Minor,False,Q3,True,9.5621,0.4256,12111
566b3893-7bba-4366-bf67-549abdb243e0,Deep Lines,Dawn Gray,Demons,2022-08-25,Reggaeton,241395,10,0.9728,0.6559,11,-3.31,0,0.0177,100.37,6536,CA,False,Apex Records,2022,8,Thursday,4.02,Low,Loud,B,Minor,False,Q3,False,8.7852,0.7092,8
4bebaceb-6403-4740-b26f-a1b058c67896,The Tears,Lola Wood,Glass Wings,2025-10-29,Alternative,211985,43,0.6313,0.7685,11,-6.58,1,0.1071,129.75,20077,BR,False,Stardust Label,2025,10,Wednesday,3.53,Medium,Moderate,B,Major,False,Q4,False,9.9074,0.6596,7
4bcfb360-2d31-4a46-901f-3b42c5a83001,Glowing Roads,The Wests,The Crimson Revolutions,2020-09-11,Pop,127344,19,0.4564,0.3579,6,-11.28,0,0.0025,112.37,7373,IN,False,Spectrum Music,2020,9,Friday,2.12,Low,Moderate,F#,Minor,False,Q3,False,8.9057,0.4005,293
f0e3bb5b-529e-4f09-8ad3-e476cecb688d,The Eyes,ElaraRain,Sacred,2024-09-30,Rock,128130,37,0.492,0.9,7,-1.55,0,0.0545,103.6,24819,EG,False,Self-Released,2024,9,Monday,2.14,Medium,Loud,G,Minor,False,Q3,False,10.1194,0.6191,1111
da86564b-a996-4440-be61-274ccd68f931,Nights,IsleEyre,Twisted Ghosts,2021-06-13,Pop,149377,41,0.6996,0.7103,11,-4.42,1,0.0702,108.6,69801,FR,False,Indie Collective,2021,6,Sunday,2.49,Medium,Loud,B,Major,False,Q2,True,11.1534,0.6334,5271
3fc193a2-4dae-4365-bdc9-7fc7b08a34ae,Wicked,Blake Ore,Golden Eyes,2024-07-31,Pop,152762,11,0.7651,0.7812,1,-7.63,1,0.0152,113.73,2324,AU,True,Neon Label,2024,7,Wednesday,2.55,Low,Moderate,C#,Major,True,Q3,False,7.7515,0.6953,98
d9e31b23-cc55-489b-930c-c378624fc8ba,Distant Lights,Jasper Cloud,Verses,2024-09-23,EDM,198227,14,0.613,0.8246,0,-2.02,0,0.5143,120.63,7259,BR,False,Pulse Records,2024,9,Monday,3.3,Low,Loud,C,Minor,False,Q3,False,8.8901,0.6617,327
d3f29b9a-7bea-400c-8296-83c710d83b2c,Storm,Knot Hart,Memories,2023-06-22,R&B,240944,27,0.7584,0.406,9,-12.78,1,0.0082,110.65,7903,BR,False,Neon Label,2023,6,Thursday,4.02,Medium,Quiet,A,Major,False,Q2,False,8.9751,0.5381,12111
a9e38242-1097-4540-982d-864d6e918ac4,Dark Lines,Rex Scar,Bitter Roads,2024-08-04,Hip-Hop,223138,17,0.9151,0.4016,6,-7.7,1,0.0093,160.2,4634,DE,False,Stardust Label,2024,8,Sunday,3.72,Low,Moderate,F#,Major,False,Q3,True,8.4414,0.6698,25
6cd93124-cd12-458f-9ecc-354f3acc54c5,The Streets,Vera Rain,Sessions,2021-05-22,Folk,226039,30,0.3514,0.5312,10,-6.65,1,0.1025,63.44,25712,US,False,Self-Released,2021,5,Saturday,3.77,Medium,Moderate,A#,Major,False,Q2,True,10.1548,0.358,91
c09200be-eee0-4c10-a471-52d1bc16b599,Vivid Liquid Waves,Jade Gold,Reflections,2025-12-18,K-Pop,199520,53,0.6481,0.8054,2,-9.09,0,0.0225,120.85,359871,GB,True,Stardust Label,2025,12,Thursday,3.33,High,Moderate,D,Minor,True,Q4,False,12.7935,0.6683,15
54cd98cb-2128-457f-b286-9cad5cc9d316,Paradise,Isle Jay,Neon Voices,2020-07-03,Latin,278180,14,0.7137,0.9023,7,-5.88,0,0.0141,123.11,4529,US,False,Universal Music Group,2020,7,Friday,4.64,Low,Loud,G,Minor,False,Q3,False,8.4185,0.7366,241
e4171c63-bad2-4712-9339-3cf4d46ffd66,Fading Love,Crest Jay,Fading Memories,2021-08-12,EDM,215532,18,0.8171,0.9787,2,-1.91,1,0.1906,154.2,3169,US,False,Midnight Records,2021,8,Thursday,3.59,Low,Loud,D,Major,False,Q3,False,8.0615,0.8529,635
f76361ab-1380-4b0a-81ba-9fae1e28749d,The Circles,Sterling Zen,Quiet Pages,2023-08-03,Folk,102245,17,0.4846,0.1922,2,-8.94,1,0.1153,95.51,3991,BR,False,Bedroom Records,2023,8,Thursday,1.7,Low,Moderate,D,Major,False,Q3,False,8.292,0.3214,2268
a21ce9a3-3c1c-462a-ab35-7bd52821b089,Golden Demons,Vera Ore,Gentle,2021-04-16,Trap,235363,6,0.9039,0.7408,4,-3.53,1,0.0065,136.83,1961,IN,False,Wavelength Records,2021,4,Friday,3.92,Low,Loud,E,Major,False,Q2,False,7.5817,0.7676,23
6ee0f68a-e0c7-4680-b493-0af332a9aa28,Bitter Streets,Blaze Project,Endless Ghosts,2022-10-05,Classical,271047,33,0.3063,0.4191,8,-8.58,0,1.0,90.75,61609,US,False,Indie Collective,2022,10,Wednesday,4.52,Medium,Moderate,G#,Minor,False,Q4,False,11.0286,0.3341,53
c2434cbf-179d-40a8-bcb2-a12ea922a19d,Edges,Knot Hart,Dark Dreams,2021-11-19,R&B,208497,15,0.748,0.5301,3,-7.36,1,0.0091,134.18,912,DE,False,Stardust Label,2021,11,Friday,3.47,Low,Moderate,D#,Major,False,Q4,False,6.8167,0.6172,12111
02ce4b53-462a-4abf-b5a0-a0ab67e99aae,The Thunder,Knot Hart,Velvet,2025-05-29,R&B,228779,47,0.8569,0.4088,4,-9.08,1,0.0545,93.82,17844,ID,False,Island Records,2025,5,Thursday,3.81,Medium,Moderate,E,Major,False,Q2,False,9.7895,0.5546,12111
7d3e925a-8654-4a6f-a562-9b48ad3ca671,Lost Mountains,Ethereal,Worlds,2021-10-23,Pop,181400,36,0.7276,0.4617,11,-12.94,1,0.0005,134.03,84742,US,True,Nova Records,2021,10,Saturday,3.02,Medium,Quiet,B,Major,True,Q4,True,11.3474,0.5815,3232
2a8d9435-0f3f-44ae-b39b-dbd7485284ef,Empty,Infiniti,Wicked Oceans,2025-08-29,Hip-Hop,243978,28,0.8816,0.4496,5,-6.81,0,0.0316,117.96,8217,EG,False,Stardust Label,2025,8,Friday,4.07,Medium,Moderate,F,Minor,False,Q3,False,9.0141,0.6153,96
50f3ba3d-269e-41ef-97b2-5692ba34a67d,Heavy Twisted Keys,Nyla Gate,Inner,2021-07-01,Latin,290938,36,0.9806,0.8142,10,-4.18,0,0.0109,119.9,196779,JP,True,Universal Music Group,2021,7,Thursday,4.85,Medium,Loud,A#,Minor,True,Q3,False,12.1898,0.8035,7
6173c1b6-cc85-49b8-88ee-173c98adbec2,Empty Silent Bones,Knot Hart,Fleeting V,2020-11-28,R&B,184425,41,0.8873,0.6026,10,-9.46,0,0.056,132.64,135490,CA,False,Stardust Label,2020,11,Saturday,3.07,Medium,Moderate,A#,Minor,False,Q4,True,11.8167,0.6997,12111
3794ffc1-8e25-40a0-9260-bdd7416c6480,Jagged Silver Islands,The Dawns,Distant II,2021-12-26,Pop,220133,16,0.7379,0.5075,11,-15.14,0,0.0015,105.36,4605,US,False,Echo Studios,2021,12,Sunday,3.67,Low,Quiet,B,Minor,False,Q4,True,8.4351,0.563,750
b8927a83-641e-4e27-9f22-221949bb1825,Wicked Hollow Dreams,Ethereal,Bitter Scars,2023-05-26,Pop,155487,14,0.7474,0.8383,11,-6.95,1,0.0084,123.45,6856,NZ,False,Self-Released,2023,5,Friday,2.59,Low,Moderate,B,Major,False,Q2,False,8.833,0.7249,3232
e451ea6f-aeab-44e9-9cd1-509cb747d928,Opening Doors,Zara Marsh,Stars,2023-02-10,Hip-Hop,204479,31,0.825,0.4984,9,-9.66,1,0.0213,131.9,11735,US,True,Spectrum Music,2023,2,Friday,3.41,Medium,Moderate,A,Major,True,Q1,False,9.3704,0.6321,13
79efb9a8-813c-44a3-8f19-af9a8b2dff30,Empty Fire,OpalOak,Fierce V,2020-09-23,Trap,296441,21,0.6868,0.8521,2,-9.5,1,0.0229,144.16,12528,CA,True,Island Records,2020,9,Wednesday,4.94,Low,Moderate,D,Major,True,Q3,False,9.4358,0.7358,71
53a8d7c4-e449-48c7-b96f-be5f73647f69,Twisted,KnoxWilde,Raw Tears,2025-02-02,Metal,195628,30,0.4995,0.8802,0,-5.95,0,0.1195,162.98,17783,KR,False,Self-Released,2025,2,Sunday,3.26,Medium,Loud,C,Minor,False,Q1,True,9.7861,0.699,68
6c7ad780-f612-49be-bfd2-1d4185db7842,Sacred Oceans,Rocco Ore,Urban Fire,2025-10-19,R&B,254940,23,0.6451,0.672,0,-3.79,0,0.064,106.88,20749,GB,False,Midnight Records,2025,10,Sunday,4.25,Low,Loud,C,Minor,False,Q4,True,9.9403,0.5938,1709
15baac8f-9199-42a6-ae8e-8dddfb7908fc,Breathing Fire,Sterling Zen,The Golden Revolutions,2024-10-01,Hip-Hop,158425,40,0.9324,0.5687,1,-8.62,0,0.0127,99.33,55334,US,False,Warner Music Group,2024,10,Tuesday,2.64,Medium,Moderate,C#,Minor,False,Q4,False,10.9212,0.6566,2268
2aead7d3-b38b-4454-8311-94a58ec530a5,Burning Roads,IsleEyre,Neon,2023-10-01,Pop,206316,29,0.4852,0.5689,4,-8.32,1,0.0297,125.04,12651,IN,False,Self-Released,2023,10,Sunday,3.44,Medium,Moderate,E,Major,False,Q4,True,9.4456,0.5146,5271
13548a0b-ab33-4490-b499-8afb57deb25a,Keys,Knot Hart,Lost Heart,2025-01-02,R&B,117594,36,0.8116,0.5897,9,-12.76,1,0.0033,123.26,70601,SG,False,Independent,2025,1,Thursday,1.96,Medium,Quiet,A,Major,False,Q1,False,11.1648,0.6509,12111
d6b8b7b2-5933-4fda-a618-8a50cf9f8e73,Fleeting Scars,Vince West,Jagged Chains,2023-05-19,R&B,177485,33,0.7844,0.4429,9,-7.62,1,0.0179,108.1,30464,US,False,Pulse Records,2023,5,Friday,2.96,Medium,Moderate,A,Major,False,Q2,False,10.3243,0.5596,55
e4bd0b1b-f3d4-43b3-8425-81af1c9da0bd,Golden Mystic Winds,Axel Gold,The Sacred Sessions,2020-02-13,Hip-Hop,169913,30,0.798,0.7481,7,-7.91,1,0.0076,144.06,13446,SE,False,Bedroom Records,2020,2,Thursday,2.83,Medium,Moderate,G,Major,False,Q1,False,9.5065,0.7385,83
0bcc06b5-ed37-4932-bc7e-6216cc2f77ea,Edges,The Crosss,The Velvet Diaries,2020-10-03,Jazz,183492,18,0.3288,0.2592,9,-12.83,0,0.0525,61.47,7490,US,False,Cipher Music,2020,10,Saturday,3.06,Low,Quiet,A,Minor,False,Q4,True,8.9215,0.2373,7
92c38b9b-c893-4301-a0a1-03081c1c8d22,Drowning Eyes,Velocity,The Wicked Notes,2020-09-04,Pop,188246,14,0.4256,0.6306,2,-5.47,1,0.0009,127.04,8197,DE,False,Spectrum Music,2020,9,Friday,3.14,Low,Loud,D,Major,False,Q3,False,9.0116,0.5183,9
0cd770de-2873-43aa-b4c5-e2ebefc2e0f8,The Worlds,ValeGlass,Verses,2020-02-03,Pop,208426,54,0.8778,0.7387,8,-8.54,1,0.0128,106.76,842777,ES,True,Neon Label,2020,2,Monday,3.47,High,Moderate,G#,Major,True,Q1,False,13.6445,0.7134,981
f7b90d19-6aa0-4f2f-af73-53c69c4258dc,Keys,Willow Jet,The Vivid Revolutions,2022-03-31,Hip-Hop,265151,20,0.757,0.7068,10,-6.74,0,0.0242,67.5,27791,SE,False,Wavelength Records,2022,3,Thursday,4.42,Low,Moderate,A#,Minor,False,Q1,False,10.2325,0.5962,136
6d5424d2-8962-4dd7-9be3-251871d593d7,Crystal Keys,SilkHollow,Young Thunder,2024-09-10,Latin,90000,16,0.6944,0.6239,5,-7.57,1,0.037,117.0,4644,IN,False,Self-Released,2024,9,Tuesday,1.5,Low,Moderate,F,Major,False,Q3,False,8.4435,0.6087,23
f464c67e-ddba-4239-8649-c8d7c5bfddb4,Lights,The Drakes,The Twisted Sessions,2023-09-19,K-Pop,225591,53,0.9092,0.8317,11,-8.6,1,0.0125,122.51,463262,DE,False,Universal Music Group,2023,9,Tuesday,3.76,High,Moderate,B,Major,False,Q3,False,13.0461,0.7857,62
d99f2064-b039-432a-917e-1fafb2d632b9,Crimson Mountains,IsleEyre,Twisted Flames,2024-12-08,Pop,150323,15,0.7755,0.6476,3,-9.7,1,0.0008,100.09,8714,NG,False,Independent,2024,12,Sunday,2.51,Low,Moderate,D#,Major,False,Q4,True,9.0728,0.6265,5271
90c274ec-24c5-473a-95cd-2dd29353d904,Empty,Sterling Zen,Ancient IV,2020-03-29,Folk,123744,16,0.5765,0.4826,2,-11.73,0,0.1579,120.67,8843,NG,True,Neon Label,2020,3,Sunday,2.06,Low,Moderate,D,Minor,True,Q1,True,9.0875,0.5103,2268
f94970e2-9637-41a0-a084-2a0407aab21f,Gardens,Knot Hart,Endless Stars,2024-03-05,R&B,155291,31,0.6586,0.6247,10,-6.55,1,0.0116,110.24,28362,FR,False,Drift Music,2024,3,Tuesday,2.59,Medium,Moderate,A#,Major,False,Q1,False,10.2528,0.5851,12111
5dd84e8d-f647-483c-b7ca-a9c581b514f7,Yearning Voices,The Youngs,Endless Whispers,2022-02-24,Latin,189544,25,0.7012,0.7655,8,-4.4,1,0.0325,120.26,7253,MX,False,Universal Music Group,2022,2,Thursday,3.16,Medium,Loud,G#,Major,False,Q1,False,8.8893,0.6728,18
86cda3fd-a046-4626-9181-d5c5280773a9,Open Deep Edges,Clay Black,Quiet Mirrors,2023-02-21,Pop,197859,34,0.6208,0.608,2,-10.05,0,0.1138,106.44,72238,MY,False,Atlantic Records,2023,2,Tuesday,3.3,Medium,Moderate,D,Minor,False,Q1,False,11.1877,0.5579,693
ce04d881-c907-47ea-a975-9204c7bc6f6f,Paper Open Demons,Knot Hart,Paper,2025-09-16,R&B,268683,19,0.5686,0.5265,5,-7.0,1,0.022,94.72,59858,IN,False,Spectrum Music,2025,9,Tuesday,4.48,Low,Moderate,F,Major,False,Q3,False,10.9997,0.4876,12111
3b168d73-6075-4d3b-b943-1a561c36c127,Invisible Mirrors,Horizon,Nights,2020-05-29,Latin,237705,34,0.5364,0.6399,3,-10.05,1,0.0127,130.94,28078,GB,False,Independent,2020,5,Friday,3.96,Medium,Moderate,D#,Major,False,Q2,False,10.2428,0.5719,385
aa74f625-3556-44d1-94cc-3b3ab206b08b,Fading Wings,Crest Jay,The Invisible Verses,2020-12-13,EDM,202393,8,0.8328,0.8323,2,-7.09,0,0.0168,113.42,1980,BR,False,Drift Music,2020,12,Sunday,3.37,Low,Moderate,D,Minor,False,Q4,True,7.5914,0.7424,635
5d20643a-e989-4935-831b-1791dc37eede,Vivid,Ethereal,Journeys,2025-07-30,Pop,204138,11,0.6809,0.6503,5,-8.24,1,0.0032,132.08,3442,US,False,Horizon Records,2025,7,Wednesday,3.4,Low,Moderate,F,Major,False,Q3,False,8.1441,0.6355,3232
d71b8b3f-5bde-4568-ac99-a24c107cc624,Fading Soul,Knot Hart,Streets,2020-11-16,R&B,183092,59,0.8924,0.5081,4,-3.91,0,0.0167,132.62,3530269,US,True,Sony Music Entertainment,2020,11,Monday,3.05,High,Loud,E,Minor,True,Q4,False,15.0769,0.6639,12111
027498fe-6148-4c9a-9f03-5533816faffb,Distant Scars,Horizon,Vivid I,2023-01-29,Jazz,224931,15,0.4819,0.3146,3,-9.98,0,0.3978,74.12,6794,PT,False,Apex Records,2023,1,Sunday,3.75,Low,Moderate,D#,Minor,False,Q1,True,8.8239,0.3388,385
6bbbfa25-099c-4167-b2f1-d2577436b483,Hiding Pages,ElaraRain,The Mystic Notes,2025-09-30,Rock,192387,9,0.5724,0.8097,2,-4.7,0,0.0466,142.15,2363,GB,False,Echo Studios,2025,9,Tuesday,3.21,Low,Loud,D,Minor,False,Q3,False,7.7681,0.6702,1111
5173e1f4-c6ff-427b-b153-396d52731c56,Worlds,The Zens,Lost Bridges,2023-07-06,Latin,225266,44,0.8698,0.7341,3,-7.83,1,0.0085,106.5,159919,EG,False,Indie Collective,2023,7,Thursday,3.75,Medium,Moderate,D#,Major,False,Q3,False,11.9824,0.708,137
3d602815-6f07-4c34-b82a-0f3f48d29292,Roads,ElaraRain,Doors,2020-02-09,Hip-Hop,227751,12,0.9483,0.689,7,-10.04,0,0.006,127.37,3418,ID,False,Midnight Records,2020,2,Sunday,3.8,Low,Moderate,G,Minor,False,Q1,True,8.1371,0.7512,1111
91089549-a114-4cb6-a3e2-37d4e1dc67f6,Leaving Bridges,The Edges,Tales,2020-04-05,Pop,268881,21,0.6495,0.5156,9,-7.09,0,0.0116,129.53,5246,ZA,True,Nova Records,2020,4,Sunday,4.48,Low,Moderate,A,Minor,True,Q2,True,8.5654,0.5654,56
35423ec9-9860-44ce-b01e-01ddd9a03a03,Rivers,ValeGlass,Volume,2024-05-19,Pop,217203,31,0.8171,0.7627,1,-3.69,1,0.0326,120.74,27067,US,True,Echo Studios,2024,5,Sunday,3.62,Medium,Loud,C#,Major,True,Q2,True,10.2061,0.7187,981
2ad94c6a-5188-47c5-8826-716f02e74900,Fleeting Angels,ValeGlass,Frozen Harbors,2021-12-28,Pop,231336,40,0.5535,0.7458,0,-3.0,0,0.0029,109.24,55893,JP,True,Atlantic Records,2021,12,Tuesday,3.86,Medium,Loud,C,Minor,True,Q4,False,10.9312,0.5901,981
de49d8fa-436b-4967-8d02-69f9518bd24e,Night,Cole Nix,Lost V,2025-02-05,Pop,330799,45,0.5581,0.7411,0,-6.75,1,0.0498,105.4,167580,US,False,Apex Records,2025,2,Wednesday,5.51,Medium,Moderate,C,Major,False,Q1,False,12.0292,0.5845,48
f5984fad-aa39-4ce1-a7c6-94729a80bab8,Lines,Ethereal,Whispers,2020-10-08,Pop,214155,48,0.6339,0.472,6,-8.35,0,0.0228,108.76,512494,TR,True,Atlantic Records,2020,10,Thursday,3.57,Medium,Moderate,F#,Minor,True,Q4,False,13.147,0.512,3232
ebbf8dcd-aef9-4288-90e6-4531127f5f6a,Endless Storm,Knot Hart,Gentle Doors,2023-06-25,R&B,223123,35,0.7769,0.5468,9,-8.92,1,0.0546,87.09,26220,IT,False,Atlantic Records,2023,6,Sunday,3.72,Medium,Moderate,A,Major,False,Q2,True,10.1743,0.5682,12111
d7c5a49a-a807-45c6-aa41-6e783a31320e,Ancient Gentle Edges,Knot Hart,Letters,2025-07-03,EDM,220741,15,0.9039,1.0,7,-2.73,1,0.1924,149.94,786,US,True,Stardust Label,2025,7,Thursday,3.68,Low,Loud,G,Major,True,Q3,False,6.6682,0.89,12111
998cb898-b3c9-464c-82d3-7a48d6b963e5,Rain,GroveBlack,Dark Demons,2022-01-05,Pop,285108,7,0.7844,0.7735,9,-7.8,0,0.003,97.59,2225,IN,False,Pulse Records,2022,1,Wednesday,4.75,Low,Moderate,A,Minor,False,Q1,False,7.708,0.6769,160
c4b5e9a8-76a7-4af8-8217-e1a37e761e50,Pages,Crest Jay,Kind Roads,2020-09-30,EDM,213878,8,0.8369,0.9062,11,-5.8,0,0.0815,126.37,3260,NG,False,Midnight Records,2020,9,Wednesday,3.56,Low,Loud,B,Minor,False,Q3,False,8.0898,0.7921,635
50f8d4b7-45a6-4777-9c23-f5a38df22a32,Fleeting Cosmic Nights,Dean Reed,The Sacred Tales,2025-01-21,Reggaeton,177025,19,0.901,0.5647,2,-8.38,1,0.031,79.84,7633,FR,False,Indie Collective,2025,1,Tuesday,2.95,Low,Moderate,D,Major,False,Q1,False,8.9404,0.6146,277
a8233b81-9e80-4722-b322-0b7b5e10b9a2,Deep Flames,Knot Hart,Neon,2022-10-23,R&B,267758,15,0.7103,0.588,1,-8.31,0,0.0524,123.12,4363,US,False,Stardust Label,2022,10,Sunday,4.46,Low,Moderate,C#,Minor,False,Q4,True,8.3811,0.6095,12111
7a43077f-c5fc-4755-9944-4338eb5a413b,Inner Scars,Knot Hart,Deep Pages,2023-02-17,R&B,187483,33,0.7186,0.6962,2,-6.77,1,0.0752,106.38,89371,US,True,Capitol Records,2023,2,Friday,3.12,Medium,Moderate,D,Major,True,Q1,False,11.4006,0.6322,12111
4fe0dca9-be83-4a43-8692-5e06fd28afae,Bitter Winds,Knot Hart,Cloudy,2023-01-24,R&B,227247,14,0.6678,0.6503,2,-10.09,1,0.0238,108.06,9629,US,False,Apex Records,2023,1,Tuesday,3.79,Low,Moderate,D,Major,False,Q1,False,9.1726,0.5959,12111
3b3ddbec-3041-4b04-96be-9295d433fe9c,Inner,Ethereal,Sacred I,2021-02-25,Pop,285312,28,0.5224,0.6458,6,-4.53,0,0.0068,119.78,5451,IN,False,Atlantic Records,2021,2,Thursday,4.76,Medium,Loud,F#,Minor,False,Q1,False,8.6037,0.5527,3232
43d34ebe-cc5b-4427-825f-5b1b00a5bba6,Sacred,The Dawns,Frequencies,2020-04-24,Pop,235687,38,0.491,0.5896,0,-7.68,1,0.0253,138.27,45085,US,False,RCA Records,2020,4,Friday,3.93,Medium,Moderate,C,Major,False,Q2,False,10.7163,0.5441,750
56899ba8-9d19-4cf5-a341-df6e23afb6fb,Leaving Thunder,Ethereal,Gentle IV,2021-11-15,Pop,233838,31,0.6539,0.6753,0,-2.79,1,0.0403,102.52,13028,US,False,Pulse Records,2021,11,Monday,3.9,Medium,Loud,C,Major,False,Q4,False,9.4749,0.5924,3232
af38e879-0138-4f64-a990-4e65e84e9905,Lights,Sterling Zen,Worlds,2022-05-25,Folk,217225,12,0.3442,0.6214,1,-9.53,1,0.1938,112.95,1453,US,False,Nova Records,2022,5,Wednesday,3.62,Low,Moderate,C#,Major,False,Q2,False,7.2821,0.4619,2268
7d868a00-f146-4373-95e7-fc3c94821e58,The Bridges,The Bays,Neon Doors,2024-02-20,Rock,182882,25,0.3798,0.7595,0,-4.73,1,0.0334,136.83,4722,GB,False,Wavelength Records,2024,2,Tuesday,3.05,Medium,Loud,C,Major,False,Q1,False,8.4602,0.5655,27
b34c8271-e584-4b5f-a84d-5a6841f2a19a,Deep Open Lights,Ethereal,The Wicked Revolutions,2024-05-10,Pop,238221,12,0.5713,0.4506,10,-9.52,0,0.0047,127.15,2286,CL,True,Epic Records,2024,5,Friday,3.97,Low,Moderate,A#,Minor,True,Q2,False,7.735,0.5047,3232
76ec3742-5732-439d-b724-8ffe5ef5839c,Young Pages,SethStone,Files,2025-09-24,Metal,259292,61,0.1899,0.8416,10,-0.78,0,0.2568,113.03,402342,FR,False,Universal Music Group,2025,9,Wednesday,4.32,High,Loud,A#,Minor,False,Q3,False,12.9051,0.4884,1486
44bf4c05-68a9-41d8-8977-451206541b8a,Electric Flames,Maya Ridge,Wicked IV,2024-10-21,Alternative,179222,12,0.4357,0.6338,3,-7.06,1,0.0108,76.96,4025,US,False,Prism Audio,2024,10,Monday,2.99,Low,Moderate,D#,Major,False,Q4,False,8.3005,0.452,118
ee67664e-3de7-4ffb-a99c-2e5b4a53c6af,The Chains,Ethereal,Bridges,2023-09-08,Pop,279356,34,0.6007,0.7854,2,-8.02,1,0.0468,112.4,34577,KR,False,Neon Label,2023,9,Friday,4.66,Medium,Moderate,D,Major,False,Q3,False,10.451,0.6293,3232
f61151b3-1506-481d-b77d-12bc4014237c,Paper,Luna Ink,Wavelengths,2022-07-27,Hip-Hop,224203,54,0.9508,0.3763,11,-9.88,1,0.0069,115.38,329299,GB,False,Apex Records,2022,7,Wednesday,3.74,High,Moderate,B,Major,False,Q3,False,12.7047,0.61,577
0dc9c4a1-ec9e-4ab6-b16e-d8f451102fb4,Endless Thunder,Edge Brooks,Wild Circles,2024-04-11,Hip-Hop,239280,30,0.7364,0.6538,8,-4.14,1,0.0242,122.44,22010,IN,True,Sony Music Entertainment,2024,4,Thursday,3.99,Medium,Loud,G#,Major,True,Q2,False,9.9993,0.6453,65
8d836cb2-3d60-4582-8627-4328db1cdea3,Velvet Invisible Love,Nebulae,Doors,2022-04-17,Disco,144888,45,0.751,0.7505,3,-4.74,1,0.0057,124.75,400619,DE,False,Columbia Records,2022,4,Sunday,2.41,Medium,Loud,D#,Major,False,Q2,True,12.9008,0.6931,7
54eba696-0454-4353-b8da-20f1fac02bcc,Wings,Knot Hart,Fierce,2025-01-10,R&B,265813,30,0.8155,0.5059,10,-8.39,1,0.0128,121.36,38348,TR,False,Spectrum Music,2025,1,Friday,4.43,Medium,Moderate,A#,Major,False,Q1,False,10.5545,0.6162,12111
d85a8fe7-3a9f-4687-97a1-60f4fd00169e,Flying Paradise,Summit Loom,The Ancient Portraits,2021-09-30,Rock,296173,14,0.7011,0.7905,7,-3.87,1,0.3444,162.77,1384,MX,False,Prism Audio,2021,9,Thursday,4.94,Low,Loud,G,Major,False,Q3,False,7.2335,0.7435,31
fd9bdeea-7927-457d-9f2d-40f4c0de2b31,Reaching Ghosts,SethStone,The Heavy Tales,2025-05-23,Metal,219401,26,0.4009,1.0,1,-7.74,1,0.1119,155.23,11545,IT,True,Echo Studios,2025,5,Friday,3.66,Medium,Moderate,C#,Major,True,Q2,False,9.3541,0.6964,1486
addeb9aa-56c6-4836-a0c9-89c14fd7bb09,Burning Pages,IsleEyre,The Crimson Records,2025-06-28,Rock,212806,6,0.4791,1.0,4,-5.71,1,0.0527,131.17,1616,AU,False,Self-Released,2025,6,Saturday,3.55,Low,Loud,E,Major,False,Q2,True,7.3883,0.6933,5271
0f5f0fee-8765-4cba-aad0-3532ae13b201,Flames,Rocco Ore,Electric Ghosts,2025-06-24,R&B,266255,45,0.8672,0.4328,10,-9.2,0,0.0271,104.58,129001,IT,False,Apex Records,2025,6,Tuesday,4.44,Medium,Moderate,A#,Minor,False,Q2,False,11.7676,0.5837,1709
d368fa03-70d2-41b1-a430-d2cb4b91a548,Velvet Doors,Axel Scar,Shattered,2020-04-25,Reggaeton,199861,36,0.9091,0.6328,11,-12.01,0,0.0297,86.36,24040,US,False,Prism Audio,2020,4,Saturday,3.33,Medium,Quiet,B,Minor,False,Q2,True,10.0875,0.6544,7
f2ab7dbc-b4e0-4b61-a808-abd255c50c0b,Cosmic,SethStone,Tapes,2021-01-13,Pop,216408,27,0.6363,0.6471,10,-4.0,0,0.0167,100.53,22422,MX,False,Def Jam Recordings,2021,1,Wednesday,3.61,Medium,Loud,A#,Minor,False,Q1,False,10.0178,0.5713,1486
b8b7395d-d044-4758-9f12-421a2149be87,The Mountains,IsleEyre,Sessions,2025-08-12,Pop,246520,41,0.8887,0.561,8,-9.62,0,0.0154,139.45,74147,MX,False,Self-Released,2025,8,Tuesday,4.11,Medium,Moderate,G#,Minor,False,Q3,False,11.2138,0.6934,5271
dfec7d32-ddf7-4517-8625-01751fe68f70,The Dreams,Phoenix Cloud,Kind Keys,2023-11-11,Trap,185041,11,0.8659,0.6584,2,-5.34,1,0.0514,154.88,4564,GB,False,Universal Music Group,2023,11,Saturday,3.08,Low,Loud,D,Major,False,Q4,True,8.4262,0.7453,471
fc7793ba-e385-497c-8523-4ce8892e8da5,Sacred Paper Love,Knot Hart,Echoes,2024-09-03,R&B,225136,31,0.626,0.6063,10,-7.46,1,0.0732,121.05,26110,DE,True,Columbia Records,2024,9,Tuesday,3.75,Medium,Moderate,A#,Major,True,Q3,False,10.1701,0.5801,12111
a7de4a64-7bdc-49c1-a8a3-7dc8ece02ca5,Shadows,Knot Hart,Mystic,2022-05-20,R&B,237544,29,0.6775,0.5524,2,-5.83,1,0.0159,103.81,30323,CO,False,Interscope Records,2022,5,Friday,3.96,Medium,Loud,D,Major,False,Q2,False,10.3197,0.5545,12111
9215c3e6-92ae-4f0c-ac30-92bb0febdc91,Islands,Knot Hart,Chronicles,2021-11-11,R&B,154186,16,0.828,0.4199,1,-9.47,1,0.0118,120.78,9104,MX,False,Nova Records,2021,11,Thursday,2.57,Low,Moderate,C#,Major,False,Q4,False,9.1166,0.586,12111
2ad474cd-7368-480b-8125-5e71f8390986,Sinking Demons,Knot Hart,Open III,2020-01-30,R&B,163669,8,0.7641,0.2072,10,-10.33,1,0.0554,108.63,1828,NZ,True,Cipher Music,2020,1,Thursday,2.73,Low,Moderate,A#,Major,True,Q1,False,7.5115,0.458,12111
cc4ad93f-16c9-4a78-8785-cd34d3571d55,Worlds,Knot Hart,The Young Chapters,2023-10-10,R&B,260304,43,0.7061,0.3855,5,-11.03,0,0.0608,125.26,70711,MX,False,RCA Records,2023,10,Tuesday,4.34,Medium,Moderate,F,Minor,False,Q4,False,11.1664,0.5299,12111
4c7be682-5be9-4f03-996f-7f49ec2278e0,Twisted,Knot Hart,Jagged II,2021-02-14,Reggaeton,217265,30,0.6029,0.6164,0,-5.23,1,0.0309,89.05,111388,IT,False,Neon Label,2021,2,Sunday,3.62,Medium,Loud,C,Major,False,Q1,True,11.6208,0.5292,12111
87aaf95c-dba3-4bfc-845c-b20318b8e5ac,Keys,Phoenix Cloud,The Liquid Archives,2025-04-30,Trap,202760,23,0.5912,0.727,8,-11.21,1,0.0357,148.92,5119,US,False,Nova Records,2025,4,Wednesday,3.38,Low,Moderate,G#,Major,False,Q2,False,8.5409,0.6543,471
2708c226-25e9-43bd-b856-574562c64eb6,Islands,Knot Hart,The Wicked Stories,2024-06-27,R&B,189159,30,0.647,0.3823,11,-11.84,1,0.0142,107.67,27484,US,False,Epic Records,2024,6,Thursday,3.15,Medium,Moderate,B,Major,False,Q2,False,10.2214,0.4798,12111
00614f21-9011-4f47-9be1-3c0f829d1837,Twisted Mystic Night,IsleEyre,Sessions,2025-10-31,Pop,217279,22,0.5305,0.5746,9,-7.9,0,0.0088,108.63,14698,IT,True,Wavelength Records,2025,10,Friday,3.62,Low,Moderate,A,Minor,True,Q4,False,9.5955,0.5115,5271
ccbc3455-96e0-4ad8-afcd-93d8bd93b363,Dark Blinding Mirrors,Pearl Collective,Archives,2022-09-13,Hip-Hop,246299,12,0.7546,0.5931,3,-9.21,1,0.0224,133.12,4286,CO,False,Indie Collective,2022,9,Tuesday,4.1,Low,Moderate,D#,Major,False,Q3,False,8.3633,0.6435,31
12c1be36-d25a-4d84-8ad8-23d2e670311f,Echoes,Rocco Ore,Kind V,2025-05-04,R&B,298138,17,0.6417,0.5196,10,-11.21,1,0.0243,111.29,4449,US,False,Sony Music Entertainment,2025,5,Sunday,4.97,Low,Moderate,A#,Major,False,Q2,True,8.4007,0.5378,1709
24cd7142-2ed5-48a8-b0ac-190ebbcd1dc0,Silent Angels,RiverFlame,Broken Oceans,2023-11-06,Latin,230370,12,0.634,0.8347,6,-6.79,0,0.0161,112.59,2031,CO,False,Atlantic Records,2023,11,Monday,3.84,Low,Moderate,F#,Minor,False,Q4,False,7.6168,0.6626,422
51443fc1-705e-401f-9f8a-07d84218a7b7,Ghosts,Knot Hart,Edges,2022-02-09,R&B,144400,56,0.6817,0.5744,11,-5.31,0,0.0985,120.36,349858,AU,True,Epic Records,2022,2,Wednesday,2.41,High,Loud,B,Minor,True,Q1,False,12.7653,0.5887,12111
34296cd4-d419-414f-9457-da666031bb5e,Breathing Scars,Knot Hart,Mystic Whispers,2022-02-16,R&B,274745,18,0.3987,0.4695,6,-9.88,0,0.0773,111.59,16786,BR,False,Neon Label,2022,2,Wednesday,4.58,Low,Moderate,F#,Minor,False,Q1,False,9.7284,0.421,12111
7ef32b1f-0b4e-4947-bd26-829aa36490b1,The Keys,Knot Hart,Blinding Memories,2023-04-30,R&B,228794,13,0.6448,0.4967,3,-12.7,1,0.0221,103.45,6519,IN,False,Neon Label,2023,4,Sunday,3.81,Low,Quiet,D#,Major,False,Q2,True,8.7826,0.5187,12111
26e47258-19fd-49c3-a875-c080185bbd7f,Silent,Knot Hart,Cosmic II,2021-05-20,R&B,180987,17,0.7986,0.6019,4,-5.39,0,0.02,116.81,7657,IT,False,Echo Studios,2021,5,Thursday,3.02,Low,Loud,E,Minor,False,Q2,False,8.9435,0.6414,12111
205975ee-9934-4691-968b-92aa02d9a4c5,Voices,IsleEyre,Dark I,2022-07-10,Hip-Hop,231901,17,0.6721,0.5476,11,-11.12,0,0.0239,132.26,14267,ZA,False,Wavelength Records,2022,7,Sunday,3.87,Low,Moderate,B,Minor,False,Q3,True,9.5658,0.5911,5271
0938a3f3-a5d2-4159-bb86-16b21cc4708b,Fierce Soul,Knot Hart,Blinding,2023-10-14,R&B,123763,9,0.6734,0.4967,6,-11.91,0,0.0041,105.81,3742,PT,False,Catalyst Records,2023,10,Saturday,2.06,Low,Moderate,F#,Minor,False,Q4,True,8.2276,0.5335,12111
cc16eaad-fd3d-491d-9cdb-4b002eb27e48,Drifting Keys,Knot Hart,The Endless Stories,2021-06-20,R&B,235984,19,0.8129,0.352,5,-10.83,0,0.0739,117.68,1826,AU,False,Prism Audio,2021,6,Sunday,3.93,Low,Moderate,F,Minor,False,Q2,True,7.5104,0.5484,12111
25da5c44-d16c-45e6-823f-e5da9b8a6746,Jagged,Knot Hart,Invisible II,2022-03-12,R&B,217566,9,0.9166,0.7359,11,-6.48,0,0.0001,101.44,1327,MX,False,Epic Records,2022,3,Saturday,3.63,Low,Moderate,B,Minor,False,Q1,True,7.1914,0.7202,12111
9224efe9-1db9-43bb-b46d-58dd52482bb5,Drowning Floors,Rocco Ore,Rivers,2025-04-24,Pop,232993,45,0.7915,0.7475,2,-10.34,0,0.0225,156.05,211879,US,False,Epic Records,2025,4,Thursday,3.88,Medium,Moderate,D,Minor,False,Q2,False,12.2638,0.7528,1709
be809b40-2e6f-4beb-889c-b537aba3a08c,Broken Kind Tears,Knot Hart,Dimensions,2022-09-13,R&B,174807,27,0.7287,0.6436,6,-8.34,1,0.018,94.47,15453,ES,False,Island Records,2022,9,Tuesday,2.91,Medium,Moderate,F#,Major,False,Q3,False,9.6456,0.5982,12111
59b6926d-5719-4dd3-8f91-6dac38fe0be2,Quiet Crystal Fire,Ethereal,Eternal,2024-12-28,Pop,153217,56,0.7883,0.6652,5,-6.83,1,0.008,111.12,722539,US,True,Horizon Records,2024,12,Saturday,2.55,High,Moderate,F,Major,True,Q4,True,13.4905,0.6544,3232
bfcd68aa-b0aa-41b3-b3aa-63e6ae2926a0,Burning Lines,SethStone,Shattered II,2021-01-22,Metal,235509,10,0.3711,0.968,9,-6.79,1,0.111,164.74,8467,IN,False,Midnight Records,2021,1,Friday,3.93,Low,Moderate,A,Major,False,Q1,False,9.044,0.6853,1486
faa61058-b2ed-43c8-ab64-9140006abc34,Pulling Gardens,Nirvana,Jagged Thunder,2020-03-21,R&B,218014,21,0.6705,0.6316,6,-3.93,1,0.0536,104.21,11609,CA,False,Wavelength Records,2020,3,Saturday,3.63,Low,Loud,F#,Major,False,Q1,True,9.3596,0.584,328
371d039e-7747-4f11-a42e-14bbacce8ab2,Lost Bridges,Knot Hart,Dark Waves,2022-01-10,Alternative,188963,43,0.487,0.6376,9,-10.81,0,0.1376,115.2,185126,US,False,Epic Records,2022,1,Monday,3.15,Medium,Moderate,A,Minor,False,Q1,False,12.1288,0.5287,12111
06a895cb-d50b-47a2-b9e4-1a372aafdc38,Midnight,The Eyres,Electric Winds,2020-05-23,EDM,293416,9,0.9399,0.6026,1,-10.44,0,0.012,139.45,1114,FR,False,Apex Records,2020,5,Saturday,4.89,Low,Moderate,C#,Minor,False,Q2,True,7.0166,0.7305,94
dbb058bf-030e-4f9c-b1ae-71c32f1b69ee,Glass,Luna Ink,Velvet,2025-12-27,Hip-Hop,204760,36,0.7737,0.9368,7,-6.14,1,0.0031,124.88,221101,FR,False,Apex Records,2025,12,Saturday,3.41,Medium,Moderate,G,Major,False,Q4,True,12.3064,0.7769,577
643b84cb-88aa-4056-83e2-c80b6adb3ed5,Burning Circles,Knot Hart,The Lost Reflections,2021-02-09,R&B,205410,8,0.6159,0.837,10,-3.01,0,0.0051,134.29,2813,GB,True,Republic Records,2021,2,Tuesday,3.42,Low,Loud,A#,Minor,True,Q1,False,7.9424,0.6873,12111
0a29f132-4a20-4626-a902-1ab9292da2bb,Bridges,The Gates,The Fierce Diaries,2022-11-10,Trap,216086,32,0.5936,0.6881,4,-8.04,1,0.0013,150.8,34251,NG,False,Warner Music Group,2022,11,Thursday,3.6,Medium,Moderate,E,Major,False,Q4,False,10.4415,0.6424,44
b09284f0-9126-45e4-9cb7-abed829b05f7,Quiet Wicked Night,The Wildes,The Endless Notes,2020-10-16,Latin,168038,14,0.886,0.611,10,-10.84,0,0.0394,113.2,1288,PT,False,Echo Studios,2020,10,Friday,2.8,Low,Moderate,A#,Minor,False,Q4,False,7.1616,0.6748,21
d65d1d28-939a-4cf5-87d7-dbd6e2228b69,Dancing Oceans,Knot Hart,Mountains,2020-04-16,R&B,173898,39,0.8685,0.4615,9,-8.78,1,0.0093,113.53,22032,GB,False,Prism Audio,2020,4,Thursday,2.9,Medium,Moderate,A,Major,False,Q2,False,10.0003,0.6085,12111
6a0950a5-7148-4bec-bcbb-badf13317f71,Shadows,IsleEyre,Sessions,2021-08-22,Jazz,220988,60,0.4929,0.3875,3,-9.52,1,0.2006,101.55,1134472,US,False,RCA Records,2021,8,Sunday,3.68,High,Moderate,D#,Major,False,Q3,True,13.9417,0.4115,5271
0b11a618-6006-4740-9c49-2469aa1eb3e8,Breaking Worlds,Beau North,Neon Heart,2023-06-09,Pop,222984,37,0.4784,0.6423,9,-6.5,0,0.0281,110.73,32295,IN,False,Nova Records,2023,6,Friday,3.72,Medium,Moderate,A,Minor,False,Q2,False,10.3827,0.5208,87
fa5ec634-0412-4e07-a16b-4c8c883604ae,Yearning Scars,Jasper Jade,The Lost Tapes,2024-05-14,Pop,260133,35,0.4002,0.5511,2,-8.64,1,0.0241,115.25,46278,CO,False,Pulse Records,2024,5,Tuesday,4.34,Medium,Moderate,D,Major,False,Q2,False,10.7424,0.4594,181
74e36201-d981-4627-a689-7a17d6004d48,Hidden Floors,Knot Hart,Glass II,2025-10-04,R&B,267516,45,0.6485,0.3988,11,-12.12,1,0.0039,113.65,351374,US,False,Spectrum Music,2025,10,Saturday,4.46,Medium,Quiet,B,Major,False,Q4,True,12.7696,0.4956,12111
bd9d61cf-4bb4-4d7d-8a5e-db8a26ffbfbf,Chasing Wings,Knot Hart,Cloudy,2024-09-09,R&B,176004,51,0.3715,0.8308,11,-5.57,1,0.0052,108.43,208450,DE,False,Indie Collective,2024,9,Monday,2.93,High,Loud,B,Major,False,Q3,False,12.2475,0.5501,12111
0317660e-c47d-483b-9e28-03b38b09d9fb,Velvet Waves,Ethereal,Fading Waves,2023-06-04,Classical,213526,29,0.3617,0.0,10,-15.19,0,0.2842,60.0,33548,EG,False,Nova Records,2023,6,Sunday,3.56,Medium,Quiet,A#,Minor,False,Q2,True,10.4208,0.1447,3232
25b4d79b-582a-4af2-9ce6-3e9722af3f0e,Paper Streets,Rocco Ore,Urban,2025-07-11,R&B,164807,39,0.7586,0.8474,0,-2.1,0,0.0451,118.83,166885,DE,False,Spectrum Music,2025,7,Friday,2.75,Medium,Loud,C,Minor,False,Q3,False,12.0251,0.7264,1709
6af08189-1ef6-406e-ad88-350cbc507b73,Voices,Crest Jay,Rivers,2024-07-18,Indie,238129,39,0.7106,0.4487,0,-7.39,1,0.0367,130.4,98758,NG,False,Nova Records,2024,7,Thursday,3.97,Medium,Moderate,C,Major,False,Q3,False,11.5004,0.5643,635
3f245de8-71b8-452f-95c3-3b1254070495,Stars,Ethereal,Shadows,2025-12-03,K-Pop,308616,20,0.6477,0.6452,10,-9.94,1,0.0351,133.53,19215,JP,False,Cipher Music,2025,12,Wednesday,5.14,Low,Moderate,A#,Major,False,Q4,False,9.8635,0.6222,3232
cf323328-5f90-4b96-8670-4129530188bc,Vivid,Rocco Ore,Frozen Paradise,2024-04-01,R&B,231882,7,0.7098,0.6038,2,-7.72,1,0.0057,103.47,852,US,False,Def Jam Recordings,2024,4,Monday,3.86,Low,Moderate,D,Major,False,Q2,False,6.7488,0.5875,1709
fc2a81bc-92f1-4a19-826b-d4b0e373cc10,Soul,Jasper Jade,Midnight Edges,2024-05-31,Pop,179021,22,0.6317,0.8862,3,-3.68,0,0.0323,135.32,4718,ZA,False,Universal Music Group,2024,5,Friday,2.98,Low,Loud,D#,Minor,False,Q2,False,8.4594,0.7148,181
16d274e9-d32f-4f72-9458-6e652bb537ac,Shadows,Knot Hart,The Sacred Volume,2023-05-07,R&B,210067,60,0.6571,0.3048,5,-9.92,1,0.068,95.88,511572,MX,False,Independent,2023,5,Sunday,3.5,High,Moderate,F,Major,False,Q2,True,13.1452,0.436,12111
5ecebe46-c9b6-454d-92fe-c4c5c10e4793,Open Scars,IsleEyre,The Eternal Verses,2021-09-21,Pop,209764,49,0.7476,0.7801,6,-8.07,1,0.0195,108.83,218010,IN,True,Prism Audio,2021,9,Tuesday,3.5,Medium,Moderate,F#,Major,True,Q3,False,12.2923,0.6808,5271
1dbdeb5f-3034-457c-9bcd-1dff2c4922b4,Glass Soul,Indie Lake,Frozen Rain,2023-01-08,EDM,128975,19,0.8228,0.9439,1,-10.12,0,0.0944,121.29,5236,KR,False,Neon Label,2023,1,Sunday,2.15,Low,Moderate,C#,Minor,False,Q1,True,8.5635,0.7942,247
801736f1-8fe9-49e7-8981-d66afdf2b0be,Shattered,Fibonacci,Paper Worlds,2024-09-20,Indie,244414,44,0.6045,0.6278,11,-10.32,1,0.0386,123.55,50756,US,False,Bedroom Records,2024,9,Friday,4.07,Medium,Moderate,B,Major,False,Q3,False,10.8348,0.5837,39
a7eee85a-47bf-4d23-9ead-27321d75b2f8,Golden Stars,SethStone,Quiet Dreams,2021-06-05,Metal,162541,24,0.4767,0.8174,5,-6.5,0,0.0607,146.2,5664,SE,False,Catalyst Records,2021,6,Saturday,2.71,Low,Moderate,F,Minor,False,Q2,True,8.6421,0.6408,1486
e171631e-dbce-4139-a6da-80c2faee0046,Broken Pages,ElaraRain,The Young Diaries,2022-08-26,Rock,181733,17,0.398,0.8126,0,-5.23,0,0.1201,133.13,17390,MX,False,Independent,2022,8,Friday,3.03,Low,Loud,C,Minor,False,Q3,False,9.7637,0.5887,1111
8186ae1f-768f-4fd6-a813-64195570edd4,Glass Shadows,Knot Hart,Crystal,2022-02-04,R&B,223381,25,0.4731,0.514,3,-8.29,1,0.0064,91.3,4228,US,False,Epic Records,2022,2,Friday,3.72,Medium,Moderate,D#,Major,False,Q1,False,8.3497,0.4396,12111
168779a2-b2db-471f-87aa-6df578325e66,Endless Wings,Sterling Zen,Sacred Waves,2022-02-11,Folk,263493,22,0.6501,0.5291,9,-10.53,1,0.0172,116.74,5144,US,True,Catalyst Records,2022,2,Friday,4.39,Low,Moderate,A,Major,True,Q1,False,8.5458,0.5527,2268
92aa104b-5859-4c58-92e2-a1f1fa71f8a1,Heart,ElaraRain,The Silver Records,2025-11-20,Rock,243279,10,0.6147,0.7881,4,-5.29,0,0.0039,110.88,2778,NZ,True,Midnight Records,2025,11,Thursday,4.05,Low,Loud,E,Minor,True,Q4,False,7.9298,0.6338,1111
913fd7fb-039d-44e4-bc3a-1458a47e080e,Hollow Frozen Skies,IsleEyre,Wicked Shadows,2023-12-08,Pop,204722,27,0.6645,0.4165,11,-10.63,1,0.0295,118.88,21545,BR,True,Self-Released,2023,12,Friday,3.41,Medium,Moderate,B,Major,True,Q4,False,9.9779,0.5165,5271
eda6faa2-141d-4428-a756-24962a1da761,Kind Lost Oceans,IsleEyre,The Eternal Revolutions,2022-10-30,Pop,233041,35,0.6051,0.6116,7,-8.42,1,0.0103,92.03,35618,BR,True,Universal Music Group,2022,10,Sunday,3.88,Medium,Moderate,G,Major,True,Q4,True,10.4806,0.5324,5271
766300fb-2a9e-483a-b15d-6ede7e1484e4,Running Circles,Ethereal,Cloudy II,2024-03-02,Pop,172423,11,0.6794,0.5911,3,-11.06,0,0.0338,126.73,2324,GB,False,Bedroom Records,2024,3,Saturday,2.87,Low,Moderate,D#,Minor,False,Q1,True,7.7515,0.6035,3232
cd168efa-c933-4ccf-8fd3-56827d7da3ed,Pages,Knot Hart,Hidden Eyes,2024-12-30,R&B,208942,80,0.6075,0.5165,1,-8.97,1,0.0206,98.13,1348437,CA,False,Island Records,2024,12,Monday,3.48,Very High,Moderate,C#,Major,False,Q4,False,14.1145,0.5041,12111
b08ca817-1260-49c5-b0aa-509299b7073e,Lines,IsleEyre,Invisible Lights,2022-02-24,Pop,260632,27,0.5746,0.552,6,-6.5,1,0.0106,140.79,17362,GB,False,Columbia Records,2022,2,Thursday,4.34,Medium,Moderate,F#,Major,False,Q1,False,9.7621,0.5661,5271
32127f90-e5e6-45ba-a935-465a8193971d,Turning Keys,Knot Hart,Gentle Rivers,2025-11-15,R&B,232909,14,0.6698,0.5638,8,-9.14,0,0.0046,135.11,16668,US,False,Neon Label,2025,11,Saturday,3.88,Low,Moderate,G#,Minor,False,Q4,True,9.7213,0.6007,12111
fc914f3c-ef2b-4be1-981f-46aa5996533b,Doors,IsleEyre,Wild Dreams,2025-10-04,Pop,193752,45,0.7804,0.5354,1,-8.01,1,0.0557,101.99,99274,CO,False,Catalyst Records,2025,10,Saturday,3.23,Medium,Moderate,C#,Major,False,Q4,True,11.5056,0.5863,5271
98b6d284-1056-4428-9db3-f3b2dcdb8a3d,Breaking Echoes,Knot Hart,Silver Worlds,2022-06-11,R&B,132886,11,0.9738,0.4608,9,-8.42,0,0.0707,122.2,13648,TR,False,Stardust Label,2022,6,Saturday,2.21,Low,Moderate,A,Minor,False,Q2,True,9.5214,0.6627,12111
2f02d3e0-f75e-40e1-8c9e-49d851c33af7,Lost Demons,Leo Drake,Chapters,2022-07-06,Pop,178769,48,0.5802,0.3984,0,-7.92,1,0.0004,120.47,37412,BR,False,Cipher Music,2022,7,Wednesday,2.98,Medium,Moderate,C,Major,False,Q3,False,10.5298,0.4778,45
41e5986d-f7cd-4373-989d-b2f7803b81f2,Twisted Crimson Mountains,The Dawns,Young Angels,2022-10-16,Pop,179210,29,0.4869,0.833,3,-5.78,1,0.0336,101.58,32985,US,False,Spectrum Music,2022,10,Sunday,2.99,Medium,Loud,D#,Major,False,Q4,True,10.4038,0.5874,750
45a15d91-1984-494b-b799-e4c3864047f4,Golden Voices,Aria Rose,Kind,2020-08-22,Hip-Hop,193092,42,0.689,0.7533,10,-4.89,0,0.0241,133.43,37666,ID,True,Def Jam Recordings,2020,8,Saturday,3.22,Medium,Loud,A#,Minor,True,Q3,True,10.5365,0.6818,346
13ca19c8-6627-464a-9a20-4b670c1205c9,Vivid Floors,The Glasss,Tales,2024-04-13,Latin,192035,22,0.9663,0.7305,10,-5.65,1,0.0487,92.88,13255,JP,False,Echo Studios,2024,4,Saturday,3.2,Low,Loud,A#,Major,False,Q2,True,9.4922,0.7257,131
df369157-d601-4abe-924f-118e93f43b4a,Wild Soul,SethStone,Empty,2022-08-07,Metal,191083,5,0.4698,0.838,11,-6.73,0,0.4419,114.26,1684,MX,False,Indie Collective,2022,8,Sunday,3.18,Low,Moderate,B,Minor,False,Q3,True,7.4295,0.6006,1486
12340e63-9306-4471-bcb9-ff26c2839d32,Tears,Knot Hart,Gentle I,2023-03-01,R&B,202757,16,0.6953,0.6078,0,-8.03,1,0.0004,121.54,3066,PL,False,Echo Studios,2023,3,Wednesday,3.38,Low,Moderate,C,Major,False,Q1,False,8.0285,0.6092,12111
af9c37bd-7342-43d2-8571-97128f1ed6ee,Cloudy Rain,ElaraRain,Kind Waves,2021-07-16,Rock,231333,30,0.5294,0.9187,11,-6.96,0,0.0095,96.54,9656,US,True,Catalyst Records,2021,7,Friday,3.86,Medium,Moderate,B,Minor,True,Q3,False,9.1754,0.6314,1111
29b99da0-cf9e-4625-b9b7-fc4ae7550248,Jagged Bridges,The Dawns,Letters,2020-02-25,Pop,214140,30,0.7029,0.8337,0,-3.74,0,0.0158,119.9,60782,US,False,Nova Records,2020,2,Tuesday,3.57,Medium,Loud,C,Minor,False,Q1,False,11.0151,0.7002,750
fd397014-328f-4803-8eb4-12d2ea5929d1,Shattered Angels,The Flints,Heavy Eyes,2025-05-15,K-Pop,157893,20,0.7389,0.4586,2,-9.27,1,0.011,119.96,37262,CA,False,Apex Records,2025,5,Thursday,2.63,Low,Moderate,D,Major,False,Q2,False,10.5258,0.5647,181
31a298bb-0603-435d-a45a-16a49fb61dc6,Empty Mirrors,Sterling Zen,Cloudy,2022-07-07,Folk,211053,36,0.5264,0.4672,0,-11.47,1,0.1558,102.19,28766,MX,False,Capitol Records,2022,7,Thursday,3.52,Medium,Moderate,C,Major,False,Q3,False,10.267,0.4577,2268
9893abce-ac92-49d1-9f28-26c936f832d6,Breathing Ghosts,Knot Hart,Broken I,2021-11-25,Pop,215373,41,0.8191,0.619,1,-8.84,1,0.0228,91.31,43532,TH,False,Warner Music Group,2021,11,Thursday,3.59,Medium,Moderate,C#,Major,False,Q4,False,10.6813,0.62,12111
32929e6e-1623-4972-9dc8-a3d5dc6473b0,Circles,IsleEyre,The Frozen Records,2021-12-30,Pop,239187,47,0.8273,0.6342,6,-8.3,1,0.1234,105.07,230511,AU,False,Interscope Records,2021,12,Thursday,3.99,Medium,Moderate,F#,Major,False,Q4,False,12.3481,0.649,5271
6ab43712-f139-46d2-ad31-f05c4a1429f0,Roads,Ethereal,Floors,2025-08-06,Hip-Hop,168893,28,0.7459,0.7552,10,-7.16,1,0.0055,83.49,52895,GB,False,Universal Music Group,2025,8,Wednesday,2.81,Medium,Moderate,A#,Major,False,Q3,False,10.8761,0.634,3232
922bcdb7-c768-46f9-bb35-971a1b8562de,Reaching Demons,Hawk Theory,Blinding Stars,2025-01-03,Pop,260905,44,0.5715,0.8191,11,-3.67,0,0.0087,102.87,125250,SG,False,Republic Records,2025,1,Friday,4.35,Medium,Loud,B,Minor,False,Q1,False,11.7381,0.6175,492
4e3ba9ed-e97e-4651-a3c9-20c2eed3e448,Moving Oceans,Frost Nova,Cloudy Flames,2024-04-26,Latin,296903,41,0.8049,0.6588,5,-7.79,1,0.0221,116.56,301699,DE,False,Self-Released,2024,4,Friday,4.95,Medium,Moderate,F,Major,False,Q2,False,12.6172,0.6663,862
1668ca9b-e904-40a7-a510-1b1fa91f73eb,Glass Chains,Ethereal,Kind,2025-07-29,Pop,229421,40,0.6868,0.6633,8,-6.77,1,0.0728,117.48,48570,CA,False,Independent,2025,7,Tuesday,3.82,Medium,Moderate,G#,Major,False,Q3,False,10.7908,0.6222,3232
709c1b07-9329-4213-b224-99372d899ae9,Crystal,LolaCross,Distant Ghosts,2022-06-17,Pop,157204,29,0.5498,0.7701,11,-8.45,1,0.011,134.94,30875,MX,True,Independent,2022,6,Friday,2.62,Medium,Moderate,B,Major,True,Q2,False,10.3377,0.635,6
916b7b2c-5155-463c-9064-fb5f2d30b253,Paper,Clay Black,Crystal Heart,2021-07-24,Reggaeton,212094,34,0.8107,0.7258,4,-3.58,1,0.0042,94.46,77341,ID,False,Apex Records,2021,7,Saturday,3.53,Medium,Loud,E,Major,False,Q3,True,11.256,0.6638,693
08d2b6b8-66e1-491a-b75b-831c7cb1a363,Vivid Lights,Knot Hart,The Wicked Letters,2021-04-25,R&B,219652,24,0.6419,0.5521,11,-8.14,0,0.0759,101.52,20075,MX,True,Midnight Records,2021,4,Sunday,3.66,Low,Moderate,B,Minor,True,Q2,True,9.9073,0.5369,12111
c32c7d0a-d94d-4585-b8c6-3a7490a368d6,Wild Skies,Knot Hart,Glass,2024-02-05,R&B,299074,64,0.7693,0.3946,2,-9.77,1,0.04,92.51,237259,US,False,Atlantic Records,2024,2,Monday,4.98,High,Moderate,D,Major,False,Q1,False,12.3769,0.512,12111
84a37e6f-d8f9-4070-baab-5b4cbc95766b,Cloudy Rain,Knot Hart,Bones,2023-05-11,R&B,171852,17,0.7421,0.6356,7,-9.39,1,0.0371,120.79,8138,BR,False,Independent,2023,5,Thursday,2.86,Low,Moderate,G,Major,False,Q2,False,9.0044,0.6379,12111
5ffd9d38-f54b-485b-bfbc-d13dea3c9fd2,Crimson Urban Streets,IsleEyre,The Crystal Verses,2020-02-14,Pop,150312,45,0.7588,0.7132,6,-6.8,0,0.0568,120.48,135323,ES,False,Pulse Records,2020,2,Friday,2.51,Medium,Moderate,F#,Minor,False,Q1,False,11.8154,0.6752,5271
c23e02f6-c3a7-40e3-97f4-bb50c53f9a08,Nights,Knot Hart,Wicked I,2021-01-11,Hip-Hop,238975,29,0.7988,0.6595,8,-6.51,1,0.0187,148.75,9028,TH,False,Catalyst Records,2021,1,Monday,3.98,Medium,Moderate,G#,Major,False,Q1,False,9.1082,0.7101,12111
cfc4dae0-02b3-42fc-a871-60daca5346a4,Burning Demons,Knot Hart,Burning Ghosts,2023-07-06,R&B,229236,64,0.5015,0.5405,10,-4.28,1,0.0045,118.62,1203949,ID,True,Columbia Records,2023,7,Thursday,3.82,High,Loud,A#,Major,True,Q3,False,14.0011,0.5005,12111
c7a015ad-5bb2-4501-b29a-6427e0e52e53,Fleeting,IsleEyre,Paper,2023-10-06,Pop,285397,8,0.6496,0.7684,0,-9.49,1,0.0146,127.38,3130,US,True,Echo Studios,2023,10,Friday,4.76,Low,Moderate,C,Major,True,Q4,False,8.0491,0.6635,5271
bbb36623-edd6-48ac-89fb-b698c0fadaab,Golden,Knot Hart,Jagged III,2020-12-14,Hip-Hop,208798,3,0.7163,0.6106,9,-6.8,1,0.0214,119.38,3435,CA,False,Self-Released,2020,12,Monday,3.48,Low,Moderate,A,Major,False,Q4,False,8.1421,0.6156,12111
20506dce-4596-44a5-af6a-21b4b4d14b40,Nights,Pearl Collective,Crystal,2023-07-12,EDM,216163,62,0.7329,0.8498,6,-6.21,0,0.0861,114.09,214009,SG,False,Sony Music Entertainment,2023,7,Wednesday,3.6,High,Moderate,F#,Minor,False,Q3,False,12.2738,0.7104,31
841764a9-6f3c-4c71-b2a7-a1c1b3d464b3,Broken Bitter Waves,Knot Hart,Crystal II,2024-04-14,Pop,241923,66,0.4171,0.6951,7,-7.11,1,0.0142,118.23,1943282,PH,False,Warner Music Group,2024,4,Sunday,4.03,High,Moderate,G,Major,False,Q2,True,14.4799,0.5281,12111
fb4d634a-8e2f-4a4f-afb9-2a7757475ead,Ghosts,ElaraRain,Broken,2021-10-21,K-Pop,217597,21,0.8133,0.8728,8,-2.81,1,0.0197,116.26,22833,AR,False,RCA Records,2021,10,Thursday,3.63,Low,Loud,G#,Major,False,Q4,False,10.036,0.7548,1111
2dbebbc5-11d3-4d8c-8f9a-267d400b5d65,Floating Shadows,Ethereal,Diaries,2024-05-06,Pop,198360,39,0.8371,0.6762,3,-8.01,1,0.0536,117.26,20731,JP,True,Interscope Records,2024,5,Monday,3.31,Medium,Moderate,D#,Major,True,Q2,False,9.9394,0.6871,3232
66aeed05-79d9-4ba5-8d1f-4e8b2269030c,Frozen Night,Wave Gate,Urban Ghosts,2023-06-21,Pop,207625,26,0.625,0.7104,8,-8.59,0,0.0134,122.76,41645,SE,False,Wavelength Records,2023,6,Wednesday,3.46,Medium,Moderate,G#,Minor,False,Q2,False,10.637,0.6238,7
f0654577-913c-47f5-9203-43d69b371f22,Silent Bridges,Knot Hart,The Eternal Files,2020-10-18,R&B,271304,22,0.6291,0.6664,2,-8.72,0,0.0845,105.33,7213,IN,False,Horizon Records,2020,10,Sunday,4.52,Low,Moderate,D,Minor,False,Q4,True,8.8838,0.583,12111
4b0e7b41-0d53-426f-b6a2-d545d16d0395,Chasing Islands,Ethereal,Cloudy Heart,2021-06-12,Pop,208815,10,0.6597,0.5465,7,-7.11,1,0.0216,135.07,7575,PH,False,Spectrum Music,2021,6,Saturday,3.48,Low,Moderate,G,Major,False,Q2,True,8.9327,0.5897,3232
90cf0696-e554-470f-9230-25e36636ee3b,Lights,Onyx Core,Mystic Harbors,2022-09-29,Pop,180107,27,0.6823,0.5534,11,-7.62,0,0.0551,130.79,18544,US,False,Prism Audio,2022,9,Thursday,3.0,Medium,Moderate,B,Minor,False,Q3,False,9.828,0.5954,16
75f64088-fae3-447a-b35b-39d9780ebd31,Dreams,Blaze Project,Stories,2025-03-23,Classical,277499,24,0.3773,0.4138,7,-9.47,1,0.129,148.2,7240,NG,False,Indie Collective,2025,3,Sunday,4.62,Low,Moderate,G,Major,False,Q1,True,8.8875,0.4424,53
5f2fd535-9c76-4e71-8642-3d9467c386e4,Endless Skies,Dusk Jay,Hollow Whispers,2020-09-21,Country,181810,29,0.4674,0.5764,5,-6.16,1,0.0105,122.77,36419,JP,True,Wavelength Records,2020,9,Monday,3.03,Medium,Moderate,F,Major,True,Q3,False,10.5029,0.5072,82
de255a50-38cf-4ca3-a8f6-988a8e844e80,Hollow Fire,IsleEyre,Empty IV,2024-04-06,Pop,185086,39,0.599,0.5546,0,-9.96,0,0.0026,83.42,29222,MX,False,Bedroom Records,2024,4,Saturday,3.08,Medium,Moderate,C,Minor,False,Q2,True,10.2827,0.4949,5271
7cb2e7c6-1ac6-489d-917d-595e30d8464c,Crimson Wild Heart,Knot Hart,Invisible Oceans,2021-12-22,R&B,160315,10,0.5843,0.4954,1,-10.9,1,0.0115,94.21,6539,GB,True,Stardust Label,2021,12,Wednesday,2.67,Low,Moderate,C#,Major,True,Q4,False,8.7857,0.4808,12111
9d64b232-1662-4681-b7e5-2e8ed3782be8,Ghosts,Horizon,The Midnight Horizons,2022-03-24,Hip-Hop,196784,6,0.8126,0.6758,5,-8.64,0,0.0143,116.6,1767,IN,False,Pulse Records,2022,3,Thursday,3.28,Low,Moderate,F,Minor,False,Q1,False,7.4776,0.6762,385
30ee58ea-ebe8-4e88-b319-ab00cc4a21da,Islands,Lumiere,Fierce,2022-03-24,Hip-Hop,247755,58,0.8305,0.6581,1,-8.52,0,0.0002,111.5,470521,AU,True,Prism Audio,2022,3,Thursday,4.13,High,Moderate,C#,Minor,True,Q1,False,13.0616,0.669,18
6d91a077-0645-4767-879b-2972afdce549,Empty Chains,ValeGlass,Hidden Dreams,2020-02-28,Pop,237432,39,0.6941,0.6909,2,-6.35,0,0.086,129.84,65848,ZA,False,Epic Records,2020,2,Friday,3.96,Medium,Moderate,D,Minor,False,Q1,False,11.0951,0.6538,981
a5b2f9f0-806b-41ff-8213-ad7db3e45a9e,Sacred Heavy Keys,Frost Nova,Oceans,2021-05-29,Folk,173605,50,0.6438,0.2466,10,-11.04,1,0.0591,108.01,286131,MY,True,Atlantic Records,2021,5,Saturday,2.89,High,Moderate,A#,Major,True,Q2,True,12.5642,0.4247,862
b843956e-8d44-409a-9f22-6d929332a7ce,Ghosts,IsleEyre,Ancient Streets,2022-06-04,Pop,166478,42,0.5491,0.9765,5,-1.98,1,0.0117,98.17,116592,US,False,Universal Music Group,2022,6,Saturday,2.77,Medium,Loud,F,Major,False,Q2,True,11.6664,0.6648,5271
a3d8c1b8-1bab-4e74-9d61-4629e23aac04,Glowing Pages,Willow Jet,The Wild Portraits,2025-08-06,Pop,259007,37,0.6281,0.6332,10,-7.2,0,0.0248,115.67,226791,DE,False,Stardust Label,2025,8,Wednesday,4.32,Medium,Moderate,A#,Minor,False,Q3,False,12.3318,0.584,136
1bfd2a01-0dca-4330-a9e7-f121d7ac40d5,Empty Invisible Floors,Knot Hart,Young Shadows,2021-12-25,R&B,262603,41,0.7794,0.6889,8,-6.34,1,0.0678,124.0,438784,CA,False,Wavelength Records,2021,12,Saturday,4.38,Medium,Moderate,G#,Major,False,Q4,True,12.9918,0.6787,12111
90ffe6dc-fc1c-4bf1-9e2d-cb2b21d14867,Sacred,IsleEyre,Crystal,2021-03-01,Classical,212263,23,0.007,0.1724,1,-11.13,1,0.5415,167.99,5540,JP,False,Island Records,2021,3,Monday,3.54,Low,Moderate,C#,Major,False,Q1,False,8.6199,0.226,5271
06adfbec-3299-4dc9-a417-2a17f3a64c73,Breathing Soul,Sterling Zen,Sessions,2020-05-13,Folk,183814,41,0.4879,0.5384,10,-10.89,1,0.0134,114.71,4346,DE,True,Indie Collective,2020,5,Wednesday,3.06,Medium,Moderate,A#,Major,True,Q2,False,8.3772,0.4887,2268
1c44a6e3-5018-4255-be7d-c5a35431e210,The Streets,SethStone,Deep Paradise,2025-03-15,Metal,178485,11,0.2566,0.9372,6,-3.68,0,0.035,161.58,3765,KR,False,Universal Music Group,2025,3,Saturday,2.97,Low,Loud,F#,Minor,False,Q1,True,8.2338,0.6226,1486
27919a4f-8eef-4794-bbb0-23fba33cef3c,Eternal Winds,IsleEyre,Reflections,2024-08-25,Pop,130024,42,0.8234,0.5737,10,-7.15,1,0.016,148.43,21600,NG,False,Universal Music Group,2024,8,Sunday,2.17,Medium,Moderate,A#,Major,False,Q3,True,9.9805,0.6852,5271
bad4a126-5193-4198-bd74-07dfc5301441,Spinning Heart,Knot Hart,Revolutions,2021-11-29,R&B,170575,51,0.8097,0.7136,9,-6.39,0,0.0373,90.85,53619,GB,False,Atlantic Records,2021,11,Monday,2.84,High,Moderate,A,Minor,False,Q4,False,10.8897,0.6534,12111
90b9efd5-8a7d-4e1a-95f5-77bd31892014,Glass Stars,Crest Jay,Open,2024-05-18,EDM,213276,35,0.7646,0.7943,11,-3.9,1,0.0861,151.87,51866,NG,False,Self-Released,2024,5,Saturday,3.55,Medium,Loud,B,Major,False,Q2,True,10.8564,0.7548,635
cdac2ad3-994a-4cb0-9158-0979bc1218de,Midnight Floors,IsleEyre,Diaries,2024-05-24,Pop,173106,5,0.879,0.8181,10,-9.33,0,0.0334,125.49,4677,ID,True,Nova Records,2024,5,Friday,2.89,Low,Moderate,A#,Minor,True,Q2,False,8.4506,0.7724,5271
6c02638c-ba25-495d-b701-2d77567206db,Flames,The Dawns,Storm,2020-11-18,Pop,206085,8,0.5158,0.6866,9,-7.07,1,0.0204,134.01,884,CO,True,Stardust Label,2020,11,Wednesday,3.43,Low,Moderate,A,Major,True,Q4,False,6.7856,0.5867,750
abf37bcf-b43c-455d-8d7b-0950ae14442c,Golden Floors,Knot Hart,Neon I,2022-10-01,R&B,162428,4,0.4984,0.5384,11,-6.45,0,0.0342,87.52,6065,SE,False,Self-Released,2022,10,Saturday,2.71,Low,Moderate,B,Minor,False,Q4,True,8.7105,0.454,12111
9037449f-7d24-4846-850f-299aa17cea13,Ghosts,Rocco Ore,Hollow IV,2021-05-17,R&B,204941,57,0.6255,0.4472,1,-8.27,1,0.1206,110.23,317447,GB,True,Warner Music Group,2021,5,Monday,3.42,High,Moderate,C#,Major,True,Q2,False,12.6681,0.5008,1709
69a592a9-6821-456e-94b9-2ba03cb683d4,Drifting Night,ElaraRain,Midnight Love,2020-03-30,Rock,179432,26,0.732,0.5845,6,-7.49,1,0.2872,135.45,9939,TH,True,Atlantic Records,2020,3,Monday,2.99,Medium,Moderate,F#,Major,True,Q1,False,9.2043,0.6344,1111
c19f034e-b3b8-495c-ad7d-3dbfc10660ef,Silent Sacred Doors,Knot Hart,Golden Winds,2020-05-08,R&B,184575,30,0.8431,0.4845,1,-11.28,0,0.0074,126.75,18943,PT,False,Apex Records,2020,5,Friday,3.08,Medium,Moderate,C#,Minor,False,Q2,False,9.8492,0.6264,12111
4cf5f7cf-d720-4819-aa54-ac1c10502373,Lost Silver Demons,IsleEyre,The Broken Records,2021-09-16,Pop,180169,25,0.6206,0.6355,3,-5.66,0,0.0044,125.9,7129,US,True,Nova Records,2021,9,Thursday,3.0,Medium,Loud,D#,Minor,True,Q3,False,8.8721,0.5966,5271
b2c951df-1eb9-44c2-9267-6b6d9b4f8a4d,Glass Demons,Knot Hart,Neon V,2023-04-20,R&B,258481,11,0.6956,0.4912,7,-10.06,0,0.0187,101.76,6889,FR,False,Catalyst Records,2023,4,Thursday,4.31,Low,Moderate,G,Minor,False,Q2,False,8.8378,0.5344,12111
5c469416-4ddc-48b6-98de-bd8a47b96ac5,Blinding Edges,Knot Hart,Fleeting Wings,2023-06-30,R&B,192411,17,0.7333,0.7671,2,-8.09,0,0.0264,95.07,3865,TH,False,Stardust Label,2023,6,Friday,3.21,Low,Moderate,D,Minor,False,Q2,False,8.26,0.6503,12111
7740bdaf-b642-4665-acdf-abc52064f61c,Doors,Leo North,Dimensions,2023-12-16,Rock,92854,14,0.6168,0.7612,5,-5.45,0,0.3196,107.15,18020,NL,False,Self-Released,2023,12,Saturday,1.55,Low,Loud,F,Minor,False,Q4,True,9.7993,0.6186,12
4cab921a-6216-4214-93e9-94b5b9e96b58,Eternal Ghosts,IsleEyre,Blinding Roses,2024-06-19,EDM,112871,11,0.7474,0.876,0,-3.43,1,0.1736,117.1,3950,NL,False,Pulse Records,2024,6,Wednesday,1.88,Low,Loud,C,Major,False,Q2,False,8.2817,0.7309,5271
40fdb23d-3ac5-41e9-97b6-9d1289b0130d,Hollow Winds,Infiniti,Twisted Demons,2020-02-14,Hip-Hop,149648,17,0.8976,0.7645,11,-8.03,1,0.0482,127.47,8251,IN,False,Drift Music,2020,2,Friday,2.49,Low,Moderate,B,Major,False,Q1,False,9.0182,0.7612,96
3ca8c4a7-ef08-4da4-9564-6a8095a5629b,Paper Rivers,IsleEyre,Silver Chains,2020-11-02,Pop,186689,28,0.5221,0.4723,9,-10.7,0,0.0034,87.13,10794,DE,False,Nova Records,2020,11,Monday,3.11,Medium,Moderate,A,Minor,False,Q4,False,9.2868,0.4365,5271
8055706d-c78a-4cd1-b4e0-6601517b7a9e,Cloudy Bridges,Aria Rose,Mystic III,2025-01-28,Hip-Hop,246085,35,0.6485,0.5601,2,-9.11,1,0.0037,138.62,55162,AU,True,Universal Music Group,2025,1,Tuesday,4.1,Medium,Moderate,D,Major,True,Q1,False,10.918,0.5958,346
87567b8b-cc1d-486d-b15d-dcfd770ab4c2,The Chains,FlareArc,Worlds,2024-07-07,Pop,245552,15,0.6125,0.6897,0,-3.15,0,0.0228,100.72,7205,NG,True,Independent,2024,7,Sunday,4.09,Low,Loud,C,Minor,True,Q3,True,8.8827,0.5791,165
252b4711-b924-4a5b-bba1-18ac08635fa9,Thunder,Clay Black,Sessions,2023-11-17,Pop,173082,14,0.6892,0.5562,6,-6.38,1,0.0378,131.91,6983,CL,False,Self-Released,2023,11,Friday,2.88,Low,Moderate,F#,Major,False,Q4,False,8.8514,0.6009,693
edc004be-385e-4044-970c-6129450c9c7c,Broken Soul,Rocco Ore,Nights,2021-02-24,Folk,190270,13,0.2998,0.4777,0,-11.5,1,0.036,111.78,9172,ID,True,Nova Records,2021,2,Wednesday,3.17,Low,Moderate,C,Major,True,Q1,False,9.124,0.385,1709
f08b0583-d1cb-4358-893e-c881270f412c,Cosmic Keys,Sterling Zen,Pages,2020-01-21,EDM,286263,30,0.8052,0.8748,11,-7.17,0,0.0038,134.63,22314,GB,False,Universal Music Group,2020,1,Tuesday,4.77,Medium,Moderate,B,Minor,False,Q1,False,10.013,0.7786,2268
f001d4f5-0e7a-4da4-9162-8ea48450d847,Rain,Ethereal,Twisted,2021-11-28,Pop,229712,30,0.669,0.5913,2,-8.37,1,0.0214,113.17,31947,US,False,Capitol Records,2021,11,Sunday,3.83,Medium,Moderate,D,Major,False,Q4,True,10.3719,0.5801,3232
167f3685-3be3-48d6-96bb-5c77f941e561,The Skies,Lumiere,Crimson Roads,2025-12-01,Hip-Hop,246671,66,0.5902,0.508,3,-8.28,1,0.0409,128.48,1579034,ES,False,Columbia Records,2025,12,Monday,4.11,High,Moderate,D#,Major,False,Q4,False,14.2723,0.5371,18
97a9594f-8a27-45e6-9b3d-184e1b2a9a0d,Doors,Nina Knox,Paper Heart,2020-12-05,R&B,190718,46,0.6474,0.752,5,-7.51,1,0.0015,84.52,124396,TR,False,Spectrum Music,2020,12,Saturday,3.18,Medium,Moderate,F,Major,False,Q4,True,11.7312,0.5948,80
fbaa6ca9-577e-4cd4-ab63-1e0cd653ca6e,The Pages,PhoenixCore,Floors,2022-06-04,R&B,244386,33,0.6937,0.5503,7,-7.27,0,0.0332,105.52,40147,US,True,Atlantic Records,2022,6,Saturday,4.07,Medium,Moderate,G,Minor,True,Q2,True,10.6003,0.5626,10
1391eac7-52ea-48c5-9a47-34754c9ec4f4,Storm,Knot Hart,Journeys,2023-07-01,R&B,194159,17,0.6803,0.6735,11,-5.36,1,0.0428,92.88,5825,US,False,Republic Records,2023,7,Saturday,3.24,Low,Loud,B,Major,False,Q3,True,8.6701,0.5885,12111
183325bf-ce9e-45dc-abbd-b026e61e7141,Breathing Eyes,Vale Drake,The Neon Sessions,2024-06-27,Country,255269,45,0.5955,0.6171,3,-6.56,1,0.0203,118.44,72762,DE,False,Wavelength Records,2024,6,Thursday,4.25,Medium,Moderate,D#,Major,False,Q2,False,11.195,0.5685,225
376a63b2-8104-4f67-83b5-128a15ccfc7b,Twisted Waves,GrantEdge,The Hollow Diaries,2025-03-02,EDM,199341,37,0.79,0.908,2,-3.67,1,0.009,120.58,31106,IN,False,Island Records,2025,3,Sunday,3.32,Medium,Loud,D,Major,False,Q1,True,10.3452,0.7657,15
93d68103-551e-4115-a1f8-95285a8c7a86,Fleeting,Knot Hart,Gentle Love,2024-10-30,R&B,170004,18,0.66,0.5995,8,-8.23,1,0.0486,104.36,4350,IN,False,Self-Released,2024,10,Wednesday,2.83,Low,Moderate,G#,Major,False,Q4,False,8.3782,0.5672,12111
341dbefd-9e20-421c-971b-a07d49ccc49b,Electric Bridges,Knot Hart,Burning Voices,2025-12-09,R&B,246767,8,0.7316,0.54,9,-8.64,1,0.0655,112.2,6648,DE,False,Drift Music,2025,12,Tuesday,4.11,Low,Moderate,A,Major,False,Q4,False,8.8022,0.5832,12111
da26f5f2-a344-4868-9f4b-ead43d365d72,Paper Hollow Night,Lena Theory,Records,2022-07-16,Hip-Hop,176663,11,1.0,0.4263,9,-11.0,0,0.0429,109.44,2574,DE,False,Island Records,2022,7,Saturday,2.94,Low,Moderate,A,Minor,False,Q3,True,7.8536,0.6411,168
64c71830-9230-4b62-8395-0995df14b069,Open,Frost Nova,Empty Lights,2023-03-25,Latin,192367,22,0.9371,0.3457,11,-10.74,1,0.1313,133.46,8343,US,False,Wavelength Records,2023,3,Saturday,3.21,Low,Moderate,B,Major,False,Q1,True,9.0293,0.6181,862
3f750344-b7dd-4dcd-ba61-4fdbd099e626,Burning Night,OpalOak,Fire,2023-09-22,Trap,202053,14,0.7849,0.6928,7,-7.75,1,0.0507,146.86,1457,US,False,Nova Records,2023,9,Friday,3.37,Low,Moderate,G,Major,False,Q3,False,7.2848,0.7152,71
ecdbe871-30c8-4ab4-8a9c-64774747a9d3,Mystic,Knot Hart,Oceans,2025-04-24,R&B,231484,12,0.782,0.5379,9,-6.46,1,0.0011,86.02,4565,TR,False,Self-Released,2025,4,Thursday,3.86,Low,Moderate,A,Major,False,Q2,False,8.4264,0.5651,12111
958f2127-87a8-4117-bc13-ccc8776a17ec,Voices,Prism Club,Paper Paradise,2021-01-19,Folk,225496,62,0.5516,0.2119,1,-14.43,1,0.0647,89.52,441386,AR,False,Island Records,2021,1,Tuesday,3.76,High,Quiet,C#,Major,False,Q1,False,12.9977,0.3476,105
2bfe7feb-5abe-4dc5-bc22-c0d4b7a32147,Chains,Knot Hart,The Silver Frequencies,2020-02-25,R&B,262529,33,0.6864,0.7261,5,-5.18,1,0.0072,99.4,6916,BR,False,Prism Audio,2020,2,Tuesday,4.38,Medium,Loud,F,Major,False,Q1,False,8.8417,0.6213,12111
31a2c67b-992d-496e-b948-2d1aee6f0f39,Fire,Knot Hart,Inner Keys,2020-03-25,R&B,183168,31,0.7533,0.4806,2,-10.7,0,0.0365,115.64,11813,PH,False,Interscope Records,2020,3,Wednesday,3.05,Medium,Moderate,D,Minor,False,Q1,False,9.377,0.573,12111
4a479202-6759-4709-8df3-a8a289c83354,Roses,Knot Hart,Raw II,2020-12-31,Rock,235040,8,0.4425,0.7311,3,-9.12,0,0.0325,158.12,7813,MX,True,Horizon Records,2020,12,Thursday,3.92,Low,Moderate,D#,Minor,True,Q4,False,8.9637,0.6096,12111
2200eedc-5842-49ed-9a8a-94e5ccc1aa36,Fading Edges,Blake Ore,Mystic Bridges,2023-11-29,EDM,200178,23,0.7069,0.7239,5,-7.72,1,0.0118,144.73,17168,DE,False,Prism Audio,2023,11,Wednesday,3.34,Low,Moderate,F,Major,False,Q4,False,9.7509,0.6934,98
ad4457db-eafa-4644-8a69-bb73a2de0c3c,Tears,RiverFlame,Whispers,2023-03-27,Jazz,176831,20,0.554,0.5985,1,-10.27,0,0.3245,104.65,9097,FR,False,Stardust Label,2023,3,Monday,2.95,Low,Moderate,C#,Minor,False,Q1,False,9.1158,0.5248,422
e1f85ca5-dc12-4d7b-b130-57d0940419d3,The Roses,ElaraRain,Ancient Dreams,2023-03-26,Rock,205739,43,0.4767,0.816,1,-7.31,0,0.0565,130.94,191871,US,True,Capitol Records,2023,3,Sunday,3.43,Medium,Moderate,C#,Minor,True,Q1,True,12.1646,0.6184,1111
6084a002-fe36-4bb4-bb97-bbb459570e82,Dancing Lines,Ethereal,Hidden Soul,2020-01-03,Pop,299966,22,0.7819,0.7839,0,-5.57,1,0.0237,135.36,6979,MX,False,Epic Records,2020,1,Friday,5.0,Low,Loud,C,Major,False,Q1,False,8.8508,0.734,3232
ec3342db-e93d-4a0d-ad17-f0f6c9f49a7e,Fleeting Invisible Scars,Cole Nix,Neon III,2020-11-26,Pop,180985,44,0.7448,0.6377,4,-10.6,1,0.0507,110.89,39538,IN,False,Midnight Records,2020,11,Thursday,3.02,Medium,Moderate,E,Major,False,Q4,False,10.585,0.6257,48
d02dcdf4-3fde-48e3-bfd6-3b755ca536c6,Sacred Crimson Stars,Ethereal,The Sacred Files,2021-12-10,Latin,227039,55,0.6826,0.767,9,-7.73,1,0.0187,146.77,192614,TR,False,Interscope Records,2021,12,Friday,3.78,High,Moderate,A,Major,False,Q4,False,12.1684,0.7038,3232
eee525f3-2cf0-4226-b65e-190ab2076878,Waves,Dusk Jay,Raw Storm,2023-05-02,Country,198076,43,0.6912,0.6255,9,-5.27,0,0.087,127.43,141599,IN,True,Midnight Records,2023,5,Tuesday,3.3,Medium,Loud,A,Minor,True,Q2,False,11.8608,0.623,82
2b20bb25-8f33-4022-9884-fe9d3d1b9d71,Eyes,Sterling Zen,Twisted Fire,2025-08-25,Folk,188359,64,0.6094,0.491,10,-7.24,0,0.1043,105.92,167112,IN,False,Atlantic Records,2025,8,Monday,3.14,High,Moderate,A#,Minor,False,Q3,False,12.0264,0.5058,2268
a6188a6a-b193-4d21-b0d9-b3d59e11fabe,Vivid,Ethereal,Gentle Stars,2021-07-29,Rock,194299,15,0.4366,0.7438,9,-7.23,0,0.0788,106.2,4180,SE,False,Spectrum Music,2021,7,Thursday,3.24,Low,Moderate,A,Minor,False,Q3,False,8.3383,0.5382,3232
fb64dca0-f760-4be1-b3cd-1a94de78f9f6,The Gardens,Rocco Ore,Wicked Shadows,2020-01-25,R&B,208256,17,0.6196,0.5929,7,-9.19,0,0.0018,133.73,3998,TR,False,Self-Released,2020,1,Saturday,3.47,Low,Moderate,G,Minor,False,Q1,True,8.2938,0.5903,1709
11c54c49-2092-4b76-91ce-58610fdd1ff1,Inner Rivers,IsleEyre,Empty Floors,2023-09-19,EDM,165912,17,0.7533,0.796,0,-8.42,1,0.0115,138.97,6967,AU,False,Self-Released,2023,9,Tuesday,2.77,Low,Moderate,C,Major,False,Q3,False,8.8491,0.7325,5271
c7c4c609-bb73-4bff-a277-c69d5be8049d,Burning Dreams,Jasper Jade,Silent Winds,2023-06-27,Hip-Hop,297336,42,0.7884,0.6091,11,-7.33,0,0.034,128.09,136104,US,False,Nova Records,2023,6,Tuesday,4.96,Medium,Moderate,B,Minor,False,Q2,False,11.8212,0.6563,181
adb1ae91-25c1-4077-ac85-8af64783894d,Love,SethStone,Horizons,2022-04-16,Metal,210645,3,0.4607,0.8243,1,-7.73,1,0.0068,133.83,1189,ID,False,Self-Released,2022,4,Saturday,3.51,Low,Moderate,C#,Major,False,Q2,True,7.0817,0.6195,1486
9359a7b5-9d97-411f-ab36-29dc311376d4,Dark Quiet Nights,Knot Hart,Scars,2024-12-03,R&B,225455,8,0.8703,0.8119,10,-5.18,1,0.004,108.55,1444,DE,False,Warner Music Group,2024,12,Tuesday,3.76,Low,Loud,A#,Major,False,Q4,False,7.2759,0.7422,12111
c0af1819-beb5-4d88-bbbd-1c15966bba10,The Tears,Pandora,The Invisible Diaries,2023-04-02,EDM,264257,18,0.8785,0.8905,4,-3.95,0,0.0877,126.57,4585,TH,False,Horizon Records,2023,4,Sunday,4.4,Low,Loud,E,Minor,False,Q2,True,8.4308,0.8027,24
50bc4c05-0707-461d-8bf7-a3aa648990c1,Stars,Ethereal,The Hidden Portraits,2025-02-15,Pop,210173,11,0.5976,0.7065,1,-8.59,1,0.0741,133.19,2234,US,False,Universal Music Group,2025,2,Saturday,3.5,Low,Moderate,C#,Major,False,Q1,True,7.712,0.6262,3232
991842cd-6311-4af3-ab13-f5e3dc99f837,Endless Bones,ValeGlass,Distant,2021-10-10,Pop,150622,16,0.8611,0.6658,5,-4.74,1,0.0199,93.82,6205,TR,True,Cipher Music,2021,10,Sunday,2.51,Low,Loud,F,Major,True,Q4,True,8.7333,0.6591,981
899df6a0-e9f7-46b5-b566-1182ccecdd5a,Streets,The Glens,The Open Reflections,2021-07-27,Hip-Hop,238965,71,0.7094,0.7074,4,-4.99,0,0.0009,138.76,487312,KR,False,Sony Music Entertainment,2021,7,Tuesday,3.98,High,Loud,E,Minor,False,Q3,False,13.0967,0.6792,29
f8a41bea-57b9-4607-8add-d0d62c509b11,Edges,Luna Ink,Volume,2025-09-07,Hip-Hop,207334,52,0.7807,0.4763,10,-6.75,1,0.0054,111.12,257493,US,False,Echo Studios,2025,9,Sunday,3.46,High,Moderate,A#,Major,False,Q3,True,12.4588,0.5758,577
39644716-cc44-44c8-aefd-162d38b88e41,Islands,Knot Hart,Sessions,2021-10-13,R&B,230978,15,0.7638,0.5825,3,-8.78,1,0.0058,97.89,3206,US,False,Columbia Records,2021,10,Wednesday,3.85,Low,Moderate,D#,Major,False,Q4,False,8.0731,0.5926,12111
5e727d8f-9b8d-4376-b39b-f06ae45a14cb,The Doors,IvyStone,Heart,2024-04-22,Pop,256488,9,0.652,0.4983,6,-12.51,0,0.0391,123.04,1575,US,False,Self-Released,2024,4,Monday,4.27,Low,Quiet,F#,Minor,False,Q2,False,7.3626,0.5502,13
fefbf017-015e-4910-ac09-6fe131566aa1,Crystal Sacred Nights,Luna Ink,Raw Soul,2025-01-15,Hip-Hop,169301,13,0.8826,0.5846,6,-12.08,1,0.012,124.52,1448,KR,False,Echo Studios,2025,1,Wednesday,2.82,Low,Quiet,F#,Major,False,Q1,False,7.2786,0.6791,577
b2b94b85-1f64-4005-8728-2bc1c3272c66,Voices,IsleEyre,Notes,2020-04-09,Pop,196021,21,0.8186,0.5947,10,-11.81,0,0.0114,114.92,31642,US,True,Neon Label,2020,4,Thursday,3.27,Low,Moderate,A#,Minor,True,Q2,False,10.3623,0.6438,5271
1f1e78a6-1022-4f38-a3f6-974fadd93fdc,Silver,Knot Hart,Portraits,2025-12-03,R&B,161826,7,0.7192,0.5381,7,-6.29,1,0.0102,125.43,1718,GB,False,Cipher Music,2025,12,Wednesday,2.7,Low,Moderate,G,Major,False,Q4,False,7.4495,0.5964,12111
3a3fda04-1dd1-40d9-8564-c48a267773f9,Crystal Heart,Prism Club,Harbors,2024-03-20,Folk,177512,32,0.4948,0.4322,1,-6.59,1,0.0363,66.88,10576,US,False,Republic Records,2024,3,Wednesday,2.96,Medium,Moderate,C#,Major,False,Q1,False,9.2664,0.3806,105
838bdf46-c27b-4440-b475-ea7865e6d8fe,Yearning Winds,Crest Jay,Quiet III,2023-04-02,EDM,252977,19,0.7336,0.8559,4,-7.73,1,0.5822,110.96,8149,MX,False,Pulse Records,2023,4,Sunday,4.22,Low,Moderate,E,Major,False,Q2,True,9.0058,0.7086,635
b84bb99c-6085-4ee2-b8b6-b0d207e8d6f1,Paradise,ElaraRain,Jagged Heart,2020-08-20,Rock,202021,20,0.3582,0.8572,8,-8.42,0,0.4187,162.29,2972,US,False,Horizon Records,2020,8,Thursday,3.37,Low,Moderate,G#,Minor,False,Q3,False,7.9973,0.6323,1111
447b81e0-1e49-449e-8f97-02c332073631,Chains,The Thorns,Night,2023-09-12,Metal,245475,28,0.2637,0.8583,10,-7.5,0,0.0351,108.8,23466,US,False,Columbia Records,2023,9,Tuesday,4.09,Medium,Moderate,A#,Minor,False,Q3,False,10.0634,0.5185,33
1e9989ca-444d-4542-b6b4-ab8197956df2,Invisible Open Memories,The Glasss,Archives,2021-06-14,R&B,153995,32,0.8284,0.4425,4,-11.57,0,0.0463,79.56,8594,US,False,RCA Records,2021,6,Monday,2.57,Medium,Moderate,E,Minor,False,Q2,False,9.0589,0.5363,131
f57e4ce6-b51c-47fc-b097-37d5cee0f55b,Islands,Knot Hart,Blinding,2020-08-14,R&B,177074,42,0.6148,0.5562,0,-10.78,0,0.0601,95.79,35448,NL,False,Wavelength Records,2020,8,Friday,2.95,Medium,Moderate,C,Minor,False,Q3,False,10.4759,0.5195,12111
c8e89e51-e821-4881-89d7-093a453a333b,Silent Edges,IsleEyre,Eternal III,2024-05-04,Pop,290458,73,0.7374,0.6936,6,-6.88,0,0.0199,102.79,2023206,DE,False,Warner Music Group,2024,5,Saturday,4.84,High,Moderate,F#,Minor,False,Q2,True,14.5202,0.6335,5271
039a4ebf-84c8-4cd4-9f8b-f3526b8a1e2c,The Voices,IsleEyre,Fire,2024-11-23,Pop,90000,27,0.6876,0.4429,0,-9.5,1,0.0014,93.54,59828,US,True,Island Records,2024,11,Saturday,1.5,Medium,Moderate,C,Major,True,Q4,True,10.9992,0.5001,5271
d65f643e-276e-4356-b132-4b156c05be06,Vivid,The Flints,Gentle Skies,2020-08-20,Hip-Hop,171857,19,0.7645,0.6386,1,-7.48,1,0.0006,115.26,8535,DE,False,Nova Records,2020,8,Thursday,2.86,Low,Moderate,C#,Major,False,Q3,False,9.052,0.6402,181
3e8a6c0a-3369-44c9-a3a1-a5e1cba81215,Ghosts,Knot Hart,Files,2020-11-10,R&B,262099,15,0.5488,0.5564,1,-7.74,1,0.0115,106.15,939,CA,False,Spectrum Music,2020,11,Tuesday,4.37,Low,Moderate,C#,Major,False,Q4,False,6.8459,0.508,12111
afbce596-197f-4b4e-a9b3-694a36384496,Waves,Frost Nova,Lost Winds,2022-12-31,Hip-Hop,192218,24,0.6698,0.4751,5,-6.51,0,0.0092,133.5,1920,FR,True,Island Records,2022,12,Saturday,3.2,Low,Moderate,F,Minor,True,Q4,True,7.5606,0.563,862
1c1096f9-a38f-4bd4-aa73-4a3244ae746c,The Roses,Blake Crow,Electric Demons,2022-05-13,R&B,186641,15,0.7109,0.6099,1,-4.77,1,0.0208,101.89,5941,NL,True,Drift Music,2022,5,Friday,3.11,Low,Loud,C#,Major,True,Q2,False,8.6898,0.5882,179
8fe1f321-ddd9-4ae4-bd09-7d5619f51511,Storm,Cole Nix,Hollow Mirrors,2024-04-22,Pop,290864,4,0.8127,0.7634,4,-3.8,0,0.0429,134.75,2259,US,False,Catalyst Records,2024,4,Monday,4.85,Low,Loud,E,Minor,False,Q2,False,7.7231,0.7372,48
f4ff074a-f97d-4ed1-802e-574ae641f56f,The Oceans,IsleEyre,Crimson V,2024-10-31,Pop,189777,28,0.7835,0.5948,8,-8.56,1,0.062,118.54,19453,BR,False,Universal Music Group,2024,10,Thursday,3.16,Medium,Moderate,G#,Major,False,Q4,False,9.8758,0.6349,5271
b02770e3-acdc-43df-9717-f121bec929ca,Inner Jagged Heart,Kira Moon,Horizons,2020-04-22,Indie,241326,36,0.4175,0.3803,5,-12.62,0,0.1941,142.27,31345,JP,False,Midnight Records,2020,4,Wednesday,4.02,Medium,Quiet,F,Minor,False,Q2,False,10.3528,0.4366,95
0532e364-3102-49e8-ac37-d8f9cd39a7ff,Nights,Knot Hart,Velvet II,2023-03-23,R&B,195793,1,0.6237,0.5331,8,-13.38,1,0.0569,108.19,2883,AU,False,Cipher Music,2023,3,Thursday,3.26,Low,Quiet,G#,Major,False,Q1,False,7.9669,0.5316,12111
1e597485-4c61-48e6-8d03-479e49d7d394,Harbors,Phoenix Hill,Cloudy Roads,2023-01-28,Hip-Hop,204414,6,0.7849,0.5611,1,-9.24,0,0.0479,104.62,1179,CL,False,Catalyst Records,2023,1,Saturday,3.41,Low,Moderate,C#,Minor,False,Q1,True,7.0733,0.6021,57
bd592029-58ac-41be-bc26-39ff4e67a0ad,Tears,Knot Hart,Distant Skies,2021-05-24,R&B,162538,20,0.7189,0.7529,4,-5.25,1,0.0502,98.85,33333,BR,False,Pulse Records,2021,5,Monday,2.71,Low,Loud,E,Major,False,Q2,False,10.4143,0.6442,12111
61f84089-00cb-415b-bf32-5033893b4e56,Dancing Storm,Ethereal,Kind Demons,2022-06-11,Pop,188804,41,0.5697,0.765,6,-5.91,1,0.0154,107.67,76348,ZA,False,Drift Music,2022,6,Saturday,3.15,Medium,Loud,F#,Major,False,Q2,True,11.2431,0.602,3232
70347d3b-db37-4ab5-b329-c07ed4168004,Silent Gardens,LakeWilde,Empty Streets,2025-07-20,K-Pop,143828,77,0.628,0.919,2,-2.58,1,0.0038,110.09,2522719,US,False,Epic Records,2025,7,Sunday,2.4,Very High,Loud,D,Major,False,Q3,True,14.7408,0.6904,116
f028a94a-c644-46be-bdba-41a9c85c3e67,The Bones,Knot Hart,Waves,2020-06-20,Latin,155083,11,0.6569,0.659,8,-9.0,0,0.0408,89.05,3528,US,False,Horizon Records,2020,6,Saturday,2.58,Low,Moderate,G#,Minor,False,Q2,True,8.1688,0.5679,12111
0d997db2-479d-4a6f-9116-000fd9493411,Islands,Knot Hart,The Cloudy Verses,2023-12-03,R&B,160151,27,0.8286,0.4682,1,-13.0,1,0.0007,103.32,160892,IN,False,Drift Music,2023,12,Sunday,2.67,Medium,Quiet,C#,Major,False,Q4,True,11.9885,0.5806,12111
cfdef675-2dbc-41cf-84dc-703b371cdfb7,Angels,Isle Jay,Whispers,2023-08-30,Pop,213731,43,0.5439,0.8333,9,-4.17,0,0.002,136.74,161645,BR,False,Horizon Records,2023,8,Wednesday,3.56,Medium,Loud,A,Minor,False,Q3,False,11.9932,0.6605,241
fa583de4-3371-4b00-a95c-11a91719bd29,Vivid Glass Bones,Faye Lane,Fleeting V,2023-04-06,Latin,206212,11,0.6199,0.7272,2,-5.27,0,0.0071,103.41,2573,US,False,Nova Records,2023,4,Thursday,3.44,Low,Loud,D,Minor,False,Q2,False,7.8532,0.6009,237
ae9bbe05-6e84-4be4-a6b9-b10ecbc3fac8,Hiding Mountains,Phoenix Cloud,The Hidden Sessions,2021-09-06,Trap,197572,23,0.752,0.8286,6,-6.26,0,0.0361,138.14,21526,KR,False,Drift Music,2021,9,Monday,3.29,Low,Moderate,F#,Minor,False,Q3,False,9.9771,0.7439,471
66bb3ed0-5edb-4a78-8b76-ac38e666ae68,Velvet Oceans,Nirvana,Kind Ghosts,2020-07-29,EDM,183371,9,0.5622,0.6432,9,-10.54,1,0.0578,147.71,1754,FR,False,Republic Records,2020,7,Wednesday,3.06,Low,Moderate,A,Major,False,Q3,False,7.4702,0.6075,328
19e53a09-3b7b-43f8-b110-a3eec87a017a,Dancing Ghosts,ValeGlass,Invisible,2023-07-13,Pop,190523,19,0.6086,0.412,11,-8.74,0,0.1126,112.58,1620,IT,False,Midnight Records,2023,7,Thursday,3.18,Low,Moderate,B,Minor,False,Q3,False,7.3908,0.4834,981
3891aa4f-3847-4c77-8c7e-138c169d3c79,Heavy Islands,IsleEyre,Demons,2024-09-11,Pop,195230,46,0.6217,0.7623,3,-4.28,1,0.0081,114.65,113260,ID,True,Pulse Records,2024,9,Wednesday,3.25,Medium,Loud,D#,Major,True,Q3,False,11.6375,0.6317,5271
2df3a5d1-ae48-444d-8018-733628ba22f6,Gentle,IsleEyre,Portraits,2023-03-21,Pop,209150,17,0.6451,0.7668,5,-5.78,1,0.0059,137.94,19177,US,False,Neon Label,2023,3,Tuesday,3.49,Low,Loud,F,Major,False,Q1,False,9.8615,0.6761,5271
f6e1739e-4c61-4ad3-8480-5113886d4765,The Fire,Knot Hart,Eyes,2021-05-09,R&B,164808,23,0.762,0.7412,6,-6.77,1,0.0592,90.05,20011,CA,False,Warner Music Group,2021,5,Sunday,2.75,Low,Moderate,F#,Major,False,Q2,True,9.9041,0.6442,12111
1b693d20-d67f-4cec-95b8-ccf78c14ed7e,Frozen Roses,Tempest,The Cosmic Revolutions,2025-12-08,R&B,184336,45,0.6905,0.4396,6,-11.79,0,0.0316,120.89,33770,MX,False,Pulse Records,2025,12,Monday,3.07,Medium,Moderate,F#,Minor,False,Q4,False,10.4274,0.539,28
e9ba1a66-e1ea-4a5d-a978-e9ddd2a711e9,Skies,The Dawns,The Invisible Files,2021-03-17,Pop,192790,75,0.6625,0.709,11,-9.41,1,0.0357,117.79,4245815,AR,False,RCA Records,2021,3,Wednesday,3.21,Very High,Moderate,B,Major,False,Q1,False,15.2614,0.6312,750
928cbcf2-5161-413c-8fbc-856b7728569b,Vivid Ghosts,Ethereal,Lost,2021-07-05,Pop,209487,4,0.7047,0.7484,11,-5.39,1,0.0128,113.44,569,CL,False,Cipher Music,2021,7,Monday,3.49,Low,Loud,B,Major,False,Q3,False,6.3456,0.6576,3232
aa4919e3-7776-422d-ac96-7410c441df6c,Paper Oceans,Rocco Ore,Raw Winds,2024-12-01,R&B,138083,46,0.5563,0.6543,2,-6.72,1,0.0213,96.38,349788,AU,False,Republic Records,2024,12,Sunday,2.3,Medium,Moderate,D,Major,False,Q4,True,12.7651,0.5362,1709
4560a7e7-7913-4304-9148-7eaab9ddb505,Hidden Hollow Wings,ClayNix,Eternal,2024-10-13,Rock,197640,13,0.6307,0.4504,4,-9.39,1,0.0189,117.51,5638,BR,True,Universal Music Group,2024,10,Sunday,3.29,Low,Moderate,E,Major,True,Q4,True,8.6375,0.5146,24
29bce613-ec80-48b9-bf45-b7e9d2e47058,Wings,Knot Hart,Archives,2023-11-23,Hip-Hop,264158,29,0.631,0.6389,4,-8.93,1,0.0272,141.47,49896,BR,False,Drift Music,2023,11,Thursday,4.4,Medium,Moderate,E,Major,False,Q4,False,10.8177,0.6243,12111
aaf794bc-daa1-446a-afdf-442ceb18a615,Memories,The Dawns,Mirrors,2021-07-31,Pop,208577,13,0.6097,0.6189,1,-9.5,1,0.0343,109.67,2485,ID,False,Capitol Records,2021,7,Saturday,3.48,Low,Moderate,C#,Major,False,Q3,True,7.8184,0.5624,750
f95c77ac-e215-4b92-a110-eb0ff4806e23,Stars,SethStone,Files,2020-04-15,Metal,244332,39,0.372,0.6791,5,-4.4,1,0.0035,76.05,231042,EG,False,Spectrum Music,2020,4,Wednesday,4.07,Medium,Loud,F,Major,False,Q2,False,12.3504,0.4434,1486
30c910e4-e6da-475a-a71d-8ff0faa16809,Distant Waves,Crest Jay,Storm,2021-05-06,Indie,272787,19,0.6019,0.5669,7,-4.04,0,0.1789,106.16,57722,FR,True,Neon Label,2021,5,Thursday,4.55,Low,Loud,G,Minor,True,Q2,False,10.9634,0.5335,635
dbd6a07b-ec05-431c-a883-bf04653332b6,Burning Glass Keys,Knot Hart,The Electric Verses,2023-09-01,R&B,239522,42,0.7703,0.4378,2,-12.23,1,0.0296,106.92,97892,GB,False,Neon Label,2023,9,Friday,3.99,Medium,Quiet,D,Major,False,Q3,False,11.4916,0.5503,12111
074e8e8f-ee24-4682-9264-b9b5f9da2a81,Bitter Floors,Chimera,Lost Circles,2025-11-05,EDM,259349,54,0.818,0.887,5,-5.7,1,0.077,137.44,286648,CA,False,Horizon Records,2025,11,Wednesday,4.32,High,Loud,F,Major,False,Q4,False,12.566,0.7926,44
3e7001c1-1596-4c76-bc68-d28664cbd13a,Frozen Lost Soul,Wave Drake,Love,2022-06-20,Latin,173745,37,0.978,0.7414,10,-4.87,1,0.0215,131.77,119754,IN,False,Columbia Records,2022,6,Monday,2.9,Medium,Loud,A#,Major,False,Q2,False,11.6932,0.7903,24
10bf1626-0a05-4415-bb65-6c036ed19ce1,Heavy Keys,Frost Nova,Fleeting Floors,2022-05-27,Reggaeton,193485,44,0.9258,0.474,0,-12.04,1,0.0055,89.11,74625,FR,False,Nova Records,2022,5,Friday,3.22,Medium,Quiet,C,Major,False,Q2,False,11.2202,0.6015,862
e04f0221-e9e6-4c8c-822f-c3d90bcfd8e6,Floors,The Wests,The Distant Horizons,2023-11-29,R&B,140603,22,0.566,0.3515,7,-10.78,1,0.0069,129.6,9184,TH,False,Drift Music,2023,11,Wednesday,2.34,Low,Moderate,G,Major,False,Q4,False,9.1253,0.4664,293
0909d754-5a20-47d7-9bd4-f06c8044a810,Harbors,The Nixs,The Wild Portraits,2021-01-30,R&B,137171,23,0.6547,0.4648,3,-12.23,1,0.0345,110.77,12016,PL,False,Atlantic Records,2021,1,Saturday,2.29,Low,Quiet,D#,Major,False,Q1,True,9.3941,0.5203,23
7169f6c4-9c86-421a-941c-c965680da45e,Frozen Demons,Phantasm,Electric,2023-11-24,K-Pop,201566,22,0.7652,0.6115,11,-10.19,1,0.022,132.62,5538,US,False,Wavelength Records,2023,11,Friday,3.36,Low,Moderate,B,Major,False,Q4,False,8.6196,0.6544,242
170de4c3-7d58-48ab-b596-5047b7d8458b,Paper Mountains,Knot Hart,Bitter Rain,2023-08-16,R&B,217664,9,0.6418,0.5199,4,-8.32,0,0.0196,105.94,4594,DE,False,Midnight Records,2023,8,Wednesday,3.63,Low,Moderate,E,Minor,False,Q3,False,8.4327,0.5303,12111
61d9714a-d8fb-4646-a81c-5d53eec411cf,Shattered Fire,Frost Nova,Golden IV,2024-08-05,Latin,260448,21,0.9607,0.6313,3,-3.31,1,0.0159,117.1,2321,US,True,Bedroom Records,2024,8,Monday,4.34,Low,Loud,D#,Major,True,Q3,False,7.7502,0.7184,862
7e07e5fb-97d0-444b-828a-ebf6ed80de6e,Dark Voices,Clay Black,The Glass Archives,2023-09-27,Pop,172603,4,0.8085,0.5634,5,-10.75,0,0.0185,95.19,2729,CA,False,Cipher Music,2023,9,Wednesday,2.88,Low,Moderate,F,Minor,False,Q3,False,7.9121,0.599,693
e73ba5c1-bcae-4989-b058-6452df127f33,Golden Pages,Sterling Zen,Neon V,2021-10-23,Folk,152212,48,0.4903,0.1433,5,-10.75,1,0.1196,118.6,151312,GB,False,Universal Music Group,2021,10,Saturday,2.54,Medium,Moderate,F,Major,False,Q4,True,11.9271,0.3372,2268
5a4468fc-5cf2-4856-a167-9943fa3b2f61,Fleeting Gardens,The Peaks,The Inner Tapes,2025-06-09,Hip-Hop,259185,26,0.7785,0.6771,0,-10.06,1,0.0156,143.27,24718,BR,True,Drift Music,2025,6,Monday,4.32,Medium,Moderate,C,Major,True,Q2,False,10.1153,0.7012,208
92f70f2f-428b-470a-a6b7-381170a6ba6b,Vivid Scars,Whisper,Wicked Memories,2025-08-28,Pop,194279,4,0.3887,0.5873,11,-12.33,0,0.013,112.46,5952,AR,True,Capitol Records,2025,8,Thursday,3.24,Low,Quiet,B,Minor,True,Q3,False,8.6917,0.4653,29
40906571-b2f8-4ed9-a9ea-af1c2c8c76e6,Cloudy Bridges,Dean Society,The Frozen Verses,2024-10-07,R&B,188433,46,0.7012,0.5963,8,-9.01,0,0.0032,120.31,70255,BR,False,Republic Records,2024,10,Monday,3.14,Medium,Moderate,G#,Minor,False,Q4,False,11.1599,0.6052,15
46b20d66-1000-4d2b-bc21-e921df2164b1,Islands,Sterling Zen,The Eternal Horizons,2024-07-22,Folk,166356,25,0.3178,0.5343,8,-5.98,1,0.0834,132.0,14446,BR,False,Cipher Music,2024,7,Monday,2.77,Medium,Loud,G#,Major,False,Q3,False,9.5782,0.4437,2268
a86704fc-615e-4510-b54b-a251be437179,Ancient Oceans,Knot Hart,Bitter Waves,2025-01-26,R&B,241324,1,0.8864,0.5025,3,-10.63,1,0.0423,113.51,1972,US,False,Stardust Label,2025,1,Sunday,4.02,Low,Moderate,D#,Major,False,Q1,True,7.5873,0.632,12111
79a41702-6ac3-4603-a371-ff1e069b82c0,Mountains,The Jades,Archives,2021-11-24,EDM,328112,11,0.6433,0.7944,3,-6.63,0,0.0729,127.45,2561,IN,True,Neon Label,2021,11,Wednesday,5.47,Low,Moderate,D#,Minor,True,Q4,False,7.8485,0.6714,10
651f93d3-ed1a-4294-ac4e-d5b017531394,Yearning Dreams,Indie Vine,Hollow Pages,2025-07-14,EDM,206365,29,0.6364,0.8923,4,-6.61,1,0.1773,118.69,39965,CO,False,Self-Released,2025,7,Monday,3.44,Medium,Moderate,E,Major,False,Q3,False,10.5958,0.6953,58
d1ac3971-898f-4288-b5b2-1a220a8be64a,Reaching Mountains,Knot Hart,Neon Wings,2025-06-24,R&B,234310,21,0.6857,0.5614,8,-9.9,1,0.0092,114.72,7141,TH,True,Stardust Label,2025,6,Tuesday,3.91,Low,Moderate,G#,Major,True,Q2,False,8.8737,0.577,12111
33090a0e-877f-4ff8-b761-fd0400c6e2eb,Silent Rain,Valkyrie,Fragments,2024-03-18,EDM,193163,35,0.7599,0.8155,2,-4.35,0,0.0447,136.96,54754,US,False,Columbia Records,2024,3,Monday,3.22,Medium,Loud,D,Minor,False,Q1,False,10.9106,0.7401,38
bddfde4a-bbbe-48d6-adac-589f20e574e6,Invisible Angels,The Jets,Urban,2025-11-18,Hip-Hop,168563,45,0.5885,0.6143,7,-5.01,1,0.0025,133.37,18299,TR,False,Universal Music Group,2025,11,Tuesday,2.81,Medium,Loud,G,Major,False,Q4,False,9.8147,0.5859,47
51e5a67a-9382-4dca-a1c3-eb2f88966468,The Lines,SethStone,The Wicked Tapes,2023-08-13,Metal,293869,26,0.4216,0.8308,9,-3.71,0,0.0024,145.88,5537,CA,True,Prism Audio,2023,8,Sunday,4.9,Medium,Loud,A,Minor,True,Q3,True,8.6194,0.6236,1486
9da69484-44ed-4d72-83b0-80573786942a,The Dreams,The Dawns,The Wild Diaries,2022-05-12,Pop,191441,10,0.6387,0.5283,5,-8.26,0,0.0091,129.78,2216,AR,False,Neon Label,2022,5,Thursday,3.19,Low,Moderate,F,Minor,False,Q2,False,7.7039,0.5665,750
94d1cf2a-c322-4ee8-9c84-73615c6d7e98,Leaving Night,Ethereal,Bitter Worlds,2020-01-23,Pop,258842,10,0.4148,0.755,4,-5.13,0,0.0099,132.76,5587,US,True,Stardust Label,2020,1,Thursday,4.31,Low,Loud,E,Minor,True,Q1,False,8.6284,0.5719,3232
31d3eaee-666d-434a-86d7-e7af34f64150,Eternal Young Roads,Knot Hart,The Crimson Horizons,2020-02-27,Rock,120255,35,0.486,0.8293,3,-3.75,1,0.1135,139.78,129815,ID,False,Echo Studios,2020,2,Thursday,2.0,Medium,Loud,D#,Major,False,Q1,False,11.7739,0.6401,12111
cc84ed8d-c6a0-4bee-90c2-f5cb4141ee45,Raw Circles,IsleEyre,Roads,2022-04-09,Pop,153488,21,0.6581,0.5133,1,-6.29,1,0.0459,131.46,23457,US,True,Pulse Records,2022,4,Saturday,2.56,Low,Moderate,C#,Major,True,Q2,True,10.063,0.5706,5271
6784df10-2e94-449d-966b-d74bcb12b2e2,Wild,Grove Nova,Young II,2023-02-09,Alternative,242498,12,0.5953,0.8032,11,-5.86,0,0.381,134.88,7059,ES,False,Universal Music Group,2023,2,Thursday,4.04,Low,Loud,B,Minor,False,Q1,False,8.8622,0.6664,124
2ad7f742-369f-4397-823e-b735354d214f,Memories,Knot Hart,Flames,2025-05-01,R&B,273871,26,0.7261,0.2689,0,-10.57,1,0.0686,122.01,9653,PL,True,Cipher Music,2025,5,Thursday,4.56,Medium,Moderate,C,Major,True,Q2,False,9.1751,0.4866,12111
388e3cee-5d31-4bf9-8c44-bbd094ba3a96,Invisible,IsleEyre,Bitter III,2024-05-29,Pop,223359,20,0.7352,0.6332,6,-10.43,0,0.0241,118.13,5819,IT,False,Cipher Music,2024,5,Wednesday,3.72,Low,Moderate,F#,Minor,False,Q2,False,8.6691,0.6304,5271
427da228-b551-445a-ab61-d45d4750f018,Wild Golden Ghosts,Ethereal,Frequencies,2024-11-25,Pop,150805,23,0.423,0.5502,8,-8.68,1,0.0061,143.4,5566,IT,False,Def Jam Recordings,2024,11,Monday,2.51,Low,Moderate,G#,Major,False,Q4,False,8.6246,0.5084,3232
bf14937b-1791-421e-b334-6cf16728236f,Golden,ElaraRain,Eternal Winds,2024-10-03,Rock,235266,4,0.3239,0.7187,3,-5.49,1,0.022,125.91,1697,TR,False,Echo Studios,2024,10,Thursday,3.92,Low,Loud,D#,Major,False,Q4,False,7.4372,0.5112,1111
becca35c-49b1-4f87-b5d8-adcf8524c6ed,Silver Rain,Flame Empire,Quiet,2023-06-25,R&B,189961,37,0.6374,0.6656,5,-3.76,1,0.0144,75.89,47825,MX,False,Apex Records,2023,6,Sunday,3.17,Medium,Loud,F,Major,False,Q2,True,10.7753,0.5439,28
0eb67c88-c900-472b-bc42-293509a84dad,Skies,Ethereal,The Wild Fragments,2020-06-28,Pop,175526,7,0.6723,0.4906,11,-11.23,0,0.0144,115.19,2215,GB,True,Island Records,2020,6,Sunday,2.93,Low,Moderate,B,Minor,True,Q2,True,7.7035,0.544,3232
21a9ca5d-a2c5-4d81-bcb4-562cc7f0d628,Lost Broken Chains,Ethereal,Sessions,2021-03-01,Pop,202918,40,0.6578,0.7592,0,-7.74,1,0.0175,122.43,66280,JP,False,Nova Records,2021,3,Monday,3.38,Medium,Moderate,C,Major,False,Q1,False,11.1017,0.656,3232
80fa0226-c556-4e5a-8fb1-536b96a62542,Inner Golden Oceans,The Peaks,Notes,2020-09-12,Hip-Hop,162856,34,0.6585,0.6398,5,-10.03,1,0.0082,100.3,17179,CA,False,Atlantic Records,2020,9,Saturday,2.71,Medium,Moderate,F,Major,False,Q3,True,9.7515,0.5769,208
49b97a35-ebc4-46ea-8c91-183b1fab7edf,Burning Sacred Pages,Sterling Zen,Empty,2024-02-09,Pop,186099,57,0.7366,0.6193,8,-9.36,1,0.0195,132.12,850354,ES,False,Prism Audio,2024,2,Friday,3.1,High,Moderate,G#,Major,False,Q1,False,13.6534,0.6454,2268
a02d4d6f-ed99-4bdd-b27e-2415e55d13b6,The Dreams,Knot Hart,The Twisted Records,2021-12-07,R&B,190638,11,0.5408,0.4465,7,-5.65,1,0.0158,77.86,1760,JP,False,Midnight Records,2021,12,Tuesday,3.18,Low,Loud,G,Major,False,Q4,False,7.4736,0.4204,12111
8cf67586-92bb-40eb-8e61-1ce613fcbfde,Broken Love,Sterling Zen,The Bitter Chronicles,2025-03-24,Folk,194513,29,0.2995,0.3262,9,-10.11,0,0.135,83.91,46869,US,False,Sony Music Entertainment,2025,3,Monday,3.24,Medium,Moderate,A,Minor,False,Q1,False,10.7551,0.2844,2268
08551683-a514-4dbf-ad37-547459b01bd0,Islands,Knot Hart,Mirrors,2020-02-12,R&B,230626,35,0.7113,0.6328,3,-8.04,1,0.0024,111.53,10191,IN,False,RCA Records,2020,2,Wednesday,3.84,Medium,Moderate,D#,Major,False,Q1,False,9.2294,0.6113,12111
a927a6e4-65d4-4f8a-9924-d293b1bc21ea,Sacred Demons,Knot Hart,Letters,2021-06-27,R&B,299020,18,0.8785,0.3823,4,-12.82,1,0.0101,87.81,13041,IT,True,Neon Label,2021,6,Sunday,4.98,Low,Quiet,E,Major,True,Q2,True,9.4759,0.544,12111
f1075237-cf43-42b5-9778-ca587b598bff,Dark Electric Circles,SethStone,The Shattered Revolutions,2024-12-05,Hip-Hop,206048,15,0.7755,0.7145,4,-8.37,1,0.0496,103.02,7589,MX,False,RCA Records,2024,12,Thursday,3.43,Low,Moderate,E,Major,False,Q4,False,8.9346,0.6575,1486
8e0f3183-135b-4a43-a81e-69146d5838e9,Quiet Twisted Nights,Sterling Zen,Volume,2024-11-12,Folk,243265,50,0.4624,0.4637,5,-7.08,1,0.0109,114.86,92391,ES,False,Epic Records,2024,11,Tuesday,4.05,High,Moderate,F,Major,False,Q4,False,11.4338,0.4488,2268
6b8b61bd-81cb-4b80-8306-708efa38c0f2,Tears,Echo Protocol,Nights,2022-05-13,Hip-Hop,177407,19,0.8194,0.7859,4,-10.34,1,0.0017,150.98,3648,GB,False,Cipher Music,2022,5,Friday,2.96,Low,Moderate,E,Major,False,Q2,False,8.2022,0.7721,40
39e6310a-f06a-499b-8a8c-1ad72ec488c4,Gardens,Ethereal,Wild III,2020-05-18,Pop,167920,17,0.5613,0.7072,5,-6.35,0,0.0072,103.64,6498,JP,False,Independent,2020,5,Monday,2.8,Low,Moderate,F,Minor,False,Q2,False,8.7794,0.5697,3232
4e2b0c6e-047d-426e-9e75-f119e3782cf2,Scars,The Dawns,The Velvet Tapes,2025-03-27,Pop,192526,6,0.6745,0.6528,8,-9.14,1,0.0052,116.17,2036,US,False,Stardust Label,2025,3,Thursday,3.21,Low,Moderate,G#,Major,False,Q1,False,7.6192,0.6112,750
f2fe1068-9b84-4fe6-ba9e-58e1d34d1fd8,Demons,Phoenix Cloud,Gentle V,2023-10-15,Trap,92031,22,0.7471,0.5713,7,-5.49,0,0.0547,123.77,16403,BR,False,Drift Music,2023,10,Sunday,1.53,Low,Loud,G,Minor,False,Q4,True,9.7053,0.6185,471
baa3015b-9ca7-413b-81bc-19d9df11d87d,Urban Pages,Knot Hart,Deep Oceans,2025-09-28,R&B,185646,56,0.7992,0.6224,2,-4.28,0,0.0389,128.43,715215,PL,False,Neon Label,2025,9,Sunday,3.09,High,Loud,D,Minor,False,Q3,True,13.4803,0.6664,12111
c38c9cb3-9db8-4b81-a0bf-4aeb5caf14fe,Endless Soul,RiverFlame,Files,2020-08-08,Latin,243138,16,1.0,0.7961,1,-5.48,1,0.0017,106.75,6160,CL,False,Stardust Label,2020,8,Saturday,4.05,Low,Loud,C#,Major,False,Q3,True,8.726,0.7852,422
a6e57ea5-5376-4682-aff7-e094d4bba15b,The Dreams,Knot Hart,The Distant Sessions,2022-01-26,R&B,203756,1,0.7198,0.4904,3,-5.49,0,0.0248,106.41,1043,DE,False,Neon Label,2022,1,Wednesday,3.4,Low,Loud,D#,Minor,False,Q1,False,6.9508,0.5504,12111
fb56598a-60cf-4e7c-bdc8-4f2c8e2e2246,Jagged Neon Mirrors,The Cores,Jagged Stars,2024-06-02,Classical,222517,37,0.2278,0.4503,11,-7.52,1,0.6788,140.33,36063,IN,False,Indie Collective,2024,6,Sunday,3.71,Medium,Moderate,B,Major,False,Q2,True,10.4931,0.386,12
6e01999a-d526-4f8c-a92f-8a2785948884,Rising Rivers,Knot Hart,Gentle,2023-09-01,R&B,262097,37,0.7443,0.8017,4,-8.41,0,0.0324,113.06,16257,AR,False,Independent,2023,9,Friday,4.37,Medium,Moderate,E,Minor,False,Q3,False,9.6963,0.6942,12111
beba9569-082e-41ae-bede-23f4404ea459,Sacred Rain,Sterling Zen,Invisible Waves,2021-12-30,Folk,288776,17,0.7265,0.0897,3,-12.88,1,0.0722,80.76,4213,BR,False,Catalyst Records,2021,12,Thursday,4.81,Low,Quiet,D#,Major,False,Q4,False,8.3462,0.3561,2268
ea3ee111-f0f7-473b-bd02-f48f01044d20,Distant,Knot Hart,Empty Winds,2022-01-06,R&B,202171,14,0.7739,0.557,6,-9.87,1,0.004,132.36,7841,BR,False,Wavelength Records,2022,1,Thursday,3.37,Low,Moderate,F#,Major,False,Q1,False,8.9672,0.6357,12111
659b9116-d0a2-4dec-947c-33ab8b363dd5,The Night,Dean West,The Urban Journeys,2020-12-04,R&B,116718,39,0.5668,0.4413,5,-10.76,0,0.0387,115.08,30757,US,False,Midnight Records,2020,12,Friday,1.95,Medium,Moderate,F,Minor,False,Q4,False,10.3339,0.4819,7
52081046-5276-4dd9-8437-0c916523f77a,Invisible Paradise,SethStone,Echoes,2025-02-05,Metal,155144,35,0.3385,0.9558,0,-3.43,1,0.074,185.07,22216,TH,False,Catalyst Records,2025,2,Wednesday,2.59,Medium,Loud,C,Major,False,Q1,False,10.0086,0.6964,1486
eaf248b8-bc99-4711-a98d-aec883541716,Invisible Voices,Clay Black,Frequencies,2025-01-18,Pop,318309,28,0.6663,0.8464,8,-7.62,1,0.0766,157.38,15624,IN,False,Apex Records,2025,1,Saturday,5.31,Medium,Moderate,G#,Major,False,Q1,True,9.6566,0.7442,693
e956b31f-c100-476a-97bb-83beb021a8d6,Heart,Knot Hart,The Electric Sessions,2020-01-29,R&B,210587,29,0.5998,0.6468,5,-6.71,0,0.0299,126.62,10849,IT,False,Cipher Music,2020,1,Wednesday,3.51,Medium,Moderate,F,Minor,False,Q1,False,9.2919,0.5938,12111
40e70fb3-6033-4ea6-ba8f-a15ff752a17e,Distant Chains,Jasper Jade,Blinding Memories,2020-07-24,R&B,190828,26,0.4303,0.662,9,-8.59,0,0.0034,109.9,18213,GB,False,Prism Audio,2020,7,Friday,3.18,Medium,Moderate,A,Minor,False,Q3,False,9.8099,0.5082,181
303570f9-e2b8-4281-a5e9-6912b6b2dbf3,Neon Stars,Knot Hart,Paper,2021-04-02,R&B,212182,32,0.8077,0.5298,5,-6.83,0,0.0028,88.17,29470,CA,False,Columbia Records,2021,4,Friday,3.54,Medium,Moderate,F,Minor,False,Q2,False,10.2912,0.5752,12111
fff089dc-ba97-4cfc-becf-c1e717b1b6ea,Eternal Rain,Tundra,Hidden Floors,2023-01-30,Disco,196925,12,0.7751,0.8133,5,-8.45,0,0.0052,117.31,3365,ES,True,Cipher Music,2023,1,Monday,3.28,Low,Moderate,F,Minor,True,Q1,False,8.1215,0.7172,25
e62ec70e-a41f-4fdf-acdc-5c207a19edd5,Quiet,Knot Hart,Glass,2025-09-30,Pop,250431,11,0.8395,0.8292,11,-8.22,1,0.0316,99.47,1594,ZA,False,Midnight Records,2025,9,Tuesday,4.17,Low,Moderate,B,Major,False,Q3,False,7.3746,0.7239,12111
2048c3b3-6764-4322-8b86-19f7aee2a9c1,Fading Ghosts,Knot Hart,Wings,2024-11-10,Metal,113836,19,0.4386,0.904,1,-3.87,0,0.1081,152.67,12396,AU,False,Def Jam Recordings,2024,11,Sunday,1.9,Low,Loud,C#,Minor,False,Q4,True,9.4252,0.6694,12111
cfa80f45-4c4a-4904-812c-66c4e818cb2f,Gentle Love,Knot Hart,Voices,2024-11-24,R&B,153311,57,0.7353,0.4311,4,-9.12,0,0.0099,132.56,275290,CL,False,Prism Audio,2024,11,Sunday,2.56,High,Moderate,E,Minor,False,Q4,True,12.5256,0.5702,12111
42209f04-e7e0-44cc-8271-41823ae299be,Breathing Echoes,Rocco Ore,Glass Whispers,2022-04-28,R&B,202004,8,0.7312,0.4654,0,-12.78,0,0.1038,105.3,5654,KR,False,Capitol Records,2022,4,Thursday,3.37,Low,Quiet,C,Minor,False,Q2,False,8.6403,0.5434,1709
2bb8d8ca-ed14-4b52-ae24-3c5e85d24d2e,Golden,Frost Nova,The Blinding Records,2023-03-24,Latin,185192,25,0.6816,0.4782,11,-8.8,0,0.0253,110.49,12706,ID,False,Nova Records,2023,3,Friday,3.09,Medium,Moderate,B,Minor,False,Q1,False,9.4499,0.536,862
1ef8a0fa-d961-48f5-a7a7-749953b03eaa,Dancing Floors,Knot Hart,The Distant Volume,2025-08-05,Pop,198626,10,0.7179,0.5537,3,-9.04,1,0.0149,112.06,1502,US,False,Catalyst Records,2025,8,Tuesday,3.31,Low,Moderate,D#,Major,False,Q3,False,7.3152,0.583,12111
3f619971-60f8-499a-8772-dcb0e210a618,Leaving Bones,Silk Wells,Fading,2025-12-09,Indie,243915,22,0.6995,0.5238,5,-8.66,1,0.018,104.81,5628,CO,False,Stardust Label,2025,12,Tuesday,4.07,Low,Moderate,F,Major,False,Q4,False,8.6357,0.5533,155
e5e4c401-3034-4600-ae8d-d8adad038d5d,Velvet,Sterling Zen,Hollow Thunder,2023-03-08,Pop,145491,7,0.8683,0.8678,8,-5.02,0,0.0372,143.14,3677,NZ,False,Apex Records,2023,3,Wednesday,2.42,Low,Loud,G#,Minor,False,Q1,False,8.2101,0.8132,2268
a32f36f4-ac0b-4ea1-b3ca-9feb04020723,Pages,ElaraRain,Wicked Demons,2022-01-01,EDM,231513,34,0.5744,0.8553,2,-7.52,0,0.0739,138.95,29244,NZ,False,Pulse Records,2022,1,Saturday,3.86,Medium,Moderate,D,Minor,False,Q1,True,10.2835,0.6847,1111
d19c9463-96de-4702-9a4c-e9c5196021ce,Glowing Voices,Sterling Zen,Storm,2024-01-27,Folk,269984,60,0.2273,0.5356,10,-8.01,1,0.1292,115.04,153371,PL,False,Catalyst Records,2024,1,Saturday,4.5,High,Moderate,A#,Major,False,Q1,True,11.9406,0.3838,2268
af1328ec-70d3-42d7-b9f1-619af898b194,Dreams,Ethereal,Harbors,2025-03-15,R&B,204276,32,0.572,0.4602,4,-12.33,0,0.0101,107.91,38829,IN,False,Columbia Records,2025,3,Saturday,3.4,Medium,Quiet,E,Minor,False,Q1,True,10.5669,0.4813,3232
1e08cc0a-7c58-4591-ac1a-5b87a922d064,Crystal Stars,ValeGlass,Crystal,2021-12-06,Pop,164422,30,0.5654,0.558,10,-12.26,0,0.015,114.49,5113,MX,False,Midnight Records,2021,12,Monday,2.74,Medium,Quiet,A#,Minor,False,Q4,False,8.5397,0.5272,981
b6275e9b-9e76-4868-96be-675aaf0c587f,Eternal Golden Nights,Knot Hart,Raw,2024-08-01,Latin,246228,37,0.7069,0.7667,0,-8.96,1,0.028,101.5,29753,GB,False,Bedroom Records,2024,8,Thursday,4.1,Medium,Moderate,C,Major,False,Q3,False,10.3007,0.6487,12111
4a0fac24-9857-4180-a50b-ece91486d91f,Sacred Blinding Stars,Knot Hart,Golden Thunder,2025-09-25,R&B,244896,5,0.9284,0.5959,3,-8.31,0,0.0093,93.6,1374,US,False,Drift Music,2025,9,Thursday,4.08,Low,Moderate,D#,Minor,False,Q3,False,7.2262,0.6577,12111
7a02896b-6a3c-4b69-abeb-b7e77ff98d21,Wicked Oceans,Edge Brooks,Letters,2025-02-23,Hip-Hop,263008,16,0.7323,0.4775,3,-8.63,0,0.0049,124.8,2978,IN,True,Pulse Records,2025,2,Sunday,4.38,Low,Moderate,D#,Minor,True,Q1,True,7.9993,0.5765,65
107e146b-77a5-4a65-9986-4887091403d9,Heavy Paradise,Clay Flint,Horizons,2020-10-13,Rock,153344,26,0.6028,0.8968,0,-6.05,0,0.147,109.38,13733,ES,False,RCA Records,2020,10,Tuesday,2.56,Medium,Moderate,C,Minor,False,Q4,False,9.5276,0.6704,15
23c3aae4-7b60-41fa-bbae-27f93db3f702,Electric Eternal Scars,Ethereal,Velvet,2025-12-27,Pop,227120,17,0.7354,0.5915,11,-10.44,1,0.0536,123.93,627,IN,False,Atlantic Records,2025,12,Saturday,3.79,Low,Moderate,B,Major,False,Q4,True,6.4425,0.6221,3232
53706f1b-cb3b-414c-bac7-fc0feb6e9628,The Pages,IsleEyre,Letters,2024-12-07,Pop,198949,42,0.607,0.5846,6,-8.57,0,0.0138,119.35,52409,US,False,Catalyst Records,2024,12,Saturday,3.32,Medium,Moderate,F#,Minor,False,Q4,True,10.8669,0.5614,5271
30f264b0-d58f-4d7e-b257-29d1a64b0ad1,Keys,Hawk Theory,Glass Rivers,2023-10-23,Pop,192605,39,0.5822,0.3758,2,-7.79,0,0.0012,121.55,71168,SE,True,Republic Records,2023,10,Monday,3.21,Medium,Moderate,D,Minor,True,Q4,False,11.1728,0.4711,492
a7058e8e-f11d-4316-b7d0-6dfdb9b4005d,Lost Eyes,Ethereal,Heart,2022-11-30,Pop,294007,10,0.7829,0.449,5,-7.16,1,0.0139,121.85,4990,IN,False,Horizon Records,2022,11,Wednesday,4.9,Low,Moderate,F,Major,False,Q4,False,8.5154,0.5811,3232
f3d95f0c-0cc5-47b2-ba5a-4b0517f8e053,Storm,Knot Hart,Memories,2024-02-28,R&B,171287,6,0.6243,0.7716,9,-6.98,1,0.0256,139.42,2876,BR,False,Pulse Records,2024,2,Wednesday,2.85,Low,Moderate,A,Major,False,Q1,False,7.9645,0.6718,12111
b2a1c2ea-e22e-45c2-ac5b-83057dbb5d4e,Hollow Circles,Knot Hart,The Vivid Chronicles,2021-06-10,R&B,263663,32,0.6948,0.6167,2,-7.91,1,0.0058,100.67,11900,PH,False,RCA Records,2021,6,Thursday,4.39,Medium,Moderate,D,Major,False,Q2,False,9.3844,0.5827,12111
5e7a8391-d4f8-4bc8-a266-39bcc9241168,Glowing Whispers,Indie Lake,Pages,2025-09-14,Hip-Hop,288430,23,0.6288,0.7918,11,-5.68,0,0.0011,106.27,42375,FR,False,Pulse Records,2025,9,Sunday,4.81,Low,Loud,B,Minor,False,Q3,True,10.6543,0.6343,247
9355307b-afee-49e9-93e3-8638ea9b8b7d,Endless Demons,BlazeCore,Empty,2021-11-23,R&B,128750,16,0.9151,0.6451,8,-10.42,1,0.0019,123.96,3923,IN,False,Indie Collective,2021,11,Tuesday,2.15,Low,Moderate,G#,Major,False,Q4,False,8.2749,0.7155,460
0cfefc8f-9671-4e3a-800a-32cd09ed3447,The Winds,Knot Hart,Stories,2022-03-17,R&B,225443,36,0.6742,0.6881,5,-11.64,1,0.0253,107.77,37763,CA,False,Universal Music Group,2022,3,Thursday,3.76,Medium,Moderate,F,Major,False,Q1,False,10.5391,0.6132,12111
0b93b28c-f49c-43c3-aced-a6a6a7e757d2,The Voices,Knot Hart,Chapters,2020-05-14,R&B,229185,21,0.4992,0.8722,6,-4.87,1,0.0072,129.47,3617,TH,False,Def Jam Recordings,2020,5,Thursday,3.82,Low,Loud,F#,Major,False,Q2,False,8.1937,0.6478,12111
112e6b43-6c50-4440-ba55-a698ec2430c0,Velvet Crystal Keys,Knot Hart,Bones,2025-11-11,R&B,179062,47,0.7181,0.4885,3,-7.74,1,0.032,87.13,52019,SE,True,Apex Records,2025,11,Tuesday,2.98,Medium,Moderate,D#,Major,True,Q4,False,10.8594,0.5214,12111
e0c8ec03-df87-4ab3-b209-515ec9a91236,Lost Winds,Horizon,The Hollow Archives,2022-12-24,Jazz,189244,38,0.5164,0.5013,8,-10.79,1,0.4869,101.51,70128,CO,False,Apex Records,2022,12,Saturday,3.15,Medium,Moderate,G#,Major,False,Q4,True,11.1581,0.4664,385
675fe0ed-eab2-47db-b5aa-e14f5de6287d,Burning Skies,Knot Hart,Broken Skies,2025-05-08,R&B,191595,54,0.6867,0.4646,7,-5.7,1,0.0419,119.47,350168,PL,True,Midnight Records,2025,5,Thursday,3.19,High,Loud,G,Major,True,Q2,False,12.7662,0.5455,12111
bdc67727-2170-4e90-8d0a-095b1138c3a4,The Soul,Knot Hart,Paper,2022-05-30,R&B,220496,18,0.6902,0.6256,9,-10.12,1,0.0159,122.11,7249,CA,False,Island Records,2022,5,Monday,3.67,Low,Moderate,A,Major,False,Q2,False,8.8888,0.615,12111
2b2edc0f-ba9f-4481-a823-b6232b65aaba,Moving Memories,Sable Ash,Shattered Flames,2025-02-11,K-Pop,179947,19,0.7221,0.8225,0,-8.02,1,0.0419,120.5,11072,DE,False,Pulse Records,2025,2,Tuesday,3.0,Low,Moderate,C,Major,False,Q1,False,9.3123,0.7043,92
5a008283-b14c-43e2-aa78-ca3a3e771f74,Flames,Knot Hart,The Dark Letters,2025-08-22,R&B,326072,26,0.6963,0.5726,4,-7.92,1,0.0398,119.89,3954,US,False,Pulse Records,2025,8,Friday,5.43,Medium,Moderate,E,Major,False,Q3,False,8.2827,0.5931,12111
6a522cb1-9760-430a-a2a8-07828c9f74e7,Crystal Thunder,BlazeCore,The Ancient Notes,2024-11-04,Country,191067,21,0.6775,0.89,10,-5.42,1,0.0748,124.3,18353,ZA,False,Apex Records,2024,11,Monday,3.18,Low,Loud,A#,Major,False,Q4,False,9.8176,0.7189,460
a7cc77fd-e6b7-4ca4-9f1c-ebb32b15c5cd,The Night,Knot Hart,Reflections,2025-04-16,R&B,193457,22,0.6034,0.6085,1,-8.22,0,0.0924,115.85,15239,ZA,True,Neon Label,2025,4,Wednesday,3.22,Low,Moderate,C#,Minor,True,Q2,False,9.6317,0.5645,12111
ea4b4545-1e4b-46ba-834b-10a19d3f88f5,Memories,Knot Hart,The Ancient Notes,2023-08-26,R&B,178703,16,0.6482,0.4073,8,-5.7,0,0.0419,115.67,57742,KR,False,Republic Records,2023,8,Saturday,2.98,Low,Loud,G#,Minor,False,Q3,True,10.9638,0.5017,12111
16f07922-e849-42b4-9e09-ab62b84c17cf,Gardens,IsleEyre,Portraits,2023-07-15,Pop,174471,8,0.7282,0.573,7,-9.98,1,0.0209,95.41,4244,CA,False,Independent,2023,7,Saturday,2.91,Low,Moderate,G,Major,False,Q3,True,8.3535,0.5711,5271
6719c661-7788-4de8-9743-4c4393f458df,Whispers,Isle Jay,The Fleeting Notes,2020-03-20,Latin,176444,60,0.7069,0.7612,11,-1.86,1,0.2012,111.33,292143,ES,False,Stardust Label,2020,3,Friday,2.94,High,Loud,B,Major,False,Q1,False,12.585,0.6606,241
362cd8d6-88aa-4228-8eba-9f6b1ff557d1,Blinding Mountains,Lyra Snow,The Hidden Revolutions,2022-03-27,R&B,157795,47,0.8682,0.7081,3,-6.08,1,0.0237,129.59,444970,IN,False,Warner Music Group,2022,3,Sunday,2.63,Medium,Moderate,D#,Major,False,Q1,True,13.0058,0.7299,55
5ddf0183-d49f-48c3-8eb3-5d3146ab20fb,Wicked Circles,Nina Knox,The Neon Chapters,2020-07-07,R&B,176808,39,0.6514,0.4396,10,-8.1,1,0.0214,128.7,36220,TH,False,RCA Records,2020,7,Tuesday,2.95,Medium,Moderate,A#,Major,False,Q3,False,10.4974,0.5345,80
6e4316f2-c810-44f7-b1a4-95013ee1bcc5,Endless,Ethereal,The Kind Verses,2023-02-04,Pop,189340,38,0.7397,0.5515,8,-8.2,1,0.0054,117.5,131350,ZA,True,Interscope Records,2023,2,Saturday,3.16,Medium,Moderate,G#,Major,True,Q1,True,11.7856,0.5986,3232
e35ba29d-4424-457b-a6d2-7e8eeac348f1,Opening Paradise,Horizon,Circles,2023-05-09,Reggaeton,174903,50,0.778,0.7055,9,-5.92,1,0.0017,101.05,271104,US,True,Echo Studios,2023,5,Tuesday,2.92,High,Loud,A,Major,True,Q2,False,12.5103,0.652,385
f056aa7b-7a17-44a2-8e4c-5f729367b5f4,Blinding Tears,Knot Hart,Eternal Oceans,2021-07-29,R&B,293935,12,0.785,0.8537,1,-3.59,0,0.0971,116.25,3095,IT,False,Spectrum Music,2021,7,Thursday,4.9,Low,Loud,C#,Minor,False,Q3,False,8.0379,0.7358,12111
2f4b4b3b-04e8-4898-9939-bf7e6b9d780c,Heart,IsleEyre,Chapters,2022-11-26,Pop,207815,9,0.6332,0.7586,4,-6.63,1,0.0499,125.38,2525,ZA,True,Midnight Records,2022,11,Saturday,3.46,Low,Moderate,E,Major,True,Q4,True,7.8344,0.6501,5271
954ff7bf-ae34-4efd-a591-d74e67b2928d,Moving Lights,Pearl Collective,Distant,2020-03-07,EDM,194272,19,0.7125,0.6109,9,-8.66,1,0.176,144.92,23764,US,False,Nova Records,2020,3,Saturday,3.24,Low,Moderate,A,Major,False,Q1,True,10.076,0.6507,31
0f5a94cd-5dfe-4f6e-9578-8dd7948363a2,Storm,Knot Hart,Mirrors,2021-04-05,R&B,124693,39,0.6118,0.7701,8,-6.47,1,0.0149,118.18,108541,FR,False,Echo Studios,2021,4,Monday,2.08,Medium,Moderate,G#,Major,False,Q2,False,11.5949,0.6359,12111
53d869fe-685c-4847-aa79-82ae269b8c5d,Burning Wild Gardens,Knot Hart,Lost,2024-10-31,R&B,256253,38,0.6446,0.5365,4,-6.54,1,0.0091,113.73,53112,PL,False,Interscope Records,2024,10,Thursday,4.27,Medium,Moderate,E,Major,False,Q4,False,10.8802,0.5492,12111
9afbee77-ae28-47c7-a43b-78599c551255,Eyes,Knot Hart,Crystal Circles,2024-11-06,R&B,257552,10,0.6192,0.5286,0,-5.37,1,0.0076,144.42,1993,BR,False,Catalyst Records,2024,11,Wednesday,4.29,Low,Loud,C,Major,False,Q4,False,7.5979,0.5797,12111
ef8bc8a2-f0d9-4300-a8f8-94a3a736f850,Kind Eyes,Knot Hart,Wild Shadows,2023-08-30,R&B,284416,19,0.7593,0.7792,8,-8.95,1,0.0441,70.81,10500,ES,False,Island Records,2023,8,Wednesday,4.74,Low,Moderate,G#,Major,False,Q3,False,9.2592,0.6308,12111
f137cbcc-33ee-4e05-89ec-4397323ba4cd,Voices,Knot Hart,Ancient Night,2020-06-10,R&B,254721,33,0.6164,0.367,2,-7.72,1,0.1489,124.86,30964,TH,False,Epic Records,2020,6,Wednesday,4.25,Medium,Moderate,D,Major,False,Q2,False,10.3406,0.486,12111
2e9fc4fc-7e8b-4e63-bbf5-32104f0c6c56,Shadows,The Dawns,Fleeting Fire,2023-01-15,Pop,194861,66,0.8517,0.7009,3,-5.84,0,0.0005,116.76,1020223,GB,False,Warner Music Group,2023,1,Sunday,3.25,High,Loud,D#,Minor,False,Q1,True,13.8355,0.7021,750
07a0b31f-e235-4569-825e-c5dde6eaaa6e,Wild Streets,Sterling Zen,Hidden V,2022-05-04,Folk,162991,29,0.2611,0.4456,6,-8.96,1,0.1958,100.87,61716,DE,True,Capitol Records,2022,5,Wednesday,2.72,Medium,Moderate,F#,Major,True,Q2,False,11.0303,0.3411,2268
c2274b3f-643b-4475-b321-ed0ef2440d62,Thunder,JadePeak,Quiet III,2022-05-08,R&B,203583,34,0.624,0.5521,1,-4.84,0,0.0065,112.41,37654,CO,False,Epic Records,2022,5,Sunday,3.39,Medium,Loud,C#,Minor,False,Q2,True,10.5362,0.5453,33
671b4f45-7c34-4ddb-b75a-8f84cdc8f464,Shadows,Rhys Knight,The Ancient Volume,2025-09-14,Pop,201525,48,0.7765,0.7046,1,-6.51,0,0.0024,114.91,131987,US,False,Self-Released,2025,9,Sunday,3.36,Medium,Moderate,C#,Minor,False,Q3,True,11.7905,0.6709,100
e16605ab-fa35-4f33-9cb2-6cce8a5e4c75,Electric,IsleEyre,Silver III,2023-05-16,Pop,229081,35,0.4088,0.5245,3,-6.37,0,0.0299,118.67,19564,US,False,Independent,2023,5,Tuesday,3.82,Medium,Moderate,D#,Minor,False,Q2,False,9.8815,0.4571,5271
48ec1ff4-0d82-41eb-a10d-66333056d414,Rain,IsleEyre,Hollow Nights,2022-10-16,Pop,136846,52,0.4965,0.6611,2,-5.08,1,0.0327,130.48,238305,US,True,Nova Records,2022,10,Sunday,2.28,High,Loud,D,Major,True,Q4,True,12.3813,0.5637,5271
963afa99-2a6a-4de9-8389-1cf63cb84087,The Love,Ethereal,The Silent Letters,2024-03-02,Pop,109350,21,0.5473,0.4435,9,-10.81,1,0.0009,122.26,5519,US,True,Cipher Music,2024,3,Saturday,1.82,Low,Moderate,A,Major,True,Q1,True,8.6161,0.4853,3232
296fc9aa-49a4-400e-bdf3-5ab9a85f66f7,Skies,The Dawns,Endless Chains,2022-04-15,Pop,272182,17,0.6268,0.9059,4,-3.28,1,0.095,107.31,4907,MX,False,Universal Music Group,2022,4,Friday,4.54,Low,Loud,E,Major,False,Q2,False,8.4986,0.6807,750
9a7b4e0d-ffdf-478e-a078-f788559d1abd,Crystal,IsleEyre,Mystic IV,2024-03-24,Pop,246344,15,0.7186,0.6862,9,-8.87,0,0.0919,117.52,5170,US,True,Spectrum Music,2024,3,Sunday,4.11,Low,Moderate,A,Minor,True,Q1,True,8.5508,0.6441,5271
1405eb56-719b-4f8f-958f-7ce36745769f,Crimson,Luna Ink,The Shattered Records,2021-07-04,EDM,175471,31,0.7549,0.8421,9,-9.41,0,0.1727,142.71,62375,US,False,Cipher Music,2021,7,Sunday,2.92,Medium,Moderate,A,Minor,False,Q3,True,11.0409,0.757,577
d04d6ab6-da81-452a-b203-0cbe593373ef,Lost Eyes,Ethereal,Broken Nights,2021-01-29,K-Pop,219149,37,0.6922,0.8569,7,-4.49,1,0.0274,120.33,84465,ID,False,Interscope Records,2021,1,Friday,3.65,Medium,Loud,G,Major,False,Q1,False,11.3441,0.7058,3232
f1e92acb-8d9c-4684-bd3b-e585e5b180b9,Tears,ValeGlass,Crimson,2024-07-12,Pop,241755,29,0.7807,0.8983,4,-6.09,0,0.0019,124.7,65349,US,True,Pulse Records,2024,7,Friday,4.03,Medium,Moderate,E,Minor,True,Q3,False,11.0875,0.764,981
147266c0-f82c-4b64-bcad-262977c4e485,Heart,Sterling Zen,Letters,2022-12-28,Folk,169226,29,0.4319,0.2425,2,-6.03,1,0.0036,105.08,10493,MX,True,Island Records,2022,12,Wednesday,2.82,Medium,Moderate,D,Major,True,Q4,False,9.2586,0.3342,2268
daf4ad5e-63f0-42be-b303-7b0bdfd8c76d,Ghosts,IsleEyre,The Hollow Portraits,2020-05-19,Pop,270160,10,0.789,0.6826,3,-7.45,1,0.0201,122.63,905,BR,False,Wavelength Records,2020,5,Tuesday,4.5,Low,Moderate,D#,Major,False,Q2,False,6.809,0.6781,5271
32229ecd-689e-4ffb-b243-217562b6c77a,Cosmic Rivers,The Skys,Portraits,2024-12-06,Trap,219342,30,0.6839,0.818,1,-7.19,0,0.0006,160.09,26182,KR,False,Columbia Records,2024,12,Friday,3.66,Medium,Moderate,C#,Minor,False,Q4,False,10.1729,0.7437,10
0115f4c1-ce3f-464b-96ba-20bc376ef1d2,Crimson,Blake Crow,Mystic Roses,2023-11-03,R&B,209022,46,0.7935,0.2801,8,-10.44,1,0.0654,89.61,53955,SE,False,Universal Music Group,2023,11,Friday,3.48,Medium,Moderate,G#,Major,False,Q4,False,10.8959,0.4717,179
8ab3458f-b94b-42c8-ab0b-3cc24568c7aa,The Streets,Knot Hart,Empty Echoes,2023-04-26,R&B,265558,10,0.6812,0.5095,2,-10.4,0,0.0035,122.75,3633,BR,False,Indie Collective,2023,4,Wednesday,4.43,Low,Moderate,D,Minor,False,Q2,False,8.1981,0.5659,12111
c396df55-a966-4cf9-95de-01e4fcb5058a,Demons,CelesteStone,Shattered Ghosts,2022-03-24,Hip-Hop,243736,35,0.6909,0.5941,11,-8.38,0,0.014,150.97,50392,FR,False,Echo Studios,2022,3,Thursday,4.06,Medium,Moderate,B,Minor,False,Q1,False,10.8276,0.644,46
3c99b4e6-9c0a-47ab-b034-af3ccaa04fb6,Storm,Rocco Ore,The Sacred Tapes,2025-12-14,R&B,171815,7,0.7892,0.574,2,-6.99,1,0.0787,82.41,12856,US,True,Drift Music,2025,12,Sunday,2.86,Low,Moderate,D,Major,True,Q4,True,9.4616,0.5773,1709
e331f136-8611-4ae5-aef1-465ca0034d97,Stars,WaveArc,Doors,2024-06-29,R&B,124868,32,0.6757,0.4514,4,-4.93,1,0.0082,79.15,27420,FR,False,Bedroom Records,2024,6,Saturday,2.08,Medium,Loud,E,Major,False,Q2,True,10.2191,0.4782,41
4fabdb18-26c6-41ec-b784-686a5f83ccb0,Open Night,Sable Ash,Archives,2022-10-26,K-Pop,174182,15,0.6838,0.8073,11,-7.56,1,0.0046,112.99,8864,BR,False,Universal Music Group,2022,10,Wednesday,2.9,Low,Moderate,B,Major,False,Q4,False,9.0899,0.6721,92
af7b401a-0321-4848-ae26-89b68344f2f8,Silver,Sterling Zen,Sessions,2021-10-15,Folk,203531,11,0.7261,0.4386,10,-9.71,1,0.0798,112.72,3649,AU,True,Spectrum Music,2021,10,Friday,3.39,Low,Moderate,A#,Major,True,Q4,False,8.2025,0.5412,2268
55dfea7b-d687-4c5d-aab2-a3684b45090b,Shadows,Knot Hart,Reflections,2021-09-13,R&B,178679,4,0.6864,0.4362,3,-7.59,1,0.0099,130.03,860,ES,False,Independent,2021,9,Monday,2.98,Low,Moderate,D#,Major,False,Q3,False,6.7581,0.5491,12111
52b6811c-3603-4c96-910b-d03b147b9775,The Mountains,IsleEyre,The Silver Chapters,2024-11-30,Pop,174221,22,0.7134,0.6963,4,-5.55,0,0.0037,120.56,9498,CA,False,Sony Music Entertainment,2024,11,Saturday,2.9,Low,Loud,E,Minor,False,Q4,True,9.1589,0.6504,5271
835daad0-2b93-43c7-b98e-670600c57333,Paper Jagged Angels,ElaraRain,Neon Waves,2022-11-12,Rock,225107,35,0.5114,0.6424,1,-5.23,1,0.0855,108.59,45330,DE,True,Nova Records,2022,11,Saturday,3.75,Medium,Loud,C#,Major,True,Q4,True,10.7217,0.5309,1111
334171d3-7ab1-461d-8124-3cc008e7f7f3,Kind Demons,Phoenix Cloud,Tapes,2024-01-25,Latin,190459,8,0.9586,0.4901,3,-4.04,0,0.0056,115.5,5337,ES,False,Midnight Records,2024,1,Thursday,3.17,Low,Loud,D#,Minor,False,Q1,False,8.5826,0.6588,471
c0484a92-1b10-4029-bc7d-5d289db97c73,Paper Flames,IsleEyre,Storm,2023-09-08,Latin,237504,34,0.8848,0.6068,6,-7.31,0,0.0277,79.58,74862,GB,False,Universal Music Group,2023,9,Friday,3.96,Medium,Moderate,F#,Minor,False,Q3,False,11.2234,0.6246,5271
1e24226f-8f13-4e11-9ea1-448609b1dda5,Jagged,Knot Hart,Neon Circles,2022-12-24,R&B,251205,4,0.7717,0.2311,1,-11.46,0,0.0289,123.56,2330,ID,False,Catalyst Records,2022,12,Saturday,4.19,Low,Moderate,C#,Minor,False,Q4,True,7.7541,0.4919,12111
a9753c84-2c54-4dda-923f-1496bd02ce4e,Wicked Heavy Scars,The Harts,Waves,2021-02-07,K-Pop,183085,46,0.9047,0.8429,9,-5.21,1,0.0071,105.21,114998,MY,True,Echo Studios,2021,2,Sunday,3.05,Medium,Loud,A,Major,True,Q1,True,11.6527,0.7636,70
26a0e9b9-c284-4856-b995-fa758c89a122,Wild Fire,The Flames,Harbors,2024-12-08,Jazz,226358,28,0.6529,0.3591,7,-8.88,1,0.1395,147.61,9927,FR,False,Epic Records,2024,12,Sunday,3.77,Medium,Moderate,G,Major,False,Q4,True,9.2031,0.53,8
ad04e09b-8d5e-448f-9592-411ffc981486,Liquid Heart,ElaraRain,The Fierce Dimensions,2024-08-15,Rock,213642,14,0.5794,0.7611,0,-4.89,0,0.1528,112.73,3021,PH,False,Columbia Records,2024,8,Thursday,3.56,Low,Loud,C,Minor,False,Q3,False,8.0137,0.6115,1111
931e30b3-b067-4ddb-ae11-20792aef2655,Paper Waves,Knot Hart,The Young Horizons,2021-10-19,R&B,209084,13,0.7525,0.1582,3,-14.8,1,0.0032,103.99,19440,TR,False,Columbia Records,2021,10,Tuesday,3.48,Low,Quiet,D#,Major,False,Q4,False,9.8751,0.4271,12111
82b74163-07b0-43b8-8304-6c2211d9a93f,Sinking Mirrors,IsleEyre,Glass Rivers,2022-07-21,Pop,202916,26,0.6733,0.6952,5,-1.99,0,0.1149,138.15,7514,US,False,Catalyst Records,2022,7,Thursday,3.38,Medium,Loud,F,Minor,False,Q3,False,8.9247,0.659,5271
c82001f9-c919-4216-b60e-9b75deb14317,Ancient Streets,Knot Hart,Cosmic,2024-11-28,R&B,141388,36,0.6658,0.5069,5,-11.0,0,0.0261,108.14,127114,TH,False,Republic Records,2024,11,Thursday,2.36,Medium,Moderate,F,Minor,False,Q4,False,11.7528,0.5379,12111
86dc78ff-8b36-49eb-82de-322aa35a087e,Opening Scars,Haze Gate,Diaries,2021-12-29,EDM,173635,46,0.7441,1.0,6,-2.85,1,0.7108,107.56,140330,US,True,Nova Records,2021,12,Wednesday,2.89,Medium,Loud,F#,Major,True,Q4,False,11.8518,0.7656,22
1591633e-d0f4-48c3-bf92-f698b1ea263f,Crystal Storm,Knot Hart,Archives,2025-12-22,R&B,316352,22,0.6652,0.5028,5,-10.83,1,0.0375,113.04,24874,ZA,True,Prism Audio,2025,12,Monday,5.27,Low,Moderate,F,Major,True,Q4,False,10.1216,0.543,12111
678cb972-f231-434a-a5b0-160d733d7390,Shadows,Frost Nova,Wings,2023-01-26,Latin,243971,41,0.7433,0.706,0,-7.28,1,0.0161,99.62,523397,ID,False,RCA Records,2023,1,Thursday,4.07,Medium,Moderate,C,Major,False,Q1,False,13.1681,0.6363,862
9147dce4-583d-4ca3-b7be-94e25aa4c889,Fleeting,IsleEyre,The Raw Revolutions,2023-04-30,Pop,155927,9,0.738,0.6752,3,-11.25,0,0.0132,117.26,3926,PH,False,Stardust Label,2023,4,Sunday,2.6,Low,Moderate,D#,Minor,False,Q2,True,8.2756,0.6471,5271
92b4a536-7b05-4571-a78d-dc3ef5078956,Open,ValeGlass,The Distant Volume,2024-05-04,Pop,233047,17,0.707,0.6267,11,-7.22,1,0.0007,112.55,7210,SE,False,Horizon Records,2024,5,Saturday,3.88,Low,Moderate,B,Major,False,Q2,True,8.8834,0.6086,981
7079a0d9-c8ce-4746-83ab-9eedd8dde94d,Shattered Blinding Shadows,BlazeCore,Reflections,2022-10-08,Pop,247518,78,0.6657,0.7283,8,-6.28,1,0.0077,107.15,4716791,US,False,Def Jam Recordings,2022,10,Saturday,4.13,Very High,Moderate,G#,Major,False,Q4,True,15.3666,0.625,460
9efc66a4-9d15-4e68-b4f4-75f0ae31b722,Bridges,Kai Cross,Portraits,2023-11-27,Pop,199546,38,0.7475,0.8198,11,-5.66,0,0.0051,121.61,515449,SG,False,RCA Records,2023,11,Monday,3.33,Medium,Loud,B,Minor,False,Q4,False,13.1528,0.7149,79
b8b3a888-c572-4b0b-b1d3-98253e021ffb,Gardens,Knot Hart,Distant Skies,2025-07-29,R&B,258727,34,0.7624,0.65,9,-6.15,1,0.0546,113.78,38602,TH,True,Pulse Records,2025,7,Tuesday,4.31,Medium,Moderate,A,Major,True,Q3,False,10.5611,0.6418,12111
9f0e3458-1416-4f3f-8246-d6acfa183d76,Pages,Knot Hart,Gentle II,2023-12-22,Pop,191591,29,0.7211,0.7926,1,-6.9,0,0.0569,119.15,2408,GB,False,Independent,2023,12,Friday,3.19,Medium,Moderate,C#,Minor,False,Q4,False,7.787,0.69,12111
de0748cb-d7db-47af-bda7-63499c1044a2,Rain,Knot Hart,Shattered Islands,2023-06-23,R&B,154616,54,0.4845,0.5516,8,-10.35,0,0.0044,115.04,150186,BR,True,Midnight Records,2023,6,Friday,2.58,High,Moderate,G#,Minor,True,Q2,False,11.9196,0.4931,12111
ad05881a-194a-465a-a8b6-14fe2c3e0c80,Night,Pandora,Rivers,2020-01-28,EDM,180984,3,0.6601,0.9384,9,-2.15,1,0.0682,132.98,2808,CO,False,Indie Collective,2020,1,Tuesday,3.02,Low,Loud,A,Major,False,Q1,False,7.9406,0.7437,24
1e2b5b27-c978-43a1-b07f-308eb3cfb37b,Gentle Bridges,The Gates,Vivid,2022-01-04,Jazz,222787,38,0.3778,0.4469,2,-9.03,1,0.1618,148.37,82739,ZA,False,Epic Records,2022,1,Tuesday,3.71,Medium,Moderate,D,Major,False,Q1,False,11.3235,0.4561,44
117e2d65-9085-4b82-a9db-289dea97fa0c,Crimson Paper Waves,Clay Black,Gentle Soul,2024-07-27,Pop,243917,30,0.6019,0.5208,6,-10.02,0,0.0142,94.87,32017,US,False,Bedroom Records,2024,7,Saturday,4.07,Medium,Moderate,F#,Minor,False,Q3,True,10.3741,0.4989,693
a53eface-1100-4d41-bc5d-eb290ac4577f,Night,Clay Black,Raw Dreams,2020-11-30,Pop,274082,12,0.7288,0.7444,5,-4.8,1,0.0968,140.45,2015,US,False,Self-Released,2020,11,Monday,4.57,Low,Loud,F,Major,False,Q4,False,7.6089,0.7042,693
2fbafdbd-f3aa-4d35-a270-b851af7b39e2,Wild Soul,RiverFlame,Hollow,2024-04-24,Latin,175918,59,0.8263,0.8283,4,-6.71,1,0.0123,109.53,408835,NG,False,Wavelength Records,2024,4,Wednesday,2.93,High,Moderate,E,Major,False,Q2,False,12.9211,0.7326,422
79ef0389-626e-4c81-9652-8b8b8e150b77,Drifting Lines,Knot Hart,Letters,2022-06-13,R&B,205045,57,0.6847,0.4239,5,-7.46,1,0.0075,95.44,86418,ES,True,Island Records,2022,6,Monday,3.42,High,Moderate,F,Major,True,Q2,False,11.367,0.4941,12111
90550c05-207a-4e4a-9a03-56f33e56106c,Empty Love,Echo Protocol,Oceans,2024-12-28,Hip-Hop,186036,21,0.8026,0.5045,0,-5.35,1,0.0492,86.36,35199,ZA,False,Interscope Records,2024,12,Saturday,3.1,Low,Loud,C,Major,False,Q4,True,10.4688,0.5605,40
e037bec1-e7d1-4cea-9161-d3e2345195da,The Storm,Sterling Zen,Deep V,2021-09-27,R&B,196531,49,0.5996,0.6187,9,-8.83,0,0.0811,104.12,238157,ZA,False,Pulse Records,2021,9,Monday,3.28,Medium,Moderate,A,Minor,False,Q3,False,12.3807,0.5503,2268
dbc97664-c983-4bfc-a086-70c88bada18d,Bones,Ethereal,Open Harbors,2022-10-05,Pop,174252,44,0.6517,0.6315,5,-7.71,1,0.0128,74.02,178198,MY,False,Midnight Records,2022,10,Wednesday,2.9,Medium,Moderate,F,Major,False,Q4,False,12.0907,0.5333,3232
f2299e16-8e92-4c05-a198-93735e7873ab,Burning Angels,SethStone,The Liquid Stories,2021-02-08,Metal,201804,20,0.3793,0.9421,8,-2.79,1,0.215,157.02,26681,KR,False,Apex Records,2021,2,Monday,3.36,Low,Loud,G#,Major,False,Q1,False,10.1917,0.6672,1486
180f0da5-e4d4-42f1-95c1-27685f018ac1,Skies,Knot Hart,Edges,2024-10-12,R&B,154537,35,0.7801,0.4959,6,-7.92,1,0.0069,136.03,31771,US,True,Republic Records,2024,10,Saturday,2.58,Medium,Moderate,F#,Major,True,Q4,True,10.3663,0.619,12111
b17d1f90-925d-409e-959f-518d1ee07a11,Urban Shattered Love,Knot Hart,Fierce,2023-03-22,R&B,154174,23,0.7078,0.5923,10,-9.88,0,0.0359,120.96,4842,FR,True,Interscope Records,2023,3,Wednesday,2.57,Low,Moderate,A#,Minor,True,Q1,False,8.4853,0.6071,12111
353f0ee2-e822-458d-97a6-36cc2031e56b,Empty Wings,The Peaks,Silver,2020-04-24,Hip-Hop,233014,37,0.8162,0.4751,0,-7.99,0,0.0094,151.22,91095,MX,False,Pulse Records,2020,4,Friday,3.88,Medium,Moderate,C,Minor,False,Q2,False,11.4197,0.6468,208
19f4a1f9-eb29-4bea-8216-ec65692b061f,Lines,Knot Hart,Hollow Bridges,2020-07-02,EDM,192406,32,0.6119,0.8345,3,-1.07,1,0.1773,130.27,28923,EG,False,Nova Records,2020,7,Thursday,3.21,Medium,Loud,D#,Major,False,Q3,False,10.2724,0.6789,12111
d486e45e-e85b-452c-9f4f-f17f1dab5554,Cosmic Wild Mirrors,Clay Black,Records,2020-03-04,Pop,201951,25,0.7496,0.3618,0,-6.64,0,0.0294,115.07,23289,GB,False,Universal Music Group,2020,3,Wednesday,3.37,Medium,Moderate,C,Minor,False,Q1,False,10.0558,0.5232,693
887ed273-1ef7-4e9f-8cf5-d2c7a70ff9d3,Bridges,IsleEyre,Open,2021-09-30,Rock,227567,37,0.7738,0.8524,2,-7.18,1,0.0385,140.58,32971,JP,False,Apex Records,2021,9,Thursday,3.79,Medium,Moderate,D,Major,False,Q3,False,10.4034,0.7656,5271
462d9460-8c47-426f-bea6-ed79ce64ac03,The Soul,Ethereal,Fragments,2023-01-21,Pop,220495,33,0.5536,0.6037,6,-8.65,0,0.0381,98.22,10206,DE,False,Def Jam Recordings,2023,1,Saturday,3.67,Medium,Moderate,F#,Minor,False,Q1,True,9.2308,0.5175,3232
499af892-e952-4793-9c3e-6682082d4a47,Silent Roses,IsleEyre,Paper Lights,2020-02-12,Pop,160228,7,0.7449,0.8805,10,-5.2,0,0.0368,147.54,2316,US,False,Neon Label,2020,2,Wednesday,2.67,Low,Loud,A#,Minor,False,Q1,False,7.748,0.7752,5271
c5d8f144-4920-4a68-b73c-ccdf3bd4221a,Urban Paradise,Ethereal,Silent Scars,2023-09-02,Pop,178782,5,0.7028,0.6624,2,-5.42,0,0.0072,123.05,4788,GB,False,Catalyst Records,2023,9,Saturday,2.98,Low,Loud,D,Minor,False,Q3,True,8.4741,0.6362,3232
0f120ac9-905e-413b-b408-aba3fa1ad191,Shadows,Faye Lane,Electric Mirrors,2020-12-20,Afrobeats,247090,31,0.5745,0.5582,8,-8.84,0,0.0028,110.66,56833,GB,False,Sony Music Entertainment,2020,12,Sunday,4.12,Medium,Moderate,G#,Minor,False,Q4,True,10.9479,0.5255,237
a2159b54-41b1-4038-ac3f-32498e321ea0,Running Harbors,IsleEyre,Kind II,2020-10-03,Pop,244199,31,0.5115,0.7062,3,-5.36,1,0.0276,143.09,17276,MX,False,Indie Collective,2020,10,Saturday,4.07,Medium,Loud,D#,Major,False,Q4,True,9.7571,0.6058,5271
24746d20-d0fe-4723-bf73-6f8b61dd926e,Cloudy Heart,Frost Nova,The Endless Files,2023-07-26,Latin,144038,1,0.8733,0.4806,0,-8.54,1,0.0092,125.52,565,EG,False,Horizon Records,2023,7,Wednesday,2.4,Low,Moderate,C,Major,False,Q3,False,6.3386,0.6352,862
c1352aec-66de-4c1b-865c-ed4880bb7e85,Raw Angels,Rocco Ore,Angels,2022-07-11,R&B,179291,17,0.6767,0.6607,2,-5.66,1,0.1061,88.43,22092,BR,False,Independent,2022,7,Monday,2.99,Low,Loud,D,Major,False,Q3,False,10.003,0.5756,1709
223cf5d4-14fb-49ae-8e63-68a4813a6129,Flying Mountains,RiverFlame,Eternal I,2023-07-24,Latin,254966,34,0.7899,0.692,0,-4.03,1,0.0242,165.54,26289,US,False,Universal Music Group,2023,7,Monday,4.25,Medium,Loud,C,Major,False,Q3,False,10.1769,0.7435,422
685280ae-145a-4ef7-ab28-6af72aef2230,Bitter Rain,Blake Silver,Eyes,2021-03-01,Jazz,171048,6,0.5478,0.4736,10,-8.99,1,0.3736,141.35,2063,MX,False,Catalyst Records,2021,3,Monday,2.85,Low,Moderate,A#,Major,False,Q1,False,7.6324,0.5248,21
d33edb7d-fd87-48c3-96a2-2af84c2df286,Open,LolaOre,Liquid,2025-05-05,Punk,165446,60,0.4257,0.9248,9,-2.24,1,0.0547,129.77,282569,BR,False,Indie Collective,2025,5,Monday,2.76,High,Loud,A,Major,False,Q2,False,12.5517,0.6399,199
201d20c8-a476-4829-a827-0c9d6bc5465d,Flying Mirrors,Knot Hart,Dark III,2025-02-06,R&B,192690,28,1.0,0.5026,7,-10.21,0,0.0089,125.81,12165,US,False,Spectrum Music,2025,2,Thursday,3.21,Medium,Moderate,G,Minor,False,Q1,False,9.4064,0.6951,12111
2664016a-f4cc-4937-a165-c07b61c9a93d,Bitter Bones,Knot Hart,Gentle Chains,2024-11-03,R&B,219875,13,0.8052,0.4132,4,-10.48,1,0.0186,102.17,5404,IN,False,Republic Records,2024,11,Sunday,3.66,Low,Moderate,E,Major,False,Q4,True,8.5951,0.5476,12111
b55b6db1-842e-4148-b082-a37104d442b6,Hollow Lines,IsleEyre,Sacred Mountains,2025-01-26,R&B,205888,23,0.8365,0.4797,7,-9.78,0,0.0399,126.61,13159,IN,False,Catalyst Records,2025,1,Sunday,3.43,Low,Moderate,G,Minor,False,Q1,True,9.4849,0.6216,5271
38b16b29-779e-4e50-a38a-f10d1417b4a0,Scars,Clay Black,Neon Voices,2024-01-28,Pop,168418,45,0.645,0.5847,7,-7.25,1,0.0003,108.89,111538,CL,False,Horizon Records,2024,1,Sunday,2.81,Medium,Moderate,G,Major,False,Q1,True,11.6221,0.5617,693
bd6f50c9-6718-423e-81e4-0665c1b6d700,Flying Storm,Knot Hart,Hollow Mirrors,2023-05-15,R&B,258685,13,0.9076,0.3761,9,-10.08,1,0.0906,131.07,4802,US,False,Pulse Records,2023,5,Monday,4.31,Low,Moderate,A,Major,False,Q2,False,8.477,0.615,12111
1584167a-017e-4043-ad22-e400a269003d,Heavy Whispers,SethStone,The Inner Diaries,2021-12-06,Metal,189185,17,0.4105,0.7146,4,-6.17,0,0.5132,122.7,4368,ES,False,Capitol Records,2021,12,Monday,3.15,Low,Moderate,E,Minor,False,Q4,False,8.3823,0.5396,1486
77596c0f-2524-40e7-acae-a4f82eb2493e,Bridges,Clay Black,Burning Waves,2025-06-16,Pop,179546,41,0.7026,0.6023,5,-10.03,1,0.0195,108.96,481863,CL,False,Horizon Records,2025,6,Monday,2.99,Medium,Moderate,F,Major,False,Q2,False,13.0854,0.5919,693
5f855b94-7aab-448b-82c9-1f375775a555,Hollow Ancient Lights,IsleEyre,The Blinding Revolutions,2020-08-04,Pop,165574,56,0.744,0.759,5,-4.08,0,0.0657,111.97,349510,BR,False,Atlantic Records,2020,8,Tuesday,2.76,High,Loud,F,Minor,False,Q3,False,12.7643,0.6754,5271
a11a8f2f-cbaa-452f-9910-804d4aa7b2b4,Young Chains,The Zens,Twisted Floors,2023-10-18,R&B,228258,25,0.9261,0.3855,11,-11.68,1,0.014,118.47,12530,BR,False,Pulse Records,2023,10,Wednesday,3.8,Medium,Moderate,B,Major,False,Q4,False,9.436,0.6082,137
dfdc02b5-f47e-45d6-aecd-f6bcf132e11f,Fleeting Skies,Knot Hart,The Dark Chronicles,2023-02-25,R&B,192535,6,0.798,0.5513,11,-10.81,0,0.0383,139.44,8097,GB,True,Neon Label,2023,2,Saturday,3.21,Low,Moderate,B,Minor,True,Q1,True,8.9994,0.6532,12111
2e7fbd4f-9744-401d-9be9-c0b854c8636d,Bones,Knot Hart,The Cosmic Volume,2024-01-24,R&B,159065,33,0.7457,0.495,7,-10.7,1,0.002,98.95,21575,US,False,Bedroom Records,2024,1,Wednesday,2.65,Medium,Moderate,G,Major,False,Q1,False,9.9793,0.5519,12111
7f1f659f-aa46-4497-8011-c2173086a827,Broken Distant Doors,Vale Drake,Paper I,2021-07-06,Pop,159583,19,0.7251,0.571,9,-5.79,1,0.0001,133.48,13787,DE,True,Echo Studios,2021,7,Tuesday,2.66,Low,Loud,A,Major,True,Q3,False,9.5316,0.6234,225
226eb705-434b-43d6-8b99-d1fcfe140fc7,Neon,SethStone,Young,2024-09-07,Metal,177852,8,0.3531,1.0,2,-2.94,1,0.1652,158.31,9338,GB,False,Cipher Music,2024,9,Saturday,2.96,Low,Loud,D,Major,False,Q3,True,9.142,0.6817,1486
44d3b9d3-c34e-4e3b-97d9-308f90ce8e07,Waves,Jasper Cloud,The Electric Diaries,2025-01-12,EDM,261120,46,0.7405,0.9023,6,-6.54,1,0.231,111.04,130500,GB,False,Prism Audio,2025,1,Sunday,4.35,Medium,Moderate,F#,Major,False,Q1,True,11.7791,0.73,327
75182f2d-cbf1-4154-a2a9-8ee788bd6843,Silver Fierce Mirrors,Sterling Zen,The Quiet Verses,2020-02-13,Folk,100761,20,0.5502,0.3042,11,-8.81,1,0.0103,89.75,2136,BR,True,Wavelength Records,2020,2,Thursday,1.68,Low,Moderate,B,Major,True,Q1,False,7.6672,0.3843,2268
f7534855-dfa4-4a83-ab89-381fe62fc335,Broken Storm,IsleEyre,Broken III,2023-11-02,Pop,229632,66,0.6833,0.7433,2,-9.31,0,0.0155,122.09,475445,IT,False,RCA Records,2023,11,Thursday,3.83,High,Moderate,D,Minor,False,Q4,False,13.072,0.6593,5271
99d272c0-702d-40e4-9378-12890cbbf4d9,The Roads,Nash Gray,Burning Dreams,2020-04-04,Afrobeats,131707,26,0.7343,0.5051,2,-6.76,0,0.0251,103.01,20429,US,True,Spectrum Music,2020,4,Saturday,2.2,Medium,Moderate,D,Minor,True,Q2,True,9.9248,0.5572,85
c661452b-3501-4c26-87ac-83d20adc76fd,The Shadows,The Eyres,Roses,2023-10-29,EDM,211023,7,0.6151,0.8451,9,-6.99,1,0.1792,138.51,5708,AU,False,Epic Records,2023,10,Sunday,3.52,Low,Moderate,A,Major,False,Q4,True,8.6498,0.6962,94
e2cd1596-09ea-40ba-96ab-97fde126d4a0,Hollow Fading Lines,Nirvana,Blinding Floors,2022-03-28,R&B,243448,13,0.8013,0.5943,11,-8.99,0,0.0397,137.5,5979,US,False,Indie Collective,2022,3,Monday,4.06,Low,Moderate,B,Minor,False,Q1,False,8.6962,0.669,328
57cd0d66-fa10-4ddc-a5a7-b194a73f4ffd,Yearning Heart,IsleEyre,The Quiet Chronicles,2025-05-03,Pop,198117,5,0.5815,0.4261,3,-9.16,0,0.0248,118.47,1241,FR,False,Wavelength Records,2025,5,Saturday,3.3,Low,Moderate,D#,Minor,False,Q2,True,7.1245,0.4866,5271
086434fa-3e10-42c1-81b1-968be90f893b,Blinding Pages,The Dawns,Dark IV,2022-03-20,Pop,287937,14,0.8432,0.6465,4,-7.08,1,0.0584,105.68,6513,CA,False,Island Records,2022,3,Sunday,4.8,Low,Moderate,E,Major,False,Q1,True,8.7817,0.6611,750
dd142cb5-3176-4b2f-a506-9960d2455f18,Moving Islands,Ethereal,Jagged Night,2023-04-30,Pop,221812,3,0.874,0.5084,9,-7.45,1,0.0925,108.97,2055,KR,True,Horizon Records,2023,4,Sunday,3.7,Low,Moderate,A,Major,True,Q2,True,7.6285,0.6229,3232
e11a2199-699d-4685-b063-9c7ab14fbca0,Islands,Knot Hart,Wavelengths,2020-09-14,R&B,198349,34,0.5796,0.5748,7,-7.58,1,0.0294,112.16,10853,AR,False,Stardust Label,2020,9,Monday,3.31,Medium,Moderate,G,Major,False,Q3,False,9.2923,0.5363,12111
a2e54bc2-c66b-43d7-bc4b-1bf37b78d081,The Storm,Lake Black,The Open Records,2020-12-27,Classical,256942,29,0.137,0.2422,5,-11.52,1,0.7282,99.11,29395,NG,False,Indie Collective,2020,12,Sunday,4.28,Medium,Moderate,F,Major,False,Q4,True,10.2886,0.2076,22
bafd063d-5fb8-426c-befd-99115621854b,Distant Chains,Knot Hart,The Mystic Notes,2025-06-26,R&B,230541,34,0.7167,0.5346,5,-8.63,1,0.0114,95.3,30792,CO,True,Columbia Records,2025,6,Thursday,3.84,Medium,Moderate,F,Major,True,Q2,False,10.335,0.5509,12111
f42c2927-cbdf-4f0e-8a25-4b8ec6d7d3f5,Bitter,Kinetic,The Bitter Diaries,2024-07-09,Metal,90113,23,0.3836,0.7981,7,-10.07,0,0.3845,89.69,11921,IN,True,Atlantic Records,2024,7,Tuesday,1.5,Low,Moderate,G,Minor,True,Q3,False,9.3861,0.5151,14
beb2cb7e-9493-4260-9806-122987236e90,Eyes,Sterling Zen,Sacred Fire,2020-02-27,Folk,167484,25,0.3396,0.2681,6,-11.17,0,0.0471,129.12,11833,ES,True,Pulse Records,2020,2,Thursday,2.79,Medium,Moderate,F#,Minor,True,Q1,False,9.3787,0.3418,2268
002b3e45-ce4a-4b90-9d01-60f1321846a0,Wings,Knot Hart,Dark IV,2021-10-10,R&B,149997,17,0.7805,0.6659,4,-1.83,0,0.068,92.71,6999,PH,False,Echo Studios,2021,10,Sunday,2.5,Low,Loud,E,Minor,False,Q4,True,8.8537,0.6253,12111
cf4c8178-da8b-464e-aa6e-5e681482b7d9,Paper Thunder,ElaraRain,The Midnight Files,2021-03-10,Pop,252946,46,0.7034,0.552,1,-5.5,0,0.0465,128.68,192975,IT,False,Interscope Records,2021,3,Wednesday,4.22,Medium,Loud,C#,Minor,False,Q1,False,12.1703,0.6003,1111
f079eeca-b766-4732-b4bf-02caa8124ccf,Frozen Oceans,Chimera,Wicked,2023-10-18,EDM,247692,35,0.7624,0.7703,10,-3.2,1,0.062,146.02,29176,JP,False,Drift Music,2023,10,Wednesday,4.13,Medium,Loud,A#,Major,False,Q4,False,10.2811,0.736,44
c72c4b06-22ec-4d92-b95d-a05bcf7fb483,Bitter,LolaOre,Dark,2025-04-23,Rock,131512,4,0.4696,0.9195,1,-4.83,1,0.3098,130.19,1716,MX,True,Nova Records,2025,4,Wednesday,2.19,Low,Loud,C#,Major,True,Q2,False,7.4483,0.6559,199
5b5f2008-980c-4025-94e7-799b53acd201,Floors,Beau North,Skies,2023-10-27,Pop,169921,9,0.6668,0.5427,9,-12.29,0,0.0022,124.88,3832,IT,False,Nova Records,2023,10,Friday,2.83,Low,Quiet,A,Minor,False,Q4,False,8.2514,0.5765,87
fc961f3b-39c9-4f1e-a917-9066a5194190,Dancing Winds,BlazeCore,The Wicked Tapes,2025-04-08,Hip-Hop,218028,50,0.6456,0.7122,0,-3.11,1,0.0115,119.63,59453,PL,False,Interscope Records,2025,4,Tuesday,3.63,High,Loud,C,Major,False,Q2,False,10.993,0.6283,460
b358114d-d26f-4227-8840-5830097ada4d,Fading Bones,Nirvana,Fragments,2024-05-14,R&B,95811,26,0.6972,0.5218,3,-9.02,0,0.0376,127.87,38793,GB,True,Self-Released,2024,5,Tuesday,1.6,Medium,Moderate,D#,Minor,True,Q2,False,10.566,0.5846,328
bf3856a5-df19-43ae-ba0b-7863582f3f50,Wings,The Drakes,Hidden Heart,2023-01-22,K-Pop,235369,4,0.6294,0.9299,5,-5.9,1,0.1028,128.12,1168,BR,False,Echo Studios,2023,1,Sunday,3.92,Low,Loud,F,Major,False,Q1,True,7.0639,0.721,62
fa2afa97-f4d9-4cb4-836d-ae59df760232,Crimson Thunder,IsleEyre,Golden Fire,2022-03-09,Pop,209453,12,0.6364,0.716,8,-9.05,0,0.0288,99.22,3279,BR,False,Island Records,2022,3,Wednesday,3.49,Low,Moderate,G#,Minor,False,Q1,False,8.0956,0.597,5271
3bcbbd11-256b-4d1e-a396-3571317de4fc,Liquid Pages,Rocco Ore,The Silver Portraits,2024-09-22,R&B,158297,30,0.8289,0.4344,1,-7.31,1,0.0048,131.65,50611,CL,False,Stardust Label,2024,9,Sunday,2.64,Medium,Moderate,C#,Major,False,Q3,True,10.8319,0.6077,1709
4b3592f7-a96b-48bf-8ab1-6d4c65dd0205,Rising Eyes,Knot Hart,The Hidden Tales,2025-01-30,R&B,250047,26,0.5632,0.5984,4,-9.54,1,0.0373,86.74,15900,US,False,Universal Music Group,2025,1,Thursday,4.17,Medium,Moderate,E,Major,False,Q1,False,9.6741,0.5028,12111
89445662-406b-40ba-b21a-3504d36aed39,Jumping Rain,Aether,Chapters,2024-11-13,Hip-Hop,318217,2,0.4915,0.6531,10,-3.31,1,0.0079,127.25,668,US,False,Self-Released,2024,11,Wednesday,5.3,Low,Loud,A#,Major,False,Q4,False,6.5058,0.5539,7
a2eee5c0-7bbf-402b-b5c0-377473ef1e0a,Jagged Ghosts,Dahlia King,Cosmic I,2021-06-24,K-Pop,180748,18,0.7929,0.4997,7,-11.69,1,0.0126,107.0,9391,US,True,Warner Music Group,2021,6,Thursday,3.01,Low,Moderate,G,Major,True,Q2,False,9.1476,0.5842,18
07e92412-da43-4f70-8997-37ddc5cbc3bd,The Thunder,Knot Hart,The Silent Tapes,2020-10-11,R&B,213029,17,0.7934,0.688,7,-9.17,1,0.0041,117.35,4298,US,False,Catalyst Records,2020,10,Sunday,3.55,Low,Moderate,G,Major,False,Q4,True,8.3661,0.6745,12111
9efd0643-5ef0-42f5-be3a-357d3ef5d811,Crystal Eyes,Dean Reed,Lost V,2020-08-19,Reggaeton,277670,13,0.428,0.7229,10,-4.52,0,0.0226,91.19,2811,US,False,Drift Music,2020,8,Wednesday,4.63,Low,Loud,A#,Minor,False,Q3,False,7.9417,0.5049,277
5f6a770b-b2d7-4a7d-9c93-b6eab155cea6,Twisted Burning Rain,DuskRain,Electric Thunder,2024-05-06,Pop,176756,12,0.9248,0.8232,10,-6.5,0,0.111,131.15,8851,US,False,Wavelength Records,2024,5,Monday,2.95,Low,Moderate,A#,Minor,False,Q2,False,9.0884,0.8008,11
df27fd9c-e8af-4887-8c54-667fb1e11973,Midnight Floors,Knot Hart,Bridges,2025-07-06,R&B,214520,12,0.8439,0.7245,0,-6.98,1,0.0636,117.06,4355,US,False,Cipher Music,2025,7,Sunday,3.58,Low,Moderate,C,Major,False,Q3,True,8.3793,0.7089,12111
1ca96489-7d97-4287-8875-9de7a6b4355c,Dreams,Frost Nova,Frozen Storm,2024-03-13,Latin,196535,24,1.0,0.7327,8,-6.26,1,0.0586,144.06,26113,ID,False,Horizon Records,2024,3,Wednesday,3.28,Low,Moderate,G#,Major,False,Q1,False,10.1702,0.8132,862
6e3702e3-b75d-4d2a-937e-1a924e578cba,Hollow Sacred Pages,Prism Pyre,Glass,2025-09-27,Pop,152881,32,0.8323,0.5589,6,-12.01,1,0.0031,106.61,63464,US,False,Republic Records,2025,9,Saturday,2.55,Medium,Quiet,F#,Major,False,Q3,True,11.0582,0.6231,20
e82be873-5326-4b5e-ac87-7c556082d383,The Thunder,Knot Hart,Edges,2022-05-27,R&B,151016,26,0.592,0.5301,9,-6.03,0,0.079,110.7,14830,MX,True,Capitol Records,2022,5,Friday,2.52,Medium,Moderate,A,Minor,True,Q2,False,9.6045,0.5213,12111
1d47bc1a-72a2-46ca-abe6-0691e8132d57,Scars,The Wests,Oceans,2022-01-11,R&B,224126,41,0.6199,0.5613,5,-7.14,1,0.0243,117.85,82097,EG,False,Epic Records,2022,1,Tuesday,3.74,Medium,Moderate,F,Major,False,Q1,False,11.3157,0.5551,293
06c9818e-7928-4eae-8c0c-8fb5a0d4a35f,Golden Edges,IsleEyre,Midnight Demons,2023-03-14,R&B,229398,42,0.6769,0.7333,10,-6.46,0,0.0097,72.42,74472,GB,False,Cipher Music,2023,3,Tuesday,3.82,Medium,Moderate,A#,Minor,False,Q1,False,11.2182,0.5818,5271
404321bc-9395-48d2-aa42-565d52d640b1,Ghosts,Enigma,Heavy Gardens,2024-04-11,Hip-Hop,176784,12,0.8711,0.6543,11,-7.06,1,0.0207,138.55,3905,US,True,Echo Studios,2024,4,Thursday,2.95,Low,Moderate,B,Major,True,Q2,False,8.2703,0.7224,24
2d2413eb-7aa3-4251-8e2e-952b764893d7,Empty Golden Skies,Hawk Glass,Silent Waves,2020-05-23,K-Pop,200488,25,0.78,0.8318,1,-4.19,1,0.0001,147.74,34165,GB,False,Sony Music Entertainment,2020,5,Saturday,3.34,Medium,Loud,C#,Major,False,Q2,True,10.439,0.7701,16
018ff48a-7293-4be7-8e30-45c86fb43549,Burning Scars,MeadowThorn,Heart,2025-02-07,Pop,233702,22,0.7435,0.7792,9,-3.24,0,0.0023,132.7,25864,GB,True,Wavelength Records,2025,2,Friday,3.9,Low,Loud,A,Minor,True,Q1,False,10.1606,0.7129,19
bc056917-b363-4139-a462-9ecc442ae564,The Demons,Rocco Ore,Deep,2024-11-06,R&B,121558,16,0.8351,0.4489,7,-13.2,1,0.0001,115.44,1819,SG,False,Self-Released,2024,11,Wednesday,2.03,Low,Quiet,G,Major,False,Q4,False,7.5066,0.5928,1709
d2727494-b292-471c-ab14-8e52a9ec32ea,Urban Wings,Edge Brooks,Young,2022-12-30,Hip-Hop,121800,17,0.7071,0.5434,0,-7.77,0,0.0053,112.87,5326,MY,True,Universal Music Group,2022,12,Friday,2.03,Low,Moderate,C,Minor,True,Q4,False,8.5805,0.5757,65
141b8026-7cc3-47ac-af7c-e5a85f77fc44,Skies,Drift Element,Nights,2022-08-06,Hip-Hop,287557,44,0.7694,0.4312,11,-10.15,0,0.0329,143.18,48029,US,False,Drift Music,2022,8,Saturday,4.79,Medium,Moderate,B,Minor,False,Q3,True,10.7796,0.5991,59
f01e9124-19bd-4dc5-9346-8b03216a718d,Tears,IsleEyre,Kind III,2024-02-29,Pop,143555,20,0.6515,0.7141,11,-10.13,1,0.0233,91.8,6201,US,False,Spectrum Music,2024,2,Thursday,2.39,Low,Moderate,B,Major,False,Q1,False,8.7326,0.5917,5271
07e4209a-9931-4021-901b-138ff15473aa,Lost Oceans,Kai Cross,Cloudy IV,2025-07-18,Pop,201094,34,0.5176,0.5268,10,-9.22,1,0.0049,143.2,38457,MX,False,Drift Music,2025,7,Friday,3.35,Medium,Moderate,A#,Major,False,Q3,False,10.5573,0.5366,79
71123c49-3a28-4b00-992a-23745749db3b,Hiding Floors,Knot Hart,Letters,2021-11-03,R&B,261004,41,0.7095,0.4772,0,-11.67,1,0.0328,121.47,23411,NG,False,Interscope Records,2021,11,Wednesday,4.35,Medium,Moderate,C,Major,False,Q4,False,10.061,0.5625,12111
ad338227-5676-4a9f-bef9-85a7a895ce98,Midnight Paradise,Clay Black,Deep II,2022-04-23,EDM,129348,7,0.5559,0.8934,11,-5.26,1,0.0292,130.17,1490,ID,False,Cipher Music,2022,4,Saturday,2.16,Low,Loud,B,Major,False,Q2,True,7.3072,0.68,693
884cd665-a4ab-4f7e-8892-5a3b29c378d1,The Echoes,Knot Hart,Glass,2023-10-03,R&B,323413,13,0.6877,0.5428,7,-6.3,1,0.0787,88.98,1954,AR,False,Apex Records,2023,10,Tuesday,5.39,Low,Moderate,G,Major,False,Q4,False,7.5781,0.5336,12111
cea7682e-a6bd-4f6b-ae35-d0c380a27588,The Lines,Knot Hart,Quiet Shadows,2021-03-11,R&B,200546,50,0.8911,0.331,3,-12.66,1,0.0337,117.62,229278,IN,False,Cipher Music,2021,3,Thursday,3.34,High,Quiet,D#,Major,False,Q1,False,12.3427,0.5712,12111
179c4053-bd1e-4f76-a5de-adf689815806,Bitter Shadows,Knot Hart,Sacred I,2020-10-22,R&B,226241,47,0.7551,0.6629,11,-7.77,0,0.0079,127.16,40774,GB,False,Stardust Label,2020,10,Thursday,3.77,Medium,Moderate,B,Minor,False,Q4,False,10.6158,0.6631,12111
735511f9-af6b-4125-a6a5-173605099158,Silent Wings,The Wests,Deep IV,2023-04-26,R&B,193041,38,0.6824,0.5524,1,-6.26,1,0.0219,118.9,101635,ID,False,Warner Music Group,2023,4,Wednesday,3.22,Medium,Moderate,C#,Major,False,Q2,False,11.5292,0.5781,293
710d6ddd-644a-425b-bbeb-5460a264405f,Paper Rain,IsleEyre,The Distant Chronicles,2023-05-14,Pop,132847,16,0.7684,0.7964,5,-8.5,1,0.0057,116.46,13087,GB,False,Wavelength Records,2023,5,Sunday,2.21,Low,Moderate,F,Major,False,Q2,True,9.4795,0.7066,5271
ef16de59-7ba9-4071-aa81-787c17d42db0,Electric Rivers,Isle Jay,Volume,2025-04-23,Latin,238830,10,0.9379,0.469,6,-9.01,0,0.0171,104.18,14396,CL,False,Spectrum Music,2025,4,Wednesday,3.98,Low,Moderate,F#,Minor,False,Q2,False,9.5748,0.6259,241
c9c668d3-243a-4b36-866e-4f3c8ef2b5b6,Doors,Knot Hart,Electric III,2021-01-12,R&B,232688,14,0.672,0.6392,1,-9.64,1,0.0732,123.87,1196,ID,False,Bedroom Records,2021,1,Tuesday,3.88,Low,Moderate,C#,Major,False,Q1,False,7.0876,0.6157,12111
9a23aad9-8843-49c1-8d40-646650352c33,Roads,IsleEyre,Quiet Storm,2025-01-22,Pop,246633,53,0.6538,0.4411,3,-10.39,1,0.0178,137.78,251803,US,False,Echo Studios,2025,1,Wednesday,4.11,High,Moderate,D#,Major,False,Q1,False,12.4364,0.5491,5271
bb4ae12a-9f2b-4009-9f02-3ed1775767f5,Fading Crimson Circles,ElaraRain,Raw Rivers,2022-01-12,Rock,180448,40,0.1581,0.7107,7,-3.7,1,0.028,134.4,106288,CA,False,Pulse Records,2022,1,Wednesday,3.01,Medium,Loud,G,Major,False,Q1,False,11.5739,0.4538,1111
8204d6cb-2f8c-4d10-b90f-3f3046df0e06,Endless Lights,The Glasss,Paper Flames,2025-01-24,Latin,175388,52,0.7016,0.66,4,-10.07,0,0.0445,114.52,915823,US,False,Self-Released,2025,1,Friday,2.92,High,Moderate,E,Minor,False,Q1,False,13.7276,0.6225,131
89402d96-caa8-410e-a412-75a35af47754,The Roses,IsleEyre,Lost Stars,2021-12-24,Pop,224270,24,0.7508,0.6894,6,-0.3,1,0.0021,111.19,13373,US,False,Wavelength Records,2021,12,Friday,3.74,Low,Loud,F#,Major,False,Q4,False,9.5011,0.6492,5271
e0f22009-860a-445a-b4cb-2cbfc2279200,Pulling Ghosts,Luna Ink,Thunder,2020-04-06,Hip-Hop,247591,86,0.6482,0.4524,7,-10.35,1,0.0573,129.41,899754,SE,False,Island Records,2020,4,Monday,4.13,Very High,Moderate,G,Major,False,Q2,False,13.7099,0.5394,577
93577799-ebf9-47ad-90a4-cb92b39560ea,Open Gentle Streets,The Ridges,Lost I,2020-05-17,Disco,230453,25,0.9933,0.7894,4,-5.2,1,0.0704,132.33,9125,IT,True,Interscope Records,2020,5,Sunday,3.84,Medium,Loud,E,Major,True,Q2,True,9.1189,0.8164,28
5e4047bb-cc6e-4634-90a6-379bdc1ca167,Harbors,Crest Jay,Heavy Roses,2020-12-19,EDM,174750,30,0.5734,0.7923,9,-5.78,1,0.0327,121.03,8445,US,False,Apex Records,2020,12,Saturday,2.91,Medium,Loud,A,Major,False,Q4,True,9.0414,0.6335,635
297004cf-39a6-4877-b658-c3ef0f7782b9,The Roses,Knot Hart,Voices,2022-08-09,R&B,168261,26,0.7918,0.6756,3,-12.77,1,0.0139,135.53,74377,US,False,Independent,2022,8,Tuesday,2.8,Medium,Quiet,D#,Major,False,Q3,False,11.2169,0.6949,12111
b2dbe1e1-dcc7-48bf-a850-6481d7d3a332,Skies,Knot Hart,Wild Mirrors,2020-02-06,R&B,281126,30,0.7189,0.373,4,-4.72,0,0.0411,86.12,38612,US,False,Wavelength Records,2020,2,Thursday,4.69,Medium,Loud,E,Minor,False,Q1,False,10.5613,0.4741,12111
2058d835-dc8c-4922-9b44-fe5592bc0528,Bones,The Jets,Bitter Pages,2020-10-17,Hip-Hop,247951,7,0.8189,0.8253,2,-5.18,0,0.0302,124.76,688,PH,True,Indie Collective,2020,10,Saturday,4.13,Low,Loud,D,Minor,True,Q4,True,6.5352,0.7502,47
82810f1a-e449-4b7a-b5bd-6bfeb3ea5957,Deep Mountains,Knot Hart,Gentle IV,2024-01-21,R&B,170610,30,0.6285,0.6631,3,-6.45,0,0.0053,107.1,14086,DE,False,Columbia Records,2024,1,Sunday,2.84,Medium,Moderate,D#,Minor,False,Q1,True,9.553,0.5839,12111
774f4847-f1d1-425a-814f-8ab84f7a9a0f,The Night,The Dunes,Raw Angels,2022-07-09,Soul,282866,22,0.568,0.5227,11,-9.71,0,0.0554,115.97,6995,IN,False,Cipher Music,2022,7,Saturday,4.71,Low,Moderate,B,Minor,False,Q3,True,8.8531,0.5162,45
24e39e3d-bd59-4201-8246-a2ba853774f0,Frozen,ElaraRain,Chapters,2020-11-03,Rock,204519,31,0.5824,0.6732,6,-7.5,1,0.0126,141.47,8583,DE,False,Nova Records,2020,11,Tuesday,3.41,Medium,Moderate,F#,Major,False,Q4,False,9.0577,0.6186,1111
acf13d9e-0427-4222-b124-271723ab6cd1,The Doors,Jude Rose,The Ancient Fragments,2024-05-29,Jazz,203235,32,0.5737,0.3677,4,-11.64,1,0.1776,181.89,27888,NL,False,Capitol Records,2024,5,Wednesday,3.39,Medium,Moderate,E,Major,False,Q2,False,10.236,0.5507,13
82ae25d5-a328-44ee-bbe7-5c6ad8a7ca16,Cosmic Shattered Winds,The Eyres,Stars,2024-04-30,EDM,225425,29,0.7523,0.9722,11,-4.68,1,0.1766,135.33,24671,CA,False,Neon Label,2024,4,Tuesday,3.76,Medium,Loud,B,Major,False,Q2,False,10.1134,0.7974,94
be840f88-c749-480a-87a4-d8b835e860c7,Open,Axel North,Keys,2023-01-03,Reggaeton,226800,38,1.0,0.6329,4,-9.01,0,0.0034,87.83,88429,AU,True,Apex Records,2023,1,Tuesday,3.78,Medium,Moderate,E,Minor,True,Q1,False,11.39,0.6929,10
e0c11e51-f655-44a4-884d-662a8c975493,Kind Keys,Ethereal,Empty Islands,2023-10-04,Hip-Hop,214530,25,0.6546,0.7237,8,-6.69,0,0.0085,105.43,22594,GB,False,Capitol Records,2023,10,Wednesday,3.58,Medium,Moderate,G#,Minor,False,Q4,False,10.0255,0.6162,3232
d261b55d-8351-4419-bdd8-b4f56315f196,Moving Oceans,Willow Jet,Cloudy Rivers,2023-08-08,Hip-Hop,294169,4,0.8976,0.7406,3,-3.33,0,0.0001,126.43,3954,AU,True,Prism Audio,2023,8,Tuesday,4.9,Low,Loud,D#,Minor,True,Q3,False,8.2827,0.7502,136
e4d7ed98-c752-4055-8bca-65a982db7e0a,Silent Mirrors,Ethereal,Tales,2024-05-23,Pop,179054,10,0.7284,0.5497,7,-9.41,0,0.0063,115.21,14452,ZA,False,Nova Records,2024,5,Thursday,2.98,Low,Moderate,G,Minor,False,Q2,False,9.5787,0.5901,3232
b7a84281-d41a-4560-93b5-3b263cc1a622,The Streets,Rocco Ore,Scars,2022-02-12,R&B,110077,59,0.6678,0.5006,4,-12.81,0,0.0454,76.14,982427,IN,False,Echo Studios,2022,2,Saturday,1.83,High,Quiet,E,Minor,False,Q1,True,13.7978,0.4904,1709
a87bfd29-d217-4421-92bb-55c16fbb7bd5,Stars,Luna Ink,Eternal Pages,2024-10-17,Hip-Hop,160639,52,1.0,0.6903,10,-7.4,0,0.0402,162.45,105105,AU,False,Independent,2024,10,Thursday,2.68,High,Moderate,A#,Minor,False,Q4,False,11.5627,0.8225,577
b2778388-88a0-40ce-b22f-02917e1c4ea1,Circles,The Gates,The Electric Frequencies,2020-10-14,Pop,177725,59,0.7184,0.5166,4,-12.8,1,0.011,134.36,449063,CA,True,Republic Records,2020,10,Wednesday,2.96,High,Quiet,E,Major,True,Q4,False,13.0149,0.6002,44
62604f7d-65e5-4e58-9904-8d5d45e4cae4,Crystal Edges,Nova Cipher,Hidden,2020-02-10,Punk,224788,59,0.528,0.838,1,-6.87,1,0.0114,150.14,216731,JP,False,Self-Released,2020,2,Monday,3.75,High,Moderate,C#,Major,False,Q1,False,12.2864,0.6752,9
f86be2d7-bd04-46d3-9fc2-f6f127e75457,Fleeting Thunder,Willow Jet,Rain,2023-12-19,Hip-Hop,112991,44,0.825,0.7218,3,-5.8,1,0.0021,140.81,356128,CA,False,RCA Records,2023,12,Tuesday,1.88,Medium,Loud,D#,Major,False,Q4,False,12.783,0.7342,136
f37fce07-36a5-4eaa-87da-74fb430a103d,Liquid,Sterling Zen,Midnight Flames,2023-01-09,Pop,170425,14,0.7214,0.6044,7,-8.53,1,0.0009,88.54,2915,GB,False,Drift Music,2023,1,Monday,2.84,Low,Moderate,G,Major,False,Q1,False,7.978,0.5711,2268
9c2a07e4-c6b0-40e4-bf90-78080b6d03fb,Broken Chains,Sterling Zen,Neon,2024-11-17,Folk,205812,35,0.4652,0.2495,9,-12.77,0,0.0794,124.15,27511,PH,False,RCA Records,2024,11,Sunday,3.43,Medium,Quiet,A,Minor,False,Q4,True,10.2224,0.3775,2268
70348321-5861-4198-97d1-8d003d6cd98a,The Winds,The Peaks,The Golden Fragments,2024-04-23,Hip-Hop,242678,25,0.7518,0.5876,9,-6.45,0,0.0529,176.83,19097,US,False,Echo Studios,2024,4,Tuesday,4.04,Medium,Moderate,A,Minor,False,Q2,False,9.8573,0.7027,208
26a2d98e-4d0d-4acd-bf14-3466b994eaad,Blinding Bones,Knot Hart,The Velvet Wavelengths,2024-05-07,R&B,181438,26,0.7534,0.5462,7,-7.47,1,0.046,99.78,14828,MX,False,Warner Music Group,2024,5,Tuesday,3.02,Medium,Moderate,G,Major,False,Q2,False,9.6043,0.5767,12111
10cf17e1-5b09-46cd-9453-b587be3aa775,Moving Keys,Knot Hart,Glass Fire,2022-08-03,R&B,236134,50,0.5766,0.7507,6,-2.88,1,0.0056,96.0,99117,IN,True,Apex Records,2022,8,Wednesday,3.94,High,Loud,F#,Major,True,Q3,False,11.5041,0.5823,12111
4c3371e0-75b8-4c1a-8e9f-5ea092e9332a,Wings,Ethereal,Crystal Demons,2023-11-14,Pop,241059,37,0.5767,0.6762,5,-7.85,1,0.0894,102.21,157478,FR,False,Apex Records,2023,11,Tuesday,4.02,Medium,Moderate,F,Major,False,Q4,False,11.967,0.5615,3232
343ef20d-4ade-4bfb-af2f-a53773b108ae,Electric Mirrors,IsleEyre,The Jagged Archives,2022-11-30,Pop,248272,22,0.495,0.6987,7,-6.61,1,0.0594,118.16,28771,GB,False,Cipher Music,2022,11,Wednesday,4.14,Low,Moderate,G,Major,False,Q4,False,10.2672,0.5606,5271
b0cada01-b56a-4368-9eb3-88e91b06ec88,Roses,IsleEyre,Endless Wings,2021-10-12,Pop,164059,33,0.7223,0.5621,1,-9.52,1,0.0096,114.68,36984,CA,False,Neon Label,2021,10,Tuesday,2.73,Medium,Moderate,C#,Major,False,Q4,False,10.5183,0.5919,5271
e632d985-42fe-490e-9c8b-4c04a4fd5514,Fading Bridges,Knot Hart,Fierce,2022-01-31,R&B,234375,33,0.5481,0.6211,3,-5.76,1,0.0057,117.53,23665,US,True,Wavelength Records,2022,1,Monday,3.91,Medium,Loud,D#,Major,True,Q1,False,10.0718,0.5499,12111
f676f479-81b6-4265-a6b7-6338013ceb27,Dancing Lights,Knot Hart,Tapes,2025-04-10,R&B,233241,67,0.7142,0.8171,6,-7.85,0,0.003,104.38,693741,GB,False,Republic Records,2025,4,Thursday,3.89,High,Moderate,F#,Minor,False,Q2,False,13.4499,0.6759,12111
f2da907a-f5cf-40db-8ecd-e69f8a9e326d,Paper,Knot Hart,Notes,2021-05-23,Pop,218889,39,0.783,0.7637,7,-3.83,1,0.005,126.32,64068,MX,True,Pulse Records,2021,5,Sunday,3.65,Medium,Loud,G,Major,True,Q2,True,11.0677,0.7134,12111
94a69424-4e60-4561-b4c5-3e978395c916,Endless Stars,The Oaks,Wicked Ghosts,2025-10-03,Country,184097,55,0.7317,0.406,0,-5.87,1,0.009,137.04,168241,PL,False,Columbia Records,2025,10,Friday,3.07,High,Loud,C,Major,False,Q4,False,12.0332,0.5651,10
ada70b49-0eb1-48b2-a10d-092c04140b20,Wicked Pages,Sterling Zen,Fleeting Stars,2023-02-17,Folk,259486,53,0.4266,0.3721,7,-10.38,1,0.0205,101.95,512885,US,True,RCA Records,2023,2,Friday,4.32,High,Moderate,G,Major,True,Q1,False,13.1478,0.3794,2268
7b7497a9-38f1-4802-8880-a7540c0408bd,Moving Winds,Ethereal,The Wicked Revolutions,2025-03-02,Pop,186284,20,0.7951,0.6578,8,-6.26,0,0.0328,121.0,8561,ES,False,Apex Records,2025,3,Sunday,3.1,Low,Moderate,G#,Minor,False,Q1,True,9.0551,0.6683,3232
875838fb-9dc9-46a7-9f50-83e2fbbfd115,Wicked Ghosts,Aria Rose,Sessions,2024-07-17,Hip-Hop,200659,18,0.7652,0.8586,4,-4.07,1,0.0269,141.23,6802,DE,False,Warner Music Group,2024,7,Wednesday,3.34,Low,Loud,E,Major,False,Q3,False,8.8251,0.7656,346
ce627c98-617f-4fd5-91d4-a3cc82fa2fbd,The Pages,Knot Hart,Vivid Pages,2024-08-16,R&B,169416,27,0.7433,0.4979,6,-8.76,1,0.0577,114.29,15524,MX,False,Echo Studios,2024,8,Friday,2.82,Medium,Moderate,F#,Major,False,Q3,False,9.6502,0.574,12111
ac5dedf0-be70-4dfb-b021-32d743775ed7,Gentle Tears,Jade Gold,Nights,2023-05-21,K-Pop,178654,33,0.7652,0.8742,6,-3.94,1,0.0026,106.83,8134,US,True,Indie Collective,2023,5,Sunday,2.98,Medium,Loud,F#,Major,True,Q2,True,9.0039,0.7227,15
0593d060-ecf4-49fe-88c1-93a4c1d3b63d,Mirrors,Lena Rain,Verses,2024-08-30,R&B,186981,25,0.6365,0.3997,0,-8.56,1,0.0011,96.35,10230,US,False,Bedroom Records,2024,8,Friday,3.12,Medium,Moderate,C,Major,False,Q3,False,9.2332,0.4664,108
8a5cbaf5-b092-4337-8d7c-38b4329d6645,Quiet Night,Knot Hart,Neon Eyes,2023-04-19,R&B,189873,12,0.7089,0.5346,5,-7.46,0,0.0059,124.4,22629,CA,True,Wavelength Records,2023,4,Wednesday,3.16,Low,Moderate,F,Minor,True,Q2,False,10.027,0.5894,12111
b6524567-cf65-4763-a653-3373db8c11e4,The Tears,Sterling Zen,The Blinding Files,2023-01-09,Folk,106767,11,0.5979,0.1129,0,-14.17,1,0.0202,71.56,2562,GB,False,Independent,2023,1,Monday,1.78,Low,Quiet,C,Major,False,Q1,False,7.8489,0.3008,2268
a0fa7735-c9bf-4cf0-94c8-cbf9cb3c4d31,Reaching Bridges,Lola Pine,Memories,2025-10-18,Latin,296187,19,0.5781,0.7062,9,-7.85,1,0.0289,142.49,2401,DE,False,Cipher Music,2025,10,Saturday,4.94,Low,Moderate,A,Major,False,Q4,True,7.7841,0.6316,45
1024b353-a887-4d38-8ab8-c740ac975dfb,Crystal Rain,SilkHollow,Midnight Stars,2024-12-06,Rock,262604,16,0.6299,0.6793,11,-7.24,0,0.0894,133.07,3626,GB,True,Echo Studios,2024,12,Friday,4.38,Low,Moderate,B,Minor,True,Q4,False,8.1962,0.6281,23
735dd3f7-579d-45c8-b115-a72093b831bd,Hollow Dreams,Rocco Ore,Dark I,2022-03-04,R&B,215770,35,0.6272,0.3334,6,-14.39,0,0.0074,107.65,56383,PL,False,Echo Studios,2022,3,Friday,3.6,Medium,Quiet,F#,Minor,False,Q1,False,10.9399,0.4523,1709
9d7dfc0e-7ee4-48e0-9add-fd103fc0f7e6,Waves,Crest Jay,Islands,2025-05-30,EDM,208200,40,0.7618,0.855,1,-6.36,1,0.0165,133.94,105035,NG,True,Prism Audio,2025,5,Friday,3.47,Medium,Moderate,C#,Major,True,Q2,False,11.5621,0.7523,635
32a91deb-dc67-4912-a121-ce4ae7fd860c,Keys,Knot Hart,The Deep Notes,2024-03-04,R&B,116724,41,0.4998,0.4477,7,-9.99,0,0.0223,122.62,113136,GB,False,Cipher Music,2024,3,Monday,1.95,Medium,Moderate,G,Minor,False,Q1,False,11.6364,0.4685,12111
db2a0b5f-3e77-481d-86ef-8a40ab40095a,Quiet Memories,The Marshs,The Hidden Tales,2025-10-31,Pop,277128,9,0.6994,0.5041,10,-11.24,1,0.0199,125.72,6968,AU,False,Drift Music,2025,10,Friday,4.62,Low,Moderate,A#,Major,False,Q4,False,8.8492,0.5753,3
23d7d06d-dcf4-4b73-b1c3-b2a2618027fe,Neon Keys,Knot Hart,Mountains,2023-05-15,R&B,144740,13,0.6225,0.5246,4,-5.7,1,0.0186,104.89,4710,US,True,Drift Music,2023,5,Monday,2.41,Low,Loud,E,Major,True,Q2,False,8.4577,0.523,12111
2cda62da-e56c-49bf-b85b-a9c11d758d11,Heart,Vince Frost,The Invisible Diaries,2024-06-25,Hip-Hop,315351,10,0.8314,0.666,6,-7.14,1,0.0043,152.97,4251,BR,True,Wavelength Records,2024,6,Tuesday,5.26,Low,Moderate,F#,Major,True,Q2,False,8.3551,0.7318,15
a3ef71f3-9c44-47d3-ab23-916de8b44a90,Flames,Hawk Theory,Young Night,2020-05-05,Pop,169674,12,0.6362,0.7188,5,-8.67,0,0.0415,152.67,980,US,True,Wavelength Records,2020,5,Tuesday,2.83,Low,Moderate,F,Minor,True,Q2,False,6.8886,0.6744,492
17449a6f-8248-4687-8eba-6b7909f9c9fe,Waves,Clay Black,Fierce II,2023-09-01,Pop,108437,14,0.7145,0.5599,9,-9.4,1,0.0689,127.83,1331,US,True,Independent,2023,9,Friday,1.81,Low,Moderate,A,Major,True,Q3,False,7.1944,0.6067,693
63cd43d5-9020-4b4c-b6ae-66c13bb3f2fc,Ancient Oceans,SethStone,Vivid Waves,2021-12-28,Pop,231209,17,0.7033,0.4052,0,-10.45,1,0.0178,117.75,847,NZ,False,Spectrum Music,2021,12,Tuesday,3.85,Low,Moderate,C,Major,False,Q4,False,6.7429,0.5259,1486
72fc8278-7586-456a-987e-a13ab7c52591,The Lights,Knot Hart,Files,2022-02-26,Latin,280734,7,0.8806,0.6074,2,-6.09,0,0.0678,132.62,3118,ID,False,Horizon Records,2022,2,Saturday,4.68,Low,Moderate,D,Minor,False,Q1,True,8.0453,0.6989,12111
0dd7a025-7105-42db-9613-96f7ba733b92,Wicked Echoes,Knot Hart,Lights,2025-03-08,R&B,270333,54,0.829,0.3895,9,-11.03,0,0.03,118.52,108799,US,False,Neon Label,2025,3,Saturday,4.51,High,Moderate,A,Minor,False,Q1,True,11.5973,0.571,12111
abc01690-b94d-4193-bae8-0c7f5a501522,Gardens,Knot Hart,Golden,2023-10-19,R&B,249861,41,0.7279,0.6341,10,-4.88,1,0.0387,87.69,71262,IN,False,Neon Label,2023,10,Thursday,4.16,Medium,Loud,A#,Major,False,Q4,False,11.1741,0.5844,12111
e7395f6d-f93a-404f-887e-fadbcac15e32,Breathing Eyes,Knot Hart,Liquid Stars,2022-08-21,R&B,256016,21,0.7006,0.607,4,-8.35,0,0.0512,116.74,4102,GB,False,Neon Label,2022,8,Sunday,4.27,Low,Moderate,E,Minor,False,Q3,True,8.3195,0.6041,12111
91c12c98-f446-4153-ac38-eee913205c32,Worlds,Lola North,Twisted V,2020-10-27,Indie,200589,29,0.4642,0.5403,4,-6.23,0,0.3466,149.83,7040,ES,False,Wavelength Records,2020,10,Tuesday,3.34,Medium,Moderate,E,Minor,False,Q4,False,8.8595,0.5301,155
412d3762-42ad-4ad9-9066-48abc944f157,Electric Paradise,Ethereal,The Paper Portraits,2022-05-09,Pop,265978,46,0.6168,0.6994,7,-6.35,0,0.001,139.25,122674,MX,False,Island Records,2022,5,Monday,4.43,Medium,Moderate,G,Minor,False,Q2,False,11.7173,0.6397,3232
8c512e8e-24b6-43de-a0bf-7ecec93befd2,Bones,Knot Hart,Letters,2024-06-16,R&B,255701,16,0.5987,0.6763,11,-11.42,0,0.0082,76.28,1566,IN,False,Midnight Records,2024,6,Sunday,4.26,Low,Moderate,B,Minor,False,Q2,True,7.3569,0.5333,12111
40d36ea7-6987-4057-94b2-e56a0b818a30,Lost Flames,Fern Core,Hollow,2021-11-03,Rock,254883,31,0.5732,0.8,4,-8.78,1,0.1821,135.5,45446,IN,False,Interscope Records,2021,11,Wednesday,4.25,Medium,Moderate,E,Major,False,Q4,False,10.7243,0.6571,11
4e0c748e-60c8-4089-b4f8-afa343f88640,Open Roads,Seraphine,Journeys,2022-01-09,Alternative,200672,19,0.4434,0.7503,6,-2.56,1,0.1365,136.45,7329,US,False,Nova Records,2022,1,Sunday,3.34,Low,Loud,F#,Major,False,Q1,True,8.8997,0.5867,33
acf274e0-216a-49e8-9cd3-cabdb431ef94,Jumping Edges,ShadeHill,Sacred IV,2021-08-28,Reggaeton,228118,22,0.7794,0.6654,5,-10.94,0,0.0236,100.03,10303,PH,False,Horizon Records,2021,8,Saturday,3.8,Low,Moderate,F,Minor,False,Q3,True,9.2403,0.6351,27
c9a0837e-a258-43a7-980c-493b7ab994cc,Vivid Floors,Vale Effect,Burning IV,2020-06-10,Hip-Hop,214169,17,0.9401,0.4829,7,-10.73,0,0.0209,131.97,5263,AU,False,Stardust Label,2020,6,Wednesday,3.57,Low,Moderate,G,Minor,False,Q2,False,8.5686,0.672,7
d07ed3a0-0116-4a80-af54-b94424796d4b,Memories,Knot Hart,Chapters,2025-03-13,Rock,217315,34,0.5556,0.7051,9,-9.17,1,0.0048,146.93,24043,ZA,False,RCA Records,2025,3,Thursday,3.62,Medium,Moderate,A,Major,False,Q1,False,10.0876,0.6285,12111
99f4db51-cee8-408b-97e2-10e2a7fa21a6,Scars,Ethereal,Fading Lights,2022-11-06,K-Pop,244038,46,0.7247,0.9678,6,-2.95,1,0.0319,120.59,166314,CA,True,Stardust Label,2022,11,Sunday,4.07,Medium,Loud,F#,Major,True,Q4,True,12.0216,0.7636,3232
e19ced80-c618-4e09-846a-d15562de25c6,Circles,FlareArc,Deep Worlds,2024-09-03,Hip-Hop,186120,10,0.8923,0.695,0,-6.51,1,0.0745,144.97,4665,TH,False,Prism Audio,2024,9,Tuesday,3.1,Low,Moderate,C,Major,False,Q3,False,8.4481,0.7563,165
66aefcdc-5c1b-4fd8-b724-de5afc28cbc9,Burning Dreams,The Wests,Night,2021-04-19,R&B,159693,70,0.6387,0.5724,3,-7.82,0,0.0481,97.54,1849847,MX,False,Warner Music Group,2021,4,Monday,2.66,High,Moderate,D#,Minor,False,Q2,False,14.4306,0.5381,293
d1099bf0-6a95-4f38-a897-070596291136,Heavy Dark Wings,Knot Hart,Dark Ghosts,2022-10-02,R&B,169616,26,0.652,0.476,7,-9.06,1,0.004,97.66,27476,US,False,Horizon Records,2022,10,Sunday,2.83,Medium,Moderate,G,Major,False,Q4,True,10.2211,0.505,12111
02154235-9554-4f50-a713-50b530ebdf51,Velvet,Dusk Jay,Chronicles,2023-03-28,Country,270562,45,0.6109,0.5311,4,-14.02,0,0.0338,122.5,114828,IT,False,Warner Music Group,2023,3,Tuesday,4.51,Medium,Quiet,E,Minor,False,Q1,False,11.6512,0.5461,82
3bf8f581-9c64-4bb0-95af-ad2a1f321ac5,The Voices,Knot Hart,The Silent Fragments,2023-01-11,Pop,265601,37,0.8403,0.7162,2,-4.94,1,0.0268,87.35,58610,IN,True,Catalyst Records,2023,1,Wednesday,4.43,Medium,Loud,D,Major,True,Q1,False,10.9787,0.6617,12111
fb9a1e7e-903f-4277-9e88-1d23eb507741,Young Kind Waves,Knot Hart,Dark II,2023-02-13,R&B,192178,14,0.5821,0.7071,1,-5.7,1,0.0114,98.39,7329,US,True,Def Jam Recordings,2023,2,Monday,3.2,Low,Loud,C#,Major,True,Q1,False,8.8997,0.5705,12111
5efaa731-4751-4829-959a-77cbbc96f125,Oceans,ElaraRain,Verses,2025-11-08,Rock,192567,39,0.4804,0.8479,11,-4.72,1,0.0802,97.15,78765,IN,False,Horizon Records,2025,11,Saturday,3.21,Medium,Loud,B,Major,False,Q4,True,11.2742,0.5844,1111
7739c9cc-9c29-4954-aa9e-d4fbc0a31795,Pulling Lights,The Dawns,Inner II,2025-09-29,Pop,272659,32,0.8143,0.455,6,-12.15,1,0.0036,105.37,18904,US,False,Catalyst Records,2025,9,Monday,4.54,Medium,Quiet,F#,Major,False,Q3,False,9.8472,0.5725,750
8c987f94-5114-4f3c-9566-582e6699d1b3,Urban Bones,The Dawns,Deep Ghosts,2025-07-17,Folk,215616,18,0.3083,0.1929,8,-10.92,0,0.0277,131.42,6848,MX,False,Echo Studios,2025,7,Thursday,3.59,Low,Moderate,G#,Minor,False,Q3,False,8.8319,0.3025,750
f8b42181-3e88-4d2c-a866-c4632a243963,Hiding Roads,Knot Hart,Lost Skies,2024-08-29,R&B,197551,14,0.6919,0.4252,11,-10.92,0,0.0215,112.66,450,MY,False,Warner Music Group,2024,8,Thursday,3.29,Low,Moderate,B,Minor,False,Q3,False,6.1115,0.5221,12111
ef30214a-8091-4663-bf81-8c71c63538ad,Shattered Wings,CrestNova,Neon Heart,2023-10-27,Rock,288095,33,0.5002,0.4986,1,-10.67,1,0.0755,152.67,38307,US,False,Epic Records,2023,10,Friday,4.8,Medium,Moderate,C#,Major,False,Q4,False,10.5534,0.5319,44
87b611da-c297-406b-bd94-b3c076e29bfe,Hidden,IsleEyre,Ancient Nights,2021-07-14,K-Pop,160696,30,0.8028,1.0,11,0.0,1,0.0205,141.35,76931,MX,True,Atlantic Records,2021,7,Wednesday,2.68,Medium,Loud,B,Major,True,Q3,False,11.2507,0.8373,5271
178cbca6-225a-4c93-9d5f-3c8943f38cc1,Hidden,Knot Hart,Crimson Roads,2020-04-03,R&B,184665,7,0.7643,0.465,0,-12.17,0,0.0329,86.96,6400,BR,False,Neon Label,2020,4,Friday,3.08,Low,Quiet,C,Minor,False,Q2,False,8.7642,0.5302,12111
08b9f0bc-47d8-488f-86a9-785047037a8a,Jagged Worlds,Ivy Cross,Volume,2021-05-21,EDM,190742,43,0.6793,0.9538,2,-2.3,1,0.1008,135.51,81106,AU,True,Sony Music Entertainment,2021,5,Friday,3.18,Medium,Loud,D,Major,True,Q2,False,11.3035,0.7611,50
d6d11353-e60a-498a-a190-1d66a2e4e36e,Heavy Waves,Synapse,Voices,2023-05-02,EDM,194980,32,0.58,0.9,8,-3.61,0,0.0448,124.81,11576,US,False,Apex Records,2023,5,Tuesday,3.25,Medium,Loud,G#,Minor,False,Q2,False,9.3568,0.6846,11
a6e8444c-bc2f-43ab-9aeb-ccbf5ac2f5c8,Voices,Edge Brooks,Dark Circles,2021-07-14,Hip-Hop,167009,28,0.684,0.3777,1,-7.7,1,0.0045,122.09,6522,EG,True,Wavelength Records,2021,7,Wednesday,2.78,Medium,Moderate,C#,Major,True,Q3,False,8.7831,0.5134,65
b8e3cb88-fa05-412e-b3c1-d1a563944d1a,Mountains,The Veils,Oceans,2022-10-11,Afrobeats,208037,11,0.7476,0.6986,1,-4.96,1,0.0473,104.65,2080,US,False,Epic Records,2022,10,Tuesday,3.47,Low,Loud,C#,Major,False,Q4,False,7.6406,0.6423,86
1d34a31a-fb34-4618-9c95-1595ba91924d,The Soul,BlazeCore,The Velvet Chapters,2025-09-18,Country,165174,19,0.6584,0.6345,3,-10.48,0,0.0756,120.77,3949,US,False,Capitol Records,2025,9,Thursday,2.75,Low,Moderate,D#,Minor,False,Q3,False,8.2815,0.604,460
b1ae61ea-a718-4b02-a313-642e1e9a903c,Circles,ValeGlass,Velvet Edges,2024-05-10,Pop,203146,31,0.7325,0.779,3,-4.91,0,0.0095,135.27,82480,BR,True,Echo Studios,2024,5,Friday,3.39,Medium,Loud,D#,Minor,True,Q2,False,11.3203,0.7121,981
3a3694e0-4007-4b8d-b709-d1d2a328b34b,Lost Bridges,Knot Hart,Cloudy Circles,2024-09-17,Pop,181616,22,0.7369,0.3361,4,-11.18,1,0.121,103.94,29928,FR,False,Catalyst Records,2024,9,Tuesday,3.03,Low,Moderate,E,Major,False,Q3,False,10.3066,0.492,12111
2c456e48-12f7-40a0-8157-d388c1f0e133,Thunder,Ethereal,Silent Bridges,2022-10-16,Pop,120810,11,0.5587,0.6098,2,-9.32,0,0.0057,105.62,3394,GB,True,Self-Released,2022,10,Sunday,2.01,Low,Moderate,D,Minor,True,Q4,True,8.1301,0.5326,3232
56475627-4278-4397-8aa4-c05c8745b725,Cloudy Roses,Ethereal,Notes,2022-05-10,Pop,154024,25,0.7143,0.8855,11,-5.45,1,0.02,104.85,3992,IT,False,Nova Records,2022,5,Tuesday,2.57,Medium,Loud,B,Major,False,Q2,False,8.2923,0.704,3232
082037a0-d242-4cf7-b01f-05b28457e419,Deep Harbors,IsleEyre,Paper Demons,2025-10-26,Rock,192005,15,0.3158,0.8896,10,-9.17,1,0.0377,167.34,2385,ES,False,Neon Label,2025,10,Sunday,3.2,Low,Moderate,A#,Major,False,Q4,True,7.7774,0.6355,5271
e9ef6d0c-a17d-4371-b240-2f11a9b1e71b,Mystic Winds,Isle Jay,Heavy Roses,2022-10-29,Latin,211706,46,0.651,0.7023,0,-6.31,1,0.0451,117.11,130466,US,False,Stardust Label,2022,10,Saturday,3.53,Medium,Moderate,C,Major,False,Q4,True,11.7789,0.6229,241
1a63289a-c2b5-4f07-b8ec-198c5f6af4cb,Mystic Bones,SethStone,The Crystal Portraits,2023-02-18,Pop,201761,67,0.7839,0.6012,2,-5.69,1,0.0091,126.14,1294104,US,False,Def Jam Recordings,2023,2,Saturday,3.36,High,Loud,D,Major,False,Q1,True,14.0733,0.6485,1486
712cdc83-c9d3-47bd-bd02-0380ac7c72e5,Paper Mirrors,Knot Hart,Twisted Streets,2023-02-02,R&B,183292,17,0.5438,0.3294,7,-8.42,0,0.0366,132.2,3376,GB,False,Stardust Label,2023,2,Thursday,3.05,Low,Moderate,G,Minor,False,Q1,False,8.1247,0.4524,12111
e4eca7b0-5ed7-4d8a-927f-e052087324eb,Deep Winds,Knot Hart,Tales,2021-08-15,R&B,198378,44,0.8922,0.5337,1,-10.07,1,0.013,119.8,49057,MX,False,Republic Records,2021,8,Sunday,3.31,Medium,Moderate,C#,Major,False,Q3,True,10.8008,0.6558,12111
fc84f49d-1c86-43be-8585-bde8bb3a5274,Storm,Jasper Cloud,Silver,2021-03-14,EDM,149009,44,0.6884,0.8927,3,-6.05,0,0.1434,113.48,93030,GB,True,Prism Audio,2021,3,Sunday,2.48,Medium,Moderate,D#,Minor,True,Q1,True,11.4407,0.7088,327
a17a25f2-2a52-4a81-bb06-e78b9c0a1d2d,Sacred Love,Knot Hart,Ancient Mountains,2025-12-04,Latin,157538,20,1.0,0.6559,0,-6.86,1,0.0442,124.08,71595,US,False,Apex Records,2025,12,Thursday,2.63,Low,Moderate,C,Major,False,Q4,False,11.1788,0.7539,12111
c153bf8c-0663-41f7-837e-8f0adad264f3,Waiting Whispers,Haze Project,Cosmic Bones,2022-10-25,Alternative,284493,11,0.4535,0.8276,11,-4.5,0,0.0154,102.82,3560,AU,False,Spectrum Music,2022,10,Tuesday,4.74,Low,Loud,B,Minor,False,Q4,False,8.1778,0.5736,71
f378f78f-42bd-4745-a3cc-b1f9db5b1a5b,Drowning Echoes,SethStone,The Electric Stories,2022-09-14,Metal,181390,13,0.4508,1.0,8,-4.1,1,0.0089,134.5,2244,GB,False,Independent,2022,9,Wednesday,3.02,Low,Loud,G#,Major,False,Q3,False,7.7165,0.6867,1486
2fdd21ec-196c-4800-98b8-aa209005a32c,Hollow Eternal Shadows,Rocco Ore,Midnight Circles,2025-12-31,R&B,212037,25,0.6948,0.6863,11,-7.34,1,0.0037,109.34,37774,ES,False,Stardust Label,2025,12,Wednesday,3.53,Medium,Moderate,B,Major,False,Q4,False,10.5394,0.6229,1709
c1c32c20-e9e1-43aa-8437-2c46ea95b72e,Storm,The Dawns,Crimson Doors,2023-02-22,Pop,193197,31,0.9073,0.4473,10,-7.55,1,0.0227,111.66,23604,IN,True,Epic Records,2023,2,Wednesday,3.22,Medium,Moderate,A#,Major,True,Q1,False,10.0692,0.6156,750
79a75811-be81-4a60-a5c9-b93ff402bd1e,Heavy Oceans,Paradox,Quiet Circles,2022-09-14,R&B,301796,28,0.6943,0.3496,0,-8.34,1,0.0964,122.99,30520,GB,True,RCA Records,2022,9,Wednesday,5.03,Medium,Moderate,C,Major,True,Q3,False,10.3262,0.5075,62
b9e3a6c3-0333-49d8-9682-d1e6bf946e59,Neon Floors,Ethereal,Twisted,2023-02-11,Pop,212654,24,0.7205,0.6481,0,-6.79,1,0.0488,125.58,10640,MX,False,Stardust Label,2023,2,Saturday,3.54,Low,Moderate,C,Major,False,Q1,True,9.2725,0.6411,3232
492f0035-5cd3-4722-b0b1-8346aa1d6555,Lost Angels,Aria Rose,The Deep Portraits,2021-12-05,Hip-Hop,170300,42,0.7618,0.441,2,-9.52,1,0.0127,128.02,15126,US,True,Stardust Label,2021,12,Sunday,2.84,Medium,Moderate,D,Major,True,Q4,True,9.6242,0.5783,346
f37eb766-1eea-40a7-9ffb-cf40fb88d68c,The Pages,Frost Nova,Empty Wings,2021-07-04,Latin,227997,36,0.7512,0.69,0,-7.93,1,0.0003,121.65,20240,NG,True,Horizon Records,2021,7,Sunday,3.8,Medium,Moderate,C,Major,True,Q3,True,9.9155,0.6646,862
b97ed753-355e-4bda-a692-2dd6b6e7de31,Hollow,IsleEyre,Dark Thunder,2020-09-16,Pop,199992,25,0.8198,0.8392,2,-3.91,1,0.0422,130.7,4734,US,False,Apex Records,2020,9,Wednesday,3.33,Medium,Loud,D,Major,False,Q3,False,8.4627,0.7646,5271
363c85ce-6671-4602-ab0f-697f754a8d71,Vivid Cosmic Storm,Ember Cloud,Wicked Voices,2024-08-27,Country,293213,30,0.6664,0.6594,1,-6.4,1,0.0262,142.79,24595,IT,True,Cipher Music,2024,8,Tuesday,4.89,Medium,Moderate,C#,Major,True,Q3,False,10.1103,0.6486,33
4bd5437a-8cad-46b0-9a51-7b09316d4e34,Hidden Roads,LakeWilde,Stories,2022-06-02,K-Pop,232695,14,0.7297,0.7687,7,-9.09,1,0.0886,123.49,4199,JP,False,Horizon Records,2022,6,Thursday,3.88,Low,Moderate,G,Major,False,Q2,False,8.3428,0.6901,116
2a5e5c48-107c-4395-8f81-cd3d435ff22e,Silent Twisted Skies,BlazeCore,The Cloudy Revolutions,2024-03-18,Country,186003,17,0.6529,0.5175,8,-9.85,1,0.0964,93.91,16041,US,False,Neon Label,2024,3,Monday,3.1,Low,Moderate,G#,Major,False,Q1,False,9.683,0.5166,460
82132f3e-a97d-487e-944d-b22885b7c945,Leaving Voices,Haze Project,Archives,2021-07-07,Alternative,202237,16,0.249,0.5999,0,-7.87,1,0.1649,140.12,2323,CA,True,Republic Records,2021,7,Wednesday,3.37,Low,Moderate,C,Major,True,Q3,False,7.751,0.454,71
497b8be3-0283-4485-94e3-e9a5bfea83b2,Paper Thunder,Dusk Bay,Crystal Keys,2020-12-08,EDM,182710,27,0.6063,0.8318,5,-4.2,1,0.0229,137.21,20873,US,False,Warner Music Group,2020,12,Tuesday,3.05,Medium,Loud,F,Major,False,Q4,False,9.9463,0.6855,41
aa3883e2-6a0c-4afe-8ad7-2330eb5cafa6,Jagged Whispers,Phantasm,The Empty Tapes,2025-10-22,Trap,215082,44,0.904,0.7139,2,-6.24,1,0.0024,135.22,381324,US,False,Pulse Records,2025,10,Wednesday,3.58,Medium,Moderate,D,Major,False,Q4,False,12.8514,0.7546,242
ea69093e-9bcf-4e06-827c-c529d4500dc4,The Floors,Prism Core,Night,2020-05-15,Rock,164372,14,0.3798,0.7632,0,-7.1,0,0.2591,137.96,17869,CL,False,Independent,2020,5,Friday,2.74,Low,Moderate,C,Minor,False,Q2,False,9.7909,0.5686,64
e2456a7f-fc22-4032-8bfc-7857cdd52a75,Reaching Eyes,The Wests,Blinding IV,2025-05-23,R&B,223789,13,0.6606,0.4323,1,-7.42,1,0.0124,113.47,7663,PL,False,Self-Released,2025,5,Friday,3.73,Low,Moderate,C#,Major,False,Q2,False,8.9443,0.5135,293
31f19fb0-a787-482d-ae53-50affe72a03c,Floating Angels,Aria Rose,The Kind Volume,2025-08-26,Hip-Hop,269782,23,0.7759,0.44,10,-11.91,1,0.0011,97.28,20180,BR,True,Apex Records,2025,8,Tuesday,4.5,Low,Moderate,A#,Major,True,Q3,False,9.9125,0.5396,346
bee85d7e-2a38-402f-8656-965edfaf2e2e,Wicked Heart,Crest Jay,Crimson Flames,2023-03-29,EDM,227318,14,0.6285,0.8512,8,-10.61,1,0.1883,141.56,17936,US,False,Self-Released,2023,3,Wednesday,3.79,Low,Moderate,G#,Major,False,Q1,False,9.7946,0.7084,635
26f3f770-d2f6-4b61-9cd3-43992513992a,Roses,Drake Jay,Endless Demons,2023-10-30,Pop,254635,35,0.687,0.5031,1,-5.28,1,0.0438,110.76,16369,FR,False,Independent,2023,10,Monday,4.24,Medium,Loud,C#,Major,False,Q4,False,9.7032,0.5486,186
2943cec9-4aec-4ce9-be89-02da58194761,Bitter Open Heart,Knot Hart,The Velvet Verses,2023-08-10,R&B,201111,3,0.8619,0.6188,5,-8.93,0,0.0083,102.04,895,MX,False,Catalyst Records,2023,8,Thursday,3.35,Low,Moderate,F,Minor,False,Q3,False,6.7979,0.6523,12111
3f5fa1bf-23d4-42cb-9a0c-4a2ef6639a69,Fading Roses,Knot Storm,Tapes,2025-02-27,Hip-Hop,230675,10,0.6162,0.4587,9,-8.5,1,0.0381,138.29,7314,PT,False,Cipher Music,2025,2,Thursday,3.84,Low,Moderate,A,Major,False,Q1,False,8.8977,0.5418,42
1b1d68b3-20cb-483a-b85e-60bd82f26178,Hiding Skies,Bloom Arc,The Velvet Journeys,2025-12-07,Pop,181617,35,0.5147,0.7495,11,-7.62,1,0.0026,145.82,30073,JP,False,Wavelength Records,2025,12,Sunday,3.03,Medium,Moderate,B,Major,False,Q4,True,10.3114,0.6283,51
f5cbcba3-35f5-4fa8-ad38-2429f269f266,Breaking Mountains,Knot Hart,Urban Gardens,2022-02-07,R&B,189915,19,0.7291,0.583,8,-8.04,1,0.0285,119.28,2615,DE,True,Indie Collective,2022,2,Monday,3.17,Low,Moderate,G#,Major,True,Q1,False,7.8694,0.6095,12111
0df96767-e8ba-4d27-a2e9-281513cb3d92,The Wings,Seth Nova,Ancient Roads,2023-06-13,EDM,199047,19,0.8748,0.7972,6,-2.62,1,0.2328,140.57,9928,US,False,Neon Label,2023,6,Tuesday,3.32,Low,Loud,F#,Major,False,Q2,False,9.2032,0.7839,86
9eb01f20-f41e-443d-88ba-3fa22a0e063a,The Pages,Knot Hart,Electric Love,2025-03-07,R&B,252538,23,0.6395,0.5449,0,-6.84,0,0.0076,120.5,14070,BR,False,Catalyst Records,2025,3,Friday,4.21,Low,Moderate,C,Minor,False,Q1,False,9.5519,0.5602,12111
b0dbe5dc-e2af-4f21-b6c0-7043357c443d,Hidden Fire,IsleEyre,Dark,2022-07-27,Pop,224892,77,0.7914,0.6291,11,-8.74,0,0.0677,125.97,2810374,BR,False,Interscope Records,2022,7,Wednesday,3.75,Very High,Moderate,B,Minor,False,Q3,False,14.8488,0.6624,5271
c5594a03-f588-47f6-a6a3-2ee279d3a91c,Falling Roads,The Flints,Neon Ghosts,2024-08-11,K-Pop,258093,42,0.4632,1.0,4,-7.06,0,0.0149,133.69,121082,FR,False,Neon Label,2024,8,Sunday,4.3,Medium,Moderate,E,Minor,False,Q3,True,11.7042,0.6906,181
76aaffef-545a-4d95-9ab9-5ab518cb7a22,Empty Fierce Oceans,Knot Hart,Empty Floors,2025-08-13,R&B,161008,14,0.7425,0.5107,8,-9.43,1,0.0244,133.5,7071,NZ,False,Neon Label,2025,8,Wednesday,2.68,Low,Moderate,G#,Major,False,Q3,False,8.8639,0.6063,12111
d14b2948-ff08-419e-b089-c47e864703a4,Blinding Lines,Rhys Knight,Hidden Echoes,2023-04-08,Pop,221655,19,0.549,0.8493,3,-6.03,1,0.1159,125.17,3319,GB,False,Republic Records,2023,4,Saturday,3.69,Low,Moderate,D#,Major,False,Q2,True,8.1077,0.6524,100
6a1bb521-88e1-458e-a61d-1dce2b8b399c,Open,The Brookss,Open,2021-01-03,Classical,148138,13,0.2732,0.1405,1,-10.87,0,0.2795,60.0,7248,IN,False,Bedroom Records,2021,1,Sunday,2.47,Low,Moderate,C#,Minor,False,Q1,True,8.8886,0.1655,71
ffc8b83d-bb46-495c-a96d-bc3a99d50379,Broken Jagged Edges,SethStone,Fragments,2025-07-10,Metal,228346,23,0.6587,0.7736,3,-5.44,1,0.2936,120.8,18206,KR,False,Atlantic Records,2025,7,Thursday,3.81,Low,Loud,D#,Major,False,Q3,False,9.8096,0.6598,1486
dd2c6015-7dac-4a19-9176-460254fea42a,Yearning Winds,Knot Hart,Chronicles,2023-09-03,R&B,298831,45,0.5471,0.4298,6,-9.43,1,0.0022,92.85,40559,MY,False,Catalyst Records,2023,9,Sunday,4.98,Medium,Moderate,F#,Major,False,Q3,True,10.6105,0.4377,12111
f083357b-dec8-4b8c-86d3-9a18e6a81c7d,Falling Flames,IsleEyre,Harbors,2020-04-18,Hip-Hop,208471,8,0.5343,0.5845,0,-7.71,1,0.0199,114.66,489,BR,False,Warner Music Group,2020,4,Saturday,3.47,Low,Moderate,C,Major,False,Q2,True,6.1944,0.5256,5271
732ebd59-fc5c-4757-8921-5380c69ce3a5,Gentle Eternal Edges,Crest Jay,Diaries,2025-07-30,EDM,320817,9,0.8933,0.7701,4,-5.78,0,0.1142,126.47,4172,ID,False,Universal Music Group,2025,7,Wednesday,5.35,Low,Loud,E,Minor,False,Q3,False,8.3364,0.7603,635
51a850c5-44eb-49ce-98ea-67f4525d9561,Raw Skies,Titan Project,The Golden Revolutions,2020-10-17,Pop,257230,23,0.9114,0.7507,1,-1.45,0,0.0067,139.92,10927,KR,False,Bedroom Records,2020,10,Saturday,4.29,Low,Loud,C#,Minor,False,Q4,True,9.2991,0.779,13
791dd6d2-5f47-4fe3-97fb-f08edf2e00bc,Oceans,Phoenix Cloud,The Burning Volume,2024-07-26,Trap,158121,28,0.9833,0.6869,3,-7.73,1,0.0174,132.54,9258,AR,False,Cipher Music,2024,7,Friday,2.64,Medium,Moderate,D#,Major,False,Q3,False,9.1334,0.7717,471
78000fdc-44a2-417b-964a-a8d797f85c97,Eternal Floors,IsleEyre,Cosmic Flames,2020-05-29,Pop,210627,17,0.8566,0.4469,11,-8.08,0,0.0002,112.77,6577,AR,True,Atlantic Records,2020,5,Friday,3.51,Low,Moderate,B,Minor,True,Q2,False,8.7915,0.5968,5271
5ab5158b-9378-43a3-8e0d-7f843145f1d3,Fire,Phoenix Cloud,Sacred I,2024-06-07,Trap,217115,18,0.8218,0.6549,6,-7.45,1,0.0148,181.64,14607,SE,True,Bedroom Records,2024,6,Friday,3.62,Low,Moderate,F#,Major,True,Q2,False,9.5893,0.7645,471
d1bd6634-44ec-449f-8ab5-e4b4366025e1,Whispers,ElaraRain,Hollow I,2022-04-12,Rock,213031,24,0.735,0.7205,5,-8.61,1,0.0908,120.37,7425,PL,True,Independent,2022,4,Tuesday,3.55,Low,Moderate,F,Major,True,Q2,False,8.9127,0.6684,1111
109d0af0-1a32-4d3c-b6b5-309f72ffb9bb,Rivers,Lola North,The Twisted Dimensions,2022-11-06,Country,175245,24,0.5955,0.2526,5,-11.54,1,0.0496,132.52,8215,NL,False,Pulse Records,2022,11,Sunday,2.92,Low,Moderate,F,Major,False,Q4,True,9.0138,0.4428,155
500008d6-65fb-49f7-b5cc-0e2683839aee,Drifting Roads,Knot Hart,Ancient Flames,2025-11-18,Latin,222161,24,0.8114,0.9046,4,-7.91,1,0.0018,143.55,16317,MY,True,Prism Audio,2025,11,Tuesday,3.7,Low,Moderate,E,Major,True,Q4,False,9.7,0.8058,12111
b294c54e-34f7-4e88-9f55-998874411716,Keys,Blake Crow,Invisible,2025-12-05,R&B,215301,30,0.8366,0.5433,2,-13.6,1,0.0082,112.86,6128,GB,False,Bedroom Records,2025,12,Friday,3.59,Medium,Quiet,D,Major,False,Q4,False,8.7208,0.6275,179
597201c2-0ae3-46fd-bac7-13e219b9aa4d,Mirrors,ElaraRain,Tales,2020-09-22,EDM,223404,31,0.727,0.7873,4,-7.12,1,0.0513,121.7,19763,US,True,Indie Collective,2020,9,Tuesday,3.72,Medium,Moderate,E,Major,True,Q3,False,9.8916,0.6939,1111
4e7ed39e-4903-4821-a415-d6c4df519eb1,The Nights,Shade Empire,Urban,2024-09-19,Indie,242087,29,0.7437,0.6875,9,-7.65,1,0.0559,112.49,21839,MX,False,Prism Audio,2024,9,Thursday,4.03,Medium,Moderate,A,Major,False,Q3,False,9.9915,0.6475,14
4c6d89a5-b37e-4df6-aa24-1f83a03d4188,Paper,IsleEyre,Urban Shadows,2025-02-11,Pop,227641,19,0.4885,0.4959,1,-8.94,0,0.001,97.97,6550,BR,False,Spectrum Music,2025,2,Tuesday,3.79,Low,Moderate,C#,Minor,False,Q1,False,8.7874,0.448,5271
e2403da6-6d0d-41bc-a62a-fba11a8ac173,The Echoes,Phoenix Cloud,Endless Roads,2025-08-11,Trap,207618,11,0.7614,0.5986,4,-10.16,1,0.0378,150.75,903,SE,False,Pulse Records,2025,8,Monday,3.46,Low,Moderate,E,Major,False,Q3,False,6.8068,0.6736,471
1624ab02-915a-4bd4-9abc-c0727f176c1b,Roses,Wave Drake,The Heavy Chronicles,2020-08-12,Rock,273694,33,0.3923,0.8976,6,-9.58,1,0.0079,152.61,15211,US,False,Interscope Records,2020,8,Wednesday,4.56,Medium,Moderate,F#,Major,False,Q3,False,9.6298,0.6483,24
39e96521-27e4-4244-b2d0-7f3b7ae58289,Harbors,Knot Hart,Mountains,2021-12-13,R&B,293014,14,0.6727,0.2706,11,-8.51,1,0.0118,96.6,3182,CA,False,Drift Music,2021,12,Monday,4.88,Low,Moderate,B,Major,False,Q4,False,8.0656,0.4296,12111
850f1884-6c09-4dd0-b5dd-a63ac6cba2b2,Midnight,Monolith,Verses,2025-10-31,Hip-Hop,247589,34,0.9774,0.7666,2,-4.79,0,0.0022,139.11,72406,CA,True,Stardust Label,2025,10,Friday,4.13,Medium,Loud,D,Minor,True,Q4,False,11.1901,0.8106,18
fdeaa20e-6c22-40ab-9644-31be0ebf04f1,The Eyes,Jasper Cloud,The Jagged Records,2021-08-06,Pop,182751,36,0.6345,0.8149,11,-5.97,1,0.0359,128.59,31202,DE,True,Midnight Records,2021,8,Friday,3.05,Medium,Loud,B,Major,True,Q3,False,10.3483,0.6777,327
80954ba0-694e-4ad3-9b6a-bdbccb26f213,Chains,Knot Hart,Wings,2021-08-23,R&B,215134,43,0.6738,0.5751,6,-10.66,0,0.0509,119.37,39094,US,False,Echo Studios,2021,8,Monday,3.59,Medium,Moderate,F#,Minor,False,Q3,False,10.5737,0.5844,12111
6cf3757e-cc77-4b6f-b0fe-57c74d193034,Raw Whispers,IsleEyre,Hidden,2025-05-27,Pop,109791,32,0.5734,0.6886,6,-10.99,1,0.0132,115.01,30727,ID,False,Catalyst Records,2025,5,Tuesday,1.83,Medium,Moderate,F#,Major,False,Q2,False,10.3329,0.5834,5271
d2f9414c-a3fd-4534-a4b0-c70a97d54219,Streets,Phantasm,Electric Fire,2022-02-25,Trap,102586,34,0.689,0.5077,4,-12.98,1,0.0244,147.22,49834,US,False,Catalyst Records,2022,2,Friday,1.71,Medium,Quiet,E,Major,False,Q1,False,10.8165,0.6033,242
5c188ae1-8336-4b82-a2f4-245df2e1859f,Jagged Mirrors,Knot Hart,Eyes,2022-07-05,Pop,169898,12,0.6783,0.6735,0,-3.92,1,0.0076,109.55,1978,PH,False,Catalyst Records,2022,7,Tuesday,2.83,Low,Loud,C,Major,False,Q3,False,7.5903,0.6115,12111
d27f93b8-913a-4bca-8cc3-668d2a9edebe,Cloudy Demons,The Dawns,Bitter Doors,2022-03-02,Pop,241606,1,0.8663,0.5669,9,-7.18,1,0.0152,106.98,325,MY,False,Self-Released,2022,3,Wednesday,4.03,Low,Moderate,A,Major,False,Q1,False,5.7869,0.6404,750
45b102a2-c8a4-46ec-9ea1-602158247542,Streets,IsleEyre,The Endless Chapters,2023-08-09,Pop,240511,26,0.6873,0.6522,0,-8.93,1,0.0418,114.35,15250,CL,False,Republic Records,2023,8,Wednesday,4.01,Medium,Moderate,C,Major,False,Q3,False,9.6324,0.6134,5271
5c6a18bc-d36e-4cf3-a63b-57d38fd4382e,Glass Storm,Luna Ink,Tales,2022-06-22,Hip-Hop,207554,21,0.6517,0.5864,10,-6.26,1,0.0403,159.65,3670,US,False,Stardust Label,2022,6,Wednesday,3.46,Low,Moderate,A#,Major,False,Q2,False,8.2082,0.6376,577
caf00995-5ec2-4bb1-bcf2-23db8328ebfa,Open Fleeting Heart,Knot Hart,Urban V,2024-08-13,R&B,177814,22,0.6381,0.6233,10,-7.15,1,0.0,122.57,7769,US,True,Island Records,2024,8,Tuesday,2.96,Low,Moderate,A#,Major,True,Q3,False,8.958,0.5939,12111
780fd84b-191f-4803-ad20-ea03489010fb,Waves,Bloom Arc,Blinding III,2022-12-15,Rock,153135,3,0.7499,0.7581,0,-7.03,1,0.1707,123.31,2069,FR,False,Indie Collective,2022,12,Thursday,2.55,Low,Moderate,C,Major,False,Q4,False,7.6353,0.6936,51
831e922d-9a42-48d1-9ba6-a4ddfd1d0297,Dark Islands,Vera Nova,Wicked Night,2021-12-02,Pop,189794,27,0.7053,0.4533,3,-10.69,1,0.0082,143.57,8600,MY,True,Apex Records,2021,12,Thursday,3.16,Medium,Moderate,D#,Major,True,Q4,False,9.0596,0.5828,7
a6638e6c-7dd1-4c1c-86bd-777a5a88f12b,Tears,Frost Frost,The Urban Records,2021-04-06,Hip-Hop,175731,36,0.7909,0.6856,3,-8.43,0,0.0301,125.58,47237,GB,False,Prism Audio,2021,4,Tuesday,2.93,Medium,Moderate,D#,Minor,False,Q2,False,10.763,0.6843,14
b98d106e-f6f2-44df-a748-d05589eadbf8,Fading Mountains,Jasper Jade,Vivid III,2022-02-18,Pop,170001,56,0.7247,0.6116,3,-7.35,1,0.0352,128.47,543076,PL,False,Capitol Records,2022,2,Friday,2.83,High,Moderate,D#,Major,False,Q1,False,13.205,0.6323,181
e08f324b-a0ad-4c03-bde7-c9e450c2ea4b,Hollow Islands,Knot Hart,Neon Scars,2024-06-08,R&B,156964,9,0.7527,0.5788,4,-6.27,1,0.046,139.41,2420,SG,True,Interscope Records,2024,6,Saturday,2.62,Low,Moderate,E,Major,True,Q2,True,7.7919,0.646,12111
b340941f-5bc0-40e4-9ca6-765d17cf94a0,Wild Lights,FlareArc,Dark Floors,2021-03-19,Pop,195634,35,0.6171,0.6157,2,-4.91,0,0.0041,109.32,34356,CO,False,Neon Label,2021,3,Friday,3.26,Medium,Loud,D,Minor,False,Q1,False,10.4446,0.5636,165
3b22f690-102a-4ab5-bf84-65e175ea7c7c,Crawling Night,Knot Hart,Islands,2025-07-06,R&B,174263,39,0.7992,0.6087,9,-6.3,1,0.0125,131.27,196082,US,False,Def Jam Recordings,2025,7,Sunday,2.9,Medium,Moderate,A,Major,False,Q3,True,12.1863,0.665,12111
8eb41228-6dcc-4ee0-9709-b67c28eabf13,Quiet Love,Knot Hart,Floors,2025-07-05,R&B,281245,29,0.9865,0.5978,11,-9.98,0,0.028,121.52,22358,DE,False,Drift Music,2025,7,Saturday,4.69,Medium,Moderate,B,Minor,False,Q3,True,10.015,0.7216,12111
154f7dc6-23e5-4d27-bc3d-aa5e4457880e,The Circles,IsleEyre,Paper,2023-10-18,Pop,251699,40,0.6509,0.5374,3,-7.81,1,0.0176,110.3,109792,IN,False,Bedroom Records,2023,10,Wednesday,4.19,Medium,Moderate,D#,Major,False,Q4,False,11.6064,0.5472,5271
97f6d16c-0f06-4952-b5c7-e857ee3afb45,Turning Eyes,Rocco Ore,Chronicles,2021-05-02,R&B,174177,17,0.6944,0.5992,7,-6.08,1,0.0107,100.47,5145,US,False,Republic Records,2021,5,Sunday,2.9,Low,Moderate,G,Major,False,Q2,True,8.546,0.5753,1709
97b5caed-0422-432f-a5d6-e0e1f8cfe3cc,Night,The Zens,Gentle Islands,2020-01-10,Latin,262761,5,0.9124,0.6883,6,-10.1,1,0.0036,124.63,877,US,False,Pulse Records,2020,1,Friday,4.38,Low,Moderate,F#,Major,False,Q1,False,6.7776,0.7326,137
29e9759b-e9d8-4fe1-96cf-283066eee141,Cloudy Roads,Jasper Cloud,Burning V,2023-10-04,Rock,177267,17,0.574,0.9753,8,-8.17,0,0.0875,133.23,5589,ZA,False,Catalyst Records,2023,10,Wednesday,2.95,Low,Moderate,G#,Minor,False,Q4,False,8.6287,0.7243,327
96bb80de-808b-4310-b39e-48c41f95672f,The Demons,Sterling Zen,Young Doors,2024-06-17,Folk,251573,42,0.3028,0.4466,7,-8.17,0,0.034,130.92,143120,TH,False,Pulse Records,2024,6,Monday,4.19,Medium,Moderate,G,Minor,False,Q2,False,11.8714,0.4011,2268
dc67fe79-3e95-43bd-a872-a13011074eb1,Wicked Keys,IsleEyre,Shattered,2020-03-07,Pop,159495,31,0.7262,0.7275,2,-9.66,1,0.0004,91.93,11000,NG,False,Midnight Records,2020,3,Saturday,2.66,Medium,Moderate,D,Major,False,Q1,True,9.3057,0.6271,5271
b9faf249-bd63-4f7c-88ea-adba4fab209f,Dancing Gardens,Coral Spectrum,Distant Storm,2022-10-24,R&B,182513,14,0.7034,0.6691,8,-4.77,0,0.0537,105.48,2146,KR,False,Nova Records,2022,10,Monday,3.04,Low,Loud,G#,Minor,False,Q4,False,7.6718,0.614,9
aa98cea5-9f40-4377-afae-d3866fa3d61e,Bones,Sterling Zen,Velvet V,2025-09-09,Folk,168490,36,0.2995,0.377,7,-10.24,0,0.0135,136.61,109379,CO,True,Horizon Records,2025,9,Tuesday,2.81,Medium,Moderate,G,Minor,True,Q3,False,11.6026,0.38,2268
2d7775d1-66cf-4660-b74e-0e73c9e7f312,Roses,Sterling Zen,Kind Lights,2024-05-18,Folk,137169,32,0.4314,0.201,7,-14.17,1,0.0304,105.86,15819,CL,False,Universal Music Group,2024,5,Saturday,2.29,Medium,Quiet,G,Major,False,Q2,True,9.669,0.3185,2268
c91d6541-6b7d-4342-baca-152478accbe1,The Stars,Knot Hart,The Urban Stories,2025-03-04,Pop,188338,20,0.7014,0.5377,7,-11.35,1,0.0571,128.25,3594,FR,False,Midnight Records,2025,3,Tuesday,3.14,Low,Moderate,G,Major,False,Q1,False,8.1873,0.5931,12111
99b8cf92-4051-4d13-9eb3-1f4b5409cd4b,Fading Keys,Prism Club,Golden Harbors,2020-06-05,Folk,190707,9,0.431,0.3046,10,-7.59,1,0.2066,116.12,996,ES,True,Pulse Records,2020,6,Friday,3.18,Low,Moderate,A#,Major,True,Q2,False,6.9048,0.3744,105
8987cd19-7720-4eb5-9ee3-3d31fbe9c366,Shattered Love,Nirvana,Notes,2024-05-17,Rock,217384,21,0.6019,0.7187,6,-8.07,0,0.1864,96.3,1874,BR,False,Self-Released,2024,5,Friday,3.62,Low,Moderate,F#,Minor,False,Q2,False,7.5364,0.5801,328
d8277232-f711-4d2e-b5d1-e32bd4c6c6bd,Moving Stars,Knot Hart,Fierce,2022-01-17,Hip-Hop,241990,7,0.8888,0.7896,8,-8.43,1,0.0043,154.3,2714,AU,True,Spectrum Music,2022,1,Monday,4.03,Low,Moderate,G#,Major,True,Q1,False,7.9065,0.8061,12111
ad92aaf8-785c-4319-9fc2-380f6c179c9f,Night,Knot Hart,Empty Islands,2023-01-07,R&B,211746,15,0.6539,0.5864,6,-10.88,0,0.0035,100.18,12570,GB,False,Capitol Records,2023,1,Saturday,3.53,Low,Moderate,F#,Minor,False,Q1,True,9.4391,0.5535,12111
32690432-b549-4276-babe-986d9ea12856,Bridges,Aria Rose,Vivid Echoes,2023-10-15,Pop,257969,35,0.6596,0.4149,11,-9.34,0,0.0182,97.89,32162,IN,False,Epic Records,2023,10,Sunday,4.3,Medium,Moderate,B,Minor,False,Q4,True,10.3786,0.4839,346
c9c61792-3e95-4b85-9165-06ab5da721d3,Ghosts,BlazeCore,Cloudy Rivers,2025-12-09,Hip-Hop,256315,27,0.8491,0.5736,9,-7.33,0,0.039,117.76,33985,MX,True,Cipher Music,2025,12,Tuesday,4.27,Medium,Moderate,A,Minor,True,Q4,False,10.4337,0.6516,460
9cb0d94a-da96-4b5f-b944-866045e4e0ee,Bitter Edges,IsleEyre,Empty Streets,2024-05-01,Pop,253016,29,0.9424,0.6712,8,-7.09,1,0.0089,118.55,25177,JP,False,Prism Audio,2024,5,Wednesday,4.22,Medium,Moderate,G#,Major,False,Q2,False,10.1337,0.7291,5271
67597e33-2dc1-4b9c-9b1a-fbbc0871eb89,The Waves,The Wolfs,Stories,2021-04-08,Pop,233318,27,0.8067,0.6169,7,-6.83,1,0.0177,116.26,64381,US,True,Nova Records,2021,4,Thursday,3.89,Medium,Moderate,G,Major,True,Q2,False,11.0726,0.6498,20
65d6af3f-5f4e-44b2-837d-2cf38a607b85,Young Thunder,Knot Hart,Fragments,2020-12-27,R&B,244866,7,0.7178,0.2449,5,-12.03,1,0.004,73.58,1224,US,False,Echo Studios,2020,12,Sunday,4.08,Low,Quiet,F,Major,False,Q4,True,7.1107,0.4045,12111
79930950-8c3b-4e8a-b8bf-44cb12ae9394,Endless Keys,Sterling Zen,Sessions,2025-11-18,Folk,168868,24,0.3763,0.4093,1,-8.83,1,0.0441,78.29,21028,DE,False,Universal Music Group,2025,11,Tuesday,2.81,Low,Moderate,C#,Major,False,Q4,False,9.9537,0.3404,2268
848f5d2d-4cd6-43f3-bc4d-13abdab1f6c2,Velvet,DawnFlame,Silver,2020-12-22,Alternative,256839,42,0.4449,0.6563,0,-7.44,0,0.0422,117.52,44645,US,False,Neon Label,2020,12,Tuesday,4.28,Medium,Moderate,C,Minor,False,Q4,False,10.7065,0.5227,20
a3be544a-699d-475c-b7d7-500536aa3cf3,Flames,Sterling Zen,Journeys,2020-09-03,Folk,247139,39,0.0568,0.3163,9,-9.7,0,0.1354,92.79,27685,US,False,Def Jam Recordings,2020,9,Thursday,4.12,Medium,Moderate,A,Minor,False,Q3,False,10.2287,0.1961,2268
d4f1bd21-de4e-4fde-bfb2-2fb06e496703,Roads,Phoenix Cloud,Fading,2023-11-27,Trap,221109,13,0.8465,0.5189,6,-12.66,1,0.0026,164.76,3411,US,False,Midnight Records,2023,11,Monday,3.69,Low,Quiet,F#,Major,False,Q4,False,8.1351,0.6958,471
faed223c-c73d-4824-a732-a8a47bb61ea0,Nights,Ethereal,Tapes,2025-01-16,Pop,217446,21,0.579,0.5301,8,-8.23,1,0.0439,119.27,15823,BR,True,Wavelength Records,2025,1,Thursday,3.62,Low,Moderate,G#,Major,True,Q1,False,9.6693,0.5283,3232
e36d611c-1255-4031-9aae-319a6a3db578,The Edges,IsleEyre,Quiet Stars,2023-10-22,Pop,207860,57,0.8598,0.5527,11,-7.8,1,0.0172,128.57,193308,MY,False,Epic Records,2023,10,Sunday,3.46,High,Moderate,B,Major,False,Q4,True,12.172,0.663,5271
0ed43c7b-d2a1-4420-869e-23e779af6917,Ancient Ghosts,Nova Cipher,Gentle,2021-05-01,Punk,231062,9,0.5386,1.0,1,-6.76,0,0.0637,180.42,2996,DE,False,Universal Music Group,2021,5,Saturday,3.85,Low,Moderate,C#,Minor,False,Q2,True,8.0054,0.7875,9
70f2dbc5-fd35-45f0-aa48-c4f934fe41b6,Midnight Whispers,Ethereal,The Electric Journeys,2022-08-08,Pop,253615,20,0.6736,0.9078,1,-4.58,0,0.0924,145.37,3908,US,False,Columbia Records,2022,8,Monday,4.23,Low,Loud,C#,Minor,False,Q3,False,8.271,0.7545,3232
3a17e50c-937e-453a-9671-b93478c38213,Circles,The Thorns,Cloudy,2024-10-09,Metal,218725,9,0.3485,0.7054,8,-7.19,0,0.0223,172.49,2641,ES,False,Prism Audio,2024,10,Wednesday,3.65,Low,Moderate,G#,Minor,False,Q4,False,7.8793,0.5823,33
f1be5916-510d-4515-9be0-8519ea45ff51,Drowning Nights,Knot Hart,Eternal Streets,2025-08-08,R&B,156332,25,0.5755,0.656,11,-9.99,0,0.0236,95.1,34635,GB,False,Island Records,2025,8,Friday,2.61,Medium,Moderate,B,Minor,False,Q3,False,10.4526,0.5427,12111
5f01dd6e-f25e-4219-858f-9ef0ee049a49,The Lines,Knot Hart,Thunder,2024-02-19,Indie,217317,35,0.497,0.7242,4,-6.43,1,0.1368,116.46,24211,TH,False,Midnight Records,2024,2,Monday,3.62,Medium,Moderate,E,Major,False,Q1,False,10.0946,0.5691,12111
19765b36-35d9-4f5e-9784-e42b87a7d749,Ancient Edges,Knot Hart,Fleeting Nights,2022-02-18,R&B,225065,45,0.6625,0.6182,1,-6.33,1,0.0882,100.48,73942,JP,False,Horizon Records,2022,2,Friday,3.75,Medium,Moderate,C#,Major,False,Q1,False,11.211,0.5701,12111
bf216a87-73c6-48b0-b010-dfdae0881d43,Sinking Skies,BlazeCore,The Glass Volume,2021-01-03,Country,225037,10,0.7208,0.732,8,-8.19,1,0.0196,123.28,1860,GB,True,Apex Records,2021,1,Sunday,3.75,Low,Moderate,G#,Major,True,Q1,True,7.5289,0.6715,460
d3f31c4c-89d6-48cb-8276-95ff87785d16,Oceans,Ethereal,Wild,2021-12-25,Pop,216113,35,0.498,0.6954,2,-6.05,0,0.0103,123.11,44775,IN,False,Spectrum Music,2021,12,Saturday,3.6,Medium,Moderate,D,Minor,False,Q4,True,10.7094,0.5675,3232
11adad34-7ed3-444e-b906-c87d1fcd2857,The Harbors,The Looms,Pages,2021-09-25,Hip-Hop,198025,48,0.9682,0.6301,9,-8.76,0,0.0059,125.17,64852,BR,False,Neon Label,2021,9,Saturday,3.3,Medium,Moderate,A,Minor,False,Q3,True,11.0799,0.7324,41
e9a6e9b6-0b87-4c30-8dd0-255a39b3f6d6,Empty Thunder,Rocco Ore,Glass Mountains,2021-02-22,EDM,322782,19,0.8475,0.9733,6,-5.33,1,0.1253,136.19,3703,TR,False,Bedroom Records,2021,2,Monday,5.38,Low,Loud,F#,Major,False,Q1,False,8.2172,0.8372,1709
b37bf1c1-15c5-4664-aaee-6b7dff3ff5d9,Neon Mountains,The Sages,The Blinding Frequencies,2022-02-01,Pop,258967,5,0.7593,0.6222,0,-6.88,1,0.0262,106.96,2248,US,False,Echo Studios,2022,2,Tuesday,4.32,Low,Moderate,C,Major,False,Q1,False,7.7182,0.6197,13
e2dff32b-6114-4c43-b3aa-fc639bc2940d,Ghosts,Knot Hart,Horizons,2023-05-26,Pop,253036,10,0.5682,0.654,3,-7.29,1,0.0007,139.16,1395,US,False,Nova Records,2023,5,Friday,4.22,Low,Moderate,D#,Major,False,Q2,False,7.2414,0.602,12111
5af1b457-1a6c-485a-8209-478d90afadbd,Paper Crystal Night,CelesteStone,Files,2023-06-15,Hip-Hop,227940,36,0.6536,0.5626,4,-4.79,1,0.0101,135.16,77366,IN,False,Spectrum Music,2023,6,Thursday,3.8,Medium,Loud,E,Major,False,Q2,False,11.2563,0.5939,46
0b982224-4328-4bf0-a38a-da5267532736,Lines,Jasper Wilde,Ghosts,2020-03-21,R&B,149527,38,0.8297,0.5546,9,-12.01,1,0.0327,102.03,18892,TR,False,Catalyst Records,2020,3,Saturday,2.49,Medium,Quiet,A,Major,False,Q1,True,9.8465,0.6138,116
9feb2c8c-8541-4ff9-9089-0859df86b012,Eyes,The Zens,Fragments,2024-12-02,Latin,253685,8,0.863,0.7575,0,-8.35,1,0.013,134.33,3787,US,True,Self-Released,2024,12,Monday,4.23,Low,Moderate,C,Major,True,Q4,False,8.2396,0.7544,137
3b9efcfd-2ea9-4312-89af-4a13a66658e8,Empty Pages,Drift Element,Lost III,2022-05-27,Hip-Hop,228055,10,0.8983,0.6154,7,-6.26,0,0.0227,157.85,785,NL,True,Apex Records,2022,5,Friday,3.8,Low,Moderate,G,Minor,True,Q2,False,6.667,0.7453,59
bd730463-b22d-4ae3-9df7-67d3ec2b36e3,Leaving Islands,Blake Crow,Journeys,2020-08-10,R&B,210029,53,0.6875,0.4677,8,-9.78,1,0.0389,112.44,235828,US,True,Catalyst Records,2020,8,Monday,3.5,High,Moderate,G#,Major,True,Q3,False,12.3709,0.537,179
47890258-e480-4e6a-80fb-eebf4960df69,Streets,Luna Ink,The Velvet Dimensions,2024-11-30,Hip-Hop,171957,33,0.8149,0.6234,5,-8.65,0,0.0071,117.23,37536,IT,False,Cipher Music,2024,11,Saturday,2.87,Medium,Moderate,F,Minor,False,Q4,True,10.5331,0.6571,577
bff4f140-8324-43bd-aaef-08f968f3d75f,Waves,Knot Hart,Revolutions,2020-09-06,R&B,127431,33,0.6107,0.7027,0,-6.13,1,0.017,94.61,47654,GB,False,Apex Records,2020,9,Sunday,2.12,Medium,Moderate,C,Major,False,Q3,True,10.7717,0.5748,12111
446ceddf-4be3-486c-80c7-8f261f9c5fcc,Broken Golden Roads,Knot Hart,Urban Night,2025-02-28,R&B,224739,56,0.6729,0.3824,1,-11.99,1,0.0493,123.09,222568,TR,False,Wavelength Records,2025,2,Friday,3.75,High,Moderate,C#,Major,False,Q1,False,12.313,0.5122,12111
7ab43bfb-8797-40b3-b865-49dbd088552d,The Dreams,Valkyrie,Dark,2023-11-27,EDM,164097,24,0.7032,0.9286,10,-1.91,1,0.201,133.79,7092,BR,False,Cipher Music,2023,11,Monday,2.73,Low,Loud,A#,Major,False,Q4,False,8.8669,0.7581,38
657d8f4d-0de7-494f-881c-6f9243901860,Silent Islands,Crest Jay,Mystic IV,2025-08-09,EDM,181779,21,0.7584,0.6428,1,-10.26,1,0.1513,109.33,22179,US,False,Neon Label,2025,8,Saturday,3.03,Low,Moderate,C#,Major,False,Q3,True,10.0069,0.631,635
91985c31-9b3d-4d36-bc89-d464d9d627b1,Gentle Shadows,LakeWilde,Wild Rain,2021-07-25,K-Pop,148794,44,1.0,0.9541,0,-8.58,1,0.051,115.51,22881,CL,False,Republic Records,2021,7,Sunday,2.48,Medium,Moderate,C,Major,False,Q3,True,10.0381,0.8609,116
34e64b7f-1d2b-4d30-af5f-bff895223672,The Flames,Rocco Ore,Young Nights,2020-05-10,R&B,171535,43,0.7789,0.5859,7,-8.86,1,0.0385,110.58,64879,MX,False,Neon Label,2020,5,Sunday,2.86,Medium,Moderate,G,Major,False,Q2,True,11.0803,0.6182,1709
605f281e-e28c-4f35-bfff-273a9828f0e4,Harbors,Knot Hart,Journeys,2020-05-31,R&B,277427,21,0.6325,0.4644,4,-9.43,1,0.0021,134.18,12664,DE,False,Apex Records,2020,5,Sunday,4.62,Low,Moderate,E,Major,False,Q2,True,9.4466,0.5447,12111
39949312-f2a9-4488-b684-8861d6d9e3e6,Golden,Knot Hart,Gardens,2023-03-01,R&B,227570,19,0.7771,0.6426,2,-5.96,1,0.0425,123.48,15039,BR,False,Catalyst Records,2023,3,Wednesday,3.79,Low,Loud,D,Major,False,Q1,False,9.6185,0.6586,12111
9d7027ba-9a0b-4259-820d-e607c5e51247,The Lights,Jasper Cloud,Dimensions,2023-03-20,Pop,244471,24,0.4954,0.8772,6,-6.44,1,0.0046,129.76,24119,ID,False,Spectrum Music,2023,3,Monday,4.07,Low,Moderate,F#,Major,False,Q1,False,10.0908,0.6487,327
ba75f125-86be-4534-9d8b-77422a4cac4a,Walking Fire,Sterling Zen,Archives,2022-05-29,Folk,214720,31,0.529,0.0515,11,-13.36,0,0.0252,96.25,5296,AU,True,Nova Records,2022,5,Sunday,3.58,Medium,Quiet,B,Minor,True,Q2,True,8.5749,0.284,2268
213032e8-f6fc-49fa-ae57-6bb0c9ea9a24,Invisible,Knot Hart,Tapes,2023-02-02,Pop,180977,17,0.5128,0.4948,3,-6.91,1,0.0023,120.7,8249,MX,False,Spectrum Music,2023,2,Thursday,3.02,Low,Moderate,D#,Major,False,Q1,False,9.018,0.4898,12111
5425c611-f102-4af9-b37a-f98227225548,Night,SethStone,The Twisted Fragments,2021-10-01,Afrobeats,197944,46,0.7309,0.8639,0,-7.27,1,0.0232,97.01,144904,IN,True,Republic Records,2021,10,Friday,3.3,Medium,Moderate,C,Major,True,Q4,False,11.8838,0.6908,1486
3d051a14-201d-4c69-a973-d196f665b4ae,Circles,Knot Hart,Crystal Stars,2021-11-12,R&B,217032,33,0.631,0.6938,9,-7.98,1,0.0248,89.43,41758,IN,False,Warner Music Group,2021,11,Friday,3.62,Medium,Moderate,A,Major,False,Q4,False,10.6397,0.572,12111
6ced4606-7b39-49c0-a7a0-eb377b9abb0d,Cloudy Midnight Echoes,The Dawns,Bridges,2023-02-26,Pop,178237,28,0.6408,0.6249,8,-7.49,0,0.0187,111.49,11438,NG,False,Warner Music Group,2023,2,Sunday,2.97,Medium,Moderate,G#,Minor,False,Q1,True,9.3448,0.5798,750
5c1e80eb-d304-4c3c-8dfc-63e4f91bac23,Rising Wings,IsleEyre,Files,2020-08-28,Pop,221718,27,0.8126,0.5689,1,-4.56,1,0.0117,120.75,8758,MX,False,Capitol Records,2020,8,Friday,3.7,Medium,Loud,C#,Major,False,Q3,False,9.0778,0.6394,5271
34cf92a6-69f8-4845-8bf5-ceb913b19494,Quiet,LakeWilde,The Neon Diaries,2024-02-28,K-Pop,189849,26,0.786,0.9718,7,-4.21,1,0.0098,126.69,35230,CL,False,Atlantic Records,2024,2,Wednesday,3.16,Medium,Loud,G,Major,False,Q1,False,10.4697,0.7984,116
f457cd56-5280-442f-87b1-6ae44d66d0ea,The Roses,IsleEyre,Golden Nights,2024-11-13,Hip-Hop,228863,32,1.0,0.6008,0,-6.44,1,0.0098,93.96,26481,CA,False,Midnight Records,2024,11,Wednesday,3.81,Medium,Moderate,C,Major,False,Q4,False,10.1842,0.6888,5271
a48ccc01-72c1-4abb-9a3a-66018fa06a51,Raw Rain,Sterling Zen,Crimson,2022-07-30,Folk,222175,58,0.3018,0.2444,1,-11.37,1,0.06,101.31,63296,GB,False,Bedroom Records,2022,7,Saturday,3.7,High,Moderate,C#,Major,False,Q3,True,11.0556,0.2775,2268
dfb2fff9-d5ee-4bb4-81ef-e345830aa63f,Floors,Knot Hart,Broken Soul,2024-02-09,R&B,229032,54,0.6428,0.4844,7,-9.87,1,0.0228,115.15,766206,AU,False,Republic Records,2024,2,Friday,3.82,High,Moderate,G,Major,False,Q1,False,13.5492,0.5297,12111
bfeba66b-46a8-49d3-8e6c-c2f6a8f6cfb4,The Angels,Knot Hart,The Raw Tapes,2024-07-31,R&B,174191,21,0.6072,0.6648,7,-3.97,1,0.0052,91.47,11299,US,False,Sony Music Entertainment,2024,7,Wednesday,2.9,Low,Loud,G,Major,False,Q3,False,9.3326,0.5538,12111
ca69b052-b3db-4744-83c3-a35085b30b26,Bones,Ethereal,Silver,2022-03-28,Pop,199193,46,0.5633,0.9065,6,-6.39,1,0.002,112.61,26593,IT,True,Echo Studios,2022,3,Monday,3.32,Medium,Moderate,F#,Major,True,Q1,False,10.1884,0.6631,3232
26da16d8-3829-4aa7-9f7d-49c538b036d7,Harbors,Rocco Ore,Stories,2025-01-04,R&B,228103,14,0.8074,0.417,6,-10.94,0,0.0141,78.85,4599,AU,False,Echo Studios,2025,1,Saturday,3.8,Low,Moderate,F#,Minor,False,Q1,True,8.4338,0.5167,1709
f3c01a52-5889-4fe4-8e9d-2c23b7fc6555,Glowing Flames,Clay Black,Wavelengths,2021-10-03,Pop,251836,13,0.7985,0.7261,7,-5.39,0,0.0061,98.1,3449,ID,False,Midnight Records,2021,10,Sunday,4.2,Low,Loud,G,Minor,False,Q4,True,8.1461,0.6643,693
918635e9-3188-4637-8f3e-345bc2648b3a,The Roses,IsleEyre,Vivid Rivers,2020-08-23,Pop,233365,5,0.9167,0.7949,4,-10.33,1,0.0444,120.48,1752,DE,False,Nova Records,2020,8,Sunday,3.89,Low,Moderate,E,Major,False,Q3,True,7.4691,0.771,5271
d019e676-c747-4908-9c91-71a9a81e10cb,Hiding Lights,Nirvana,Revolutions,2021-05-24,R&B,303983,44,0.6992,0.6142,4,-9.28,1,0.1576,93.97,81699,CO,False,RCA Records,2021,5,Monday,5.07,Medium,Moderate,E,Major,False,Q2,False,11.3108,0.5739,328
898821e2-9f7f-4fa2-99af-201821afa15c,Love,Kira Marsh,Young Doors,2023-01-09,K-Pop,268089,58,0.5014,0.984,9,-4.89,1,0.0033,142.53,74120,GB,False,Warner Music Group,2023,1,Monday,4.47,High,Loud,A,Major,False,Q1,False,11.2135,0.7121,60
c667443d-10f1-4e93-b27f-b53bf9f72030,The Winds,Lola North,Bitter II,2023-05-04,Indie,202567,41,0.6243,0.4364,10,-11.2,0,0.1676,114.81,36573,ID,False,Independent,2023,5,Thursday,3.38,Medium,Moderate,A#,Minor,False,Q2,False,10.5071,0.5026,155
0a052035-5b7e-4c10-b5f8-f91cfd6d8aa6,Heavy Mirrors,Knot Hart,Endless II,2022-03-24,R&B,207696,28,0.8308,0.6951,7,-7.25,1,0.0184,89.93,15198,ES,False,Catalyst Records,2022,3,Thursday,3.46,Medium,Moderate,G,Major,False,Q1,False,9.629,0.6531,12111
c8240f28-0feb-4dd7-adc4-c391d6beddc5,Fierce Streets,Rocco Ore,Heavy,2020-07-20,R&B,294083,13,0.5838,0.4973,7,-7.31,1,0.0182,106.9,2075,GB,True,Pulse Records,2020,7,Monday,4.9,Low,Moderate,G,Major,True,Q3,False,7.6382,0.4994,1709
67f34fc0-76f3-495d-9c7d-ea970c167e29,Invisible Harbors,Knot Hart,Hollow Tears,2021-04-11,R&B,219891,45,0.7922,0.473,9,-9.12,1,0.1292,103.31,67734,US,False,Apex Records,2021,4,Sunday,3.66,Medium,Moderate,A,Major,False,Q2,True,11.1234,0.568,12111
b9c92b04-d22f-4fa1-96bc-e8ca11eb38ec,Deep Floors,IsleEyre,Shattered Waves,2025-03-02,Pop,300952,18,0.7792,0.8784,8,-3.94,0,0.0159,127.29,5246,US,False,Pulse Records,2025,3,Sunday,5.02,Low,Loud,G#,Minor,False,Q1,True,8.5654,0.7592,5271
cfa38ae3-7e08-4304-b16b-4204222c264a,Fire,The Foxs,Frozen,2025-10-02,Latin,221894,28,0.6477,0.6679,9,-6.1,1,0.1543,119.34,27075,PT,False,Neon Label,2025,10,Thursday,3.7,Medium,Moderate,A,Major,False,Q4,False,10.2064,0.611,9
561f5a33-9267-4d9f-8396-ac8bc1b66455,Stars,Knot Hart,Silent Storm,2023-04-01,R&B,200695,9,0.6668,0.4668,10,-9.1,1,0.0134,114.77,1572,NL,False,Atlantic Records,2023,4,Saturday,3.34,Low,Moderate,A#,Major,False,Q2,True,7.3607,0.5317,12111
689d67ac-101e-4a5e-baea-8965d68db6b8,Wild Heart,SethStone,Tapes,2025-11-07,Afrobeats,211778,20,0.7142,0.6581,8,-3.14,0,0.0263,115.66,2583,GB,False,Cipher Music,2025,11,Friday,3.53,Low,Loud,G#,Minor,False,Q4,False,7.8571,0.6284,1486
df534895-43a2-4bba-9ab3-e4b75e1396e5,The Mirrors,Crest Jay,Doors,2024-09-11,EDM,162294,43,0.7376,0.7965,7,-7.41,1,0.158,127.37,96426,ES,False,Columbia Records,2024,9,Wednesday,2.7,Medium,Moderate,G,Major,False,Q3,False,11.4765,0.7099,635
9a198c7e-b0ff-49ec-b94b-353640524f75,Vivid Silver Night,Dean Reed,Burning,2021-01-09,Reggaeton,215771,56,0.7808,0.9021,10,-4.69,0,0.014,112.89,585714,ZA,False,Bedroom Records,2021,1,Saturday,3.6,High,Loud,A#,Minor,False,Q1,True,13.2806,0.7487,277
1b411fbe-ef66-4fda-82a2-cb90c4d3a25b,Vivid Bones,ValeGlass,Silent Paradise,2025-08-29,Pop,205256,23,0.7386,0.5385,2,-9.57,1,0.0516,90.63,51404,CO,False,Wavelength Records,2025,8,Friday,3.42,Low,Moderate,D,Major,False,Q3,False,10.8475,0.5546,981
14930aac-b7fa-44ef-8938-bd43194e6aa3,Paper Angels,Knot Hart,Wicked,2024-09-30,Pop,270187,41,0.6253,0.7047,1,-5.22,1,0.0194,110.58,86686,US,False,Horizon Records,2024,9,Monday,4.5,Medium,Loud,C#,Major,False,Q3,False,11.3701,0.6043,12111
72aa5820-338f-411f-9ed5-437ab4270c0e,The Harbors,IsleEyre,Ghosts,2022-07-07,Pop,204411,25,0.585,0.7388,5,-6.49,0,0.0896,113.6,24290,MX,False,Capitol Records,2022,7,Thursday,3.41,Medium,Moderate,F,Minor,False,Q3,False,10.0979,0.6061,5271
2a379c62-ae52-4bab-80d3-433149bd426b,Voices,SethStone,Crimson Edges,2020-07-04,Metal,198895,55,0.1574,0.67,9,-6.66,0,0.1008,175.27,60480,IT,False,Drift Music,2020,7,Saturday,3.31,High,Moderate,A,Minor,False,Q3,True,11.0101,0.4956,1486
989aa41a-5c53-43c9-81b9-c9235ee708d7,Breathing Mirrors,Knot Hart,Distant Circles,2022-12-24,R&B,224068,45,0.6916,0.3615,7,-8.01,1,0.0095,79.71,46307,US,False,Interscope Records,2022,12,Saturday,3.73,Medium,Moderate,G,Major,False,Q4,True,10.7431,0.4494,12111
8a12fa17-5584-4c3a-aea3-5176f06a80e8,Roads,Ethereal,Shattered Scars,2024-07-23,Pop,263355,54,0.6885,0.5633,4,-10.34,1,0.0162,117.83,160188,US,False,Echo Studios,2024,7,Tuesday,4.39,High,Moderate,E,Major,False,Q3,False,11.9841,0.5833,3232
b8926de0-2240-4815-9d90-1a844423b8d1,Mountains,Knot Hart,Invisible,2025-08-17,R&B,156944,15,0.7028,0.5791,3,-6.24,1,0.0434,109.81,4286,PL,True,Horizon Records,2025,8,Sunday,2.62,Low,Moderate,D#,Major,True,Q3,True,8.3633,0.5839,12111
84ab113f-690b-4a4d-aacf-4e15ea9a3e87,Crystal,Knot Hart,Hidden,2024-10-06,R&B,223435,31,0.8204,0.4528,0,-8.8,1,0.0317,122.99,9100,US,False,Atlantic Records,2024,10,Sunday,3.72,Medium,Moderate,C,Major,False,Q4,True,9.1161,0.5993,12111
38042346-b2be-4edc-a025-cde571b8fb15,Dreams,Ethereal,The Velvet Chapters,2021-10-30,Hip-Hop,173508,33,0.5323,0.6178,3,-7.05,0,0.0072,152.66,48567,US,True,Spectrum Music,2021,10,Saturday,2.89,Medium,Moderate,D#,Minor,True,Q4,True,10.7907,0.5924,3232
53c3eaa3-c57e-4375-b194-8b8002769d93,Ancient Rivers,Knot Hart,Silent Edges,2025-09-24,Hip-Hop,271945,4,0.9037,0.5882,1,-8.6,1,0.0122,159.74,2243,CL,False,Columbia Records,2025,9,Wednesday,4.53,Low,Moderate,C#,Major,False,Q3,False,7.716,0.7392,12111
0ecb369d-9a11-4f2f-9a14-f604abc58547,The Chains,Frost Nova,The Burning Fragments,2023-07-26,Latin,95791,37,0.6568,0.8791,10,-3.12,1,0.0236,111.29,108151,US,False,Universal Music Group,2023,7,Wednesday,1.6,Medium,Loud,A#,Major,False,Q3,False,11.5913,0.6876,862
5959790f-1357-457a-b0c5-1297b0bab797,Hiding Voices,Nirvana,Hidden I,2025-06-06,R&B,225288,19,0.8974,0.4069,11,-9.12,1,0.0182,111.16,18372,FR,False,Capitol Records,2025,6,Friday,3.75,Low,Moderate,B,Major,False,Q2,False,9.8186,0.5948,328
02b09c19-8a69-43e9-bc47-bc1b2070c85d,Spinning Floors,Sable Ash,The Crimson Horizons,2021-08-18,R&B,244702,25,0.7188,0.5143,1,-7.33,1,0.0283,88.82,41560,IN,False,Republic Records,2021,8,Wednesday,4.08,Medium,Moderate,C#,Major,False,Q3,False,10.6349,0.5344,92
caadd6b6-2544-4a01-9c27-a1b0115240ca,Memories,Knot Hart,Love,2022-10-16,R&B,253461,25,0.7887,0.3991,11,-9.08,0,0.0169,132.59,12321,DE,False,Interscope Records,2022,10,Sunday,4.22,Medium,Moderate,B,Minor,False,Q4,True,9.4191,0.5788,12111
0d773143-10f5-4e6c-9ec5-50d8b06f2a65,Empty Roads,Knot Hart,The Eternal Archives,2022-12-05,R&B,244129,16,0.8564,0.2168,5,-13.66,0,0.0112,111.25,8215,US,True,Neon Label,2022,12,Monday,4.07,Low,Quiet,F,Minor,True,Q4,False,9.0138,0.5025,12111
8b66f7cb-6858-49bf-b815-f22a87df9c8c,Fading Crystal Doors,Knot Hart,Jagged,2024-04-11,R&B,168984,38,0.622,0.6968,11,-5.68,1,0.0209,103.05,13456,US,False,Self-Released,2024,4,Thursday,2.82,Medium,Loud,B,Major,False,Q2,False,9.5073,0.589,12111
6bf0100b-5e1d-4483-8068-d8bbd6f10885,Eternal Doors,Phoenix Cloud,Paper Dreams,2024-06-05,Trap,209308,11,0.7879,0.8453,3,-8.58,1,0.0257,158.4,8939,GB,False,Neon Label,2024,6,Wednesday,3.49,Low,Moderate,D#,Major,False,Q2,False,9.0983,0.7939,471
656078de-3ccd-4b5c-adfe-9c1bb2c31257,Fleeting Mirrors,Dean Reed,Worlds,2023-05-18,Reggaeton,101711,48,0.9811,0.6979,2,-8.96,1,0.0102,100.29,49998,SG,False,Sony Music Entertainment,2023,5,Thursday,1.7,Medium,Moderate,D,Major,False,Q2,False,10.8198,0.7292,277
24245658-fc10-4026-886d-eaa1077bd59f,The Memories,Knot Hart,The Eternal Fragments,2024-11-16,R&B,129016,13,0.7024,0.5153,6,-10.23,1,0.0265,111.98,3139,US,False,Horizon Records,2024,11,Saturday,2.15,Low,Moderate,F#,Major,False,Q4,True,8.052,0.5613,12111
f2bb96c8-0033-4865-aa06-03282ce70451,The Echoes,VinceCloud,Quiet Doors,2023-10-24,Pop,162411,43,0.6347,0.5655,8,-8.17,0,0.0263,100.71,140483,AU,False,Capitol Records,2023,10,Tuesday,2.71,Medium,Moderate,G#,Minor,False,Q4,False,11.8528,0.5382,18
ea2f9312-4175-4e1b-9168-9234f4b9143a,Heavy Oceans,Knot Hart,Shadows,2021-06-19,R&B,182326,9,0.7253,0.4824,3,-10.3,0,0.0071,136.57,15809,MX,False,Warner Music Group,2021,6,Saturday,3.04,Low,Moderate,D#,Minor,False,Q2,True,9.6684,0.5925,12111
85297d7b-0746-45bc-b8f6-c0bb2a6cfdb6,Lights,ElaraRain,Wild Roses,2023-09-30,Rock,199478,37,0.5931,0.751,9,-6.74,1,0.0009,149.17,18279,GB,True,Nova Records,2023,9,Saturday,3.32,Medium,Moderate,A,Major,True,Q3,True,9.8136,0.665,1111
7268c184-fdb3-4150-87f2-dc25a1eb4afc,Stars,Phantasm,Reflections,2023-04-19,Trap,142098,8,0.8097,0.6045,2,-10.23,0,0.0018,163.61,2638,SE,False,Wavelength Records,2023,4,Wednesday,2.37,Low,Moderate,D,Minor,False,Q2,False,7.8782,0.7137,242
d43204aa-8f2c-4b30-94d6-50e80117e114,Quiet,Flora Knight,Crimson,2020-04-23,K-Pop,252122,25,0.7262,0.8405,1,-4.87,1,0.0212,109.0,9659,BR,False,Columbia Records,2020,4,Thursday,4.2,Medium,Loud,C#,Major,False,Q2,False,9.1757,0.6967,44
1ea95f70-3560-48af-8a6e-fd5913f87777,Lines,Indie Lake,The Twisted Diaries,2020-09-02,Hip-Hop,159440,3,0.8768,0.6553,0,-4.76,0,0.0125,155.69,321,SG,True,Wavelength Records,2020,9,Wednesday,2.66,Low,Loud,C,Minor,True,Q3,False,5.7746,0.7495,247
1e8dff58-4df7-4222-9e71-a8e8edcc652a,Rain,Sable Ash,Letters,2020-11-20,K-Pop,153598,6,0.8886,0.9288,2,-7.06,1,0.0126,133.11,2548,PL,False,Independent,2020,11,Friday,2.56,Low,Moderate,D,Major,False,Q4,False,7.8435,0.8314,92
1eac3efd-cd29-4326-8a97-1cd118eed830,Waiting Nights,IsleEyre,Fragments,2024-10-06,Pop,185678,42,0.5771,0.7603,1,-5.53,1,0.058,92.46,252331,US,True,Atlantic Records,2024,10,Sunday,3.09,Medium,Loud,C#,Major,True,Q4,True,12.4385,0.5813,5271
0594b19a-019d-41b3-a465-ccb0f177f140,Floors,Blake Ore,Crimson Streets,2024-10-27,EDM,125331,9,0.8948,0.7296,5,-3.23,0,0.1755,141.38,2181,AR,False,Apex Records,2024,10,Sunday,2.09,Low,Loud,F,Minor,False,Q4,True,7.688,0.766,98
5528c9df-9cf5-4d2a-812e-e1afd897c7ba,The Demons,Knot Hart,Empty Wings,2021-06-07,R&B,227875,19,0.5391,0.8336,1,-4.55,0,0.0007,84.55,37944,IT,True,Nova Records,2021,6,Monday,3.8,Low,Loud,C#,Minor,True,Q2,False,10.5439,0.5842,12111
5491fc68-8cca-4d57-ace3-8127cd14215f,Ancient,WaveArc,Liquid III,2024-02-13,R&B,209964,4,0.3179,0.6843,4,-8.3,0,0.0818,118.45,1788,BR,True,Echo Studios,2024,2,Tuesday,3.5,Low,Moderate,E,Minor,True,Q1,False,7.4894,0.4844,41
a6b0de49-5417-4aad-95ec-187673fb8719,Thunder,ValeGlass,Frozen Gardens,2025-07-05,Pop,176269,30,0.5735,0.7863,10,-5.98,0,0.0319,110.2,51147,AR,False,RCA Records,2025,7,Saturday,2.94,Medium,Loud,A#,Minor,False,Q3,True,10.8425,0.6156,981
1c957b0b-830a-4b1b-a586-70a677c9b12f,Night,Rhys Knight,Fragments,2021-11-12,Pop,189451,36,0.6486,0.8048,7,-6.55,1,0.01,122.66,15171,US,False,Pulse Records,2021,11,Friday,3.16,Medium,Moderate,G,Major,False,Q4,False,9.6272,0.6709,100
9c2952a1-8423-4b85-b0de-ed807a933627,Flames,Sterling Zen,Tapes,2020-02-21,Folk,272093,40,0.5133,0.2408,10,-11.22,1,0.1,113.22,46862,NL,True,Midnight Records,2020,2,Friday,4.53,Medium,Moderate,A#,Major,True,Q1,False,10.755,0.3777,2268
eef7cb9f-40a6-40f7-83a8-105c98063a3d,Quiet Endless Demons,Hawk Theory,Tears,2022-03-07,Pop,242354,38,0.7033,0.7811,0,-7.87,1,0.0152,136.25,16505,PT,False,Epic Records,2022,3,Monday,4.04,Medium,Moderate,C,Major,False,Q1,False,9.7115,0.7027,492
cbc1fe9a-d0b4-410e-ab35-b11976b48797,Shadows,ElaraRain,The Frozen Journeys,2022-07-29,Rock,208624,9,0.6285,0.6964,4,-5.79,1,0.3916,144.65,5568,PH,False,Bedroom Records,2022,7,Friday,3.48,Low,Loud,E,Major,False,Q3,False,8.625,0.6509,1111
648214d9-bfed-499d-adbe-a77eafd72ef7,Shattered Thunder,LolaOre,Records,2023-11-15,Metal,201031,17,0.4113,0.9436,2,-1.9,1,0.0566,137.65,6144,GB,False,Spectrum Music,2023,11,Wednesday,3.35,Low,Loud,D,Major,False,Q4,False,8.7234,0.6529,199
57b7ea39-0bb8-4adf-ac23-d86809c1b77c,Hidden Deep Whispers,Knot Hart,Wicked Roses,2025-04-30,R&B,204975,15,0.8004,0.8449,9,-3.88,1,0.018,112.78,18477,IN,False,Bedroom Records,2025,4,Wednesday,3.42,Low,Loud,A,Major,False,Q2,False,9.8243,0.7335,12111
cc4d3eb6-143b-4b5d-a2ec-9b69772c4c84,Circles,Knot Hart,Kind,2025-02-12,R&B,245482,15,0.7478,0.6626,8,-8.9,1,0.0637,125.36,7920,GB,False,Catalyst Records,2025,2,Wednesday,4.09,Low,Moderate,G#,Major,False,Q1,False,8.9773,0.6575,12111
365f1493-4d1c-4a28-ba30-7c2f5ce165a3,The Shadows,IsleEyre,Liquid Islands,2020-09-06,Pop,144101,40,0.68,0.5608,4,-4.53,0,0.0104,118.93,37522,BR,False,Interscope Records,2020,9,Sunday,2.4,Medium,Loud,E,Minor,False,Q3,True,10.5327,0.5805,5271
50ca2a2f-b35f-41c1-a2dd-51959ba408f0,Wild Silver Stars,Knot Hart,Twisted II,2024-03-23,R&B,299445,5,0.4798,0.7392,3,-7.4,1,0.0543,90.08,410,US,False,Island Records,2024,3,Saturday,4.99,Low,Moderate,D#,Major,False,Q1,True,6.0186,0.5306,12111
1b4a3597-b8ec-40f0-9997-5c8fa8b0fd16,Voices,Bloom Arc,Heart,2021-10-28,Rock,157774,46,0.2812,0.7668,8,-3.56,1,0.0542,129.52,71548,CA,True,Republic Records,2021,10,Thursday,2.63,Medium,Loud,G#,Major,True,Q4,False,11.1781,0.5185,51
f952f442-91cd-48bc-a818-407f18c25940,Cosmic,Knot Hart,Electric Roses,2021-10-05,R&B,185117,26,0.728,0.5802,9,-12.18,1,0.0064,108.77,19890,US,False,Self-Released,2021,10,Tuesday,3.09,Medium,Quiet,A,Major,False,Q4,False,9.898,0.593,12111
c90061dd-511a-43c2-b134-800b5d95cdac,Golden Streets,Luna Method,Reflections,2022-07-31,Hip-Hop,178625,4,0.645,0.4671,2,-10.08,0,0.0057,143.36,1873,US,False,Catalyst Records,2022,7,Sunday,2.98,Low,Moderate,D,Minor,False,Q3,True,7.5358,0.5639,16
4258ab86-4a3f-4cf4-9c3a-46541d18f771,The Angels,IsleEyre,Hidden Flames,2025-05-23,Pop,257903,13,0.4998,0.73,11,-8.52,1,0.0033,120.5,6561,US,True,Prism Audio,2025,5,Friday,4.3,Low,Moderate,B,Major,True,Q2,False,8.7891,0.5783,5271
78fce9c0-2d16-4b9e-9e71-69293b2549df,The Demons,Knot Hart,The Jagged Horizons,2023-07-31,Hip-Hop,310483,64,0.9263,0.7588,10,-7.22,1,0.0141,99.16,171004,EG,False,Universal Music Group,2023,7,Monday,5.17,High,Moderate,A#,Major,False,Q3,False,12.0494,0.73,12111
3b76195c-73c6-454c-8a71-63f5238ef190,Golden Mystic Pages,The Glasss,The Wild Chronicles,2022-03-09,Latin,257763,5,0.6924,0.5089,5,-8.16,1,0.015,157.77,1177,TR,False,Bedroom Records,2022,3,Wednesday,4.3,Low,Moderate,F,Major,False,Q1,False,7.0716,0.6202,131
4a275802-6724-4900-98a3-1017a5f703e9,Keys,BlazeCore,Invisible Harbors,2023-02-16,Country,170291,37,0.566,0.8168,5,-4.49,0,0.015,111.96,59386,AU,False,Warner Music Group,2023,2,Thursday,2.84,Medium,Loud,F,Minor,False,Q1,False,10.9918,0.6273,460
bcf9a97e-632a-4a88-b8c5-13592f53feff,Broken Lines,SethStone,Crystal Angels,2023-01-05,Metal,176586,48,0.5633,0.9679,1,-4.92,1,0.4841,156.3,612564,NG,False,Island Records,2023,1,Thursday,2.94,Medium,Loud,C#,Major,False,Q1,False,13.3254,0.7501,1486
731ef423-411d-409e-846c-5b68a5ea953b,Sinking Edges,ValeGlass,The Raw Reflections,2025-01-04,Pop,158495,59,0.5098,0.5621,8,-10.67,1,0.0762,124.39,606387,DE,False,Apex Records,2025,1,Saturday,2.64,High,Moderate,G#,Major,False,Q1,True,13.3153,0.5207,981
40167338-36a7-47b9-b207-7114699bc16b,Jumping Bridges,Faye Lane,Whispers,2022-03-08,Latin,147306,32,0.632,0.7285,6,-3.98,1,0.0137,86.87,9252,GB,False,Independent,2022,3,Tuesday,2.46,Medium,Loud,F#,Major,False,Q1,False,9.1327,0.5826,237
183fd941-5f9c-449a-be55-11ed04c3f509,Islands,Knot Hart,Sacred,2025-02-23,R&B,333705,12,0.6305,0.6792,0,-5.77,1,0.0591,118.35,13735,CA,False,Cipher Music,2025,2,Sunday,5.56,Low,Loud,C,Major,False,Q1,True,9.5278,0.6072,12111
20c00ab5-435a-4892-911a-df635f815e84,Lights,The Elms,Pages,2020-10-24,Disco,178666,59,1.0,0.7717,5,-6.03,1,0.1125,109.54,1126667,NL,False,Island Records,2020,10,Saturday,2.98,High,Moderate,F,Major,False,Q4,True,13.9348,0.7795,4
48289a5a-0e8f-4abc-86d6-9acd3a7cb2d4,Jumping Worlds,Faye Element,Letters,2022-08-27,Pop,253548,16,0.7501,0.685,2,-8.3,1,0.0119,125.27,16918,US,False,RCA Records,2022,8,Saturday,4.23,Low,Moderate,D,Major,False,Q3,True,9.7362,0.6673,9
3df59ca4-0d18-4cd3-a23d-a6b3833f8624,The Ghosts,Hawk Theory,The Blinding Sessions,2023-05-24,Pop,181463,13,0.6354,0.6615,1,-5.1,1,0.0277,114.68,4925,US,False,Warner Music Group,2023,5,Wednesday,3.02,Low,Loud,C#,Major,False,Q2,False,8.5023,0.5969,492
e174b667-f9af-4302-87ef-bfb341b2cfe0,The Shadows,Knot Hart,Quiet,2025-02-14,R&B,184097,10,0.6922,0.6936,4,-5.72,0,0.0143,87.09,7483,ES,True,Prism Audio,2025,2,Friday,3.07,Low,Loud,E,Minor,True,Q1,False,8.9205,0.593,12111
69439961-85e9-412a-8300-04d8de5e633a,Dark Eyes,Aria Rose,Wild,2023-02-22,Hip-Hop,241519,33,0.8769,0.6805,1,-4.42,1,0.0086,159.46,6115,AU,False,Self-Released,2023,2,Wednesday,4.03,Medium,Loud,C#,Major,False,Q1,False,8.7187,0.765,346
3d4b8851-3cc2-4d44-860a-eef87a365944,Lost Shadows,Knot Hart,Records,2020-10-31,R&B,163625,16,0.6672,0.6874,7,-4.84,1,0.0129,103.41,1254,IT,False,Horizon Records,2020,10,Saturday,2.73,Low,Loud,G,Major,False,Q4,True,7.1349,0.6039,12111
4e235715-c645-4f0d-ad84-7e3ae03c9742,Drowning Ghosts,Knot Hart,The Midnight Wavelengths,2024-03-07,R&B,240223,30,0.598,0.6639,7,-4.33,0,0.0057,97.03,9650,US,False,Cipher Music,2024,3,Thursday,4.0,Medium,Loud,G,Minor,False,Q1,False,9.1748,0.5577,12111
cd7f7362-4036-4f21-8e59-151cb7e61e8a,Heart,IsleEyre,The Hollow Diaries,2020-07-22,Pop,196960,61,0.5968,0.7226,1,-7.2,1,0.0128,121.44,921970,GB,False,Columbia Records,2020,7,Wednesday,3.28,High,Moderate,C#,Major,False,Q3,False,13.7343,0.6155,5271
326dc162-e76d-4af9-b4f7-7e977502889d,Gardens,Rocco Ore,Raw II,2025-04-09,R&B,219613,18,0.711,0.5822,2,-11.88,1,0.0024,112.53,17744,NG,False,Horizon Records,2025,4,Wednesday,3.66,Low,Moderate,D,Major,False,Q2,False,9.7839,0.5923,1709
0e3378b4-bfb8-4728-bed4-257dfbae4683,Voices,The Vines,Kind III,2022-12-08,R&B,225566,42,0.569,0.2514,11,-12.41,1,0.031,104.52,165898,US,False,Warner Music Group,2022,12,Thursday,3.76,Medium,Quiet,B,Major,False,Q4,False,12.0191,0.3918,44
bb7e220b-1e1d-457a-a5f6-bf0463b8abcc,Wild,Vale Drake,Eternal Dreams,2020-09-26,Country,309211,47,0.6217,0.4067,0,-7.65,0,0.0329,112.06,61639,EG,False,Catalyst Records,2020,9,Saturday,5.15,Medium,Moderate,C,Minor,False,Q3,True,11.0291,0.4857,225
041ef312-a4e8-4b1b-83d1-983716188271,Electric Nights,Lena Theory,The Liquid Chapters,2025-03-14,Hip-Hop,141727,50,0.7782,0.6764,1,-7.3,0,0.0114,146.74,225957,KR,False,Self-Released,2025,3,Friday,2.36,High,Moderate,C#,Minor,False,Q1,False,12.3281,0.7058,168
65dd9913-063f-4efa-ae5c-793fc5b7a1db,Fierce Gardens,Sterling Zen,Quiet Bridges,2020-06-28,Pop,192333,24,0.6854,0.7112,0,-9.34,1,0.017,113.03,8553,NL,False,Universal Music Group,2020,6,Sunday,3.21,Low,Moderate,C,Major,False,Q2,True,9.0542,0.6344,2268
233849bb-7975-4aec-9821-d0cf7763aa8f,Burning Chains,Ethereal,The Wicked Tapes,2023-09-02,Pop,200192,24,0.5841,0.6905,11,-9.92,1,0.027,89.98,24930,NL,True,Cipher Music,2023,9,Saturday,3.34,Low,Moderate,B,Major,True,Q3,True,10.1239,0.5527,3232
9a17bfce-9edc-4ffe-84f5-3d1cf9506166,Drowning Skies,Ethereal,Ancient Voices,2025-04-18,Pop,223645,64,0.867,0.6259,1,-6.91,1,0.006,107.45,980470,AR,False,Island Records,2025,4,Friday,3.73,High,Moderate,C#,Major,False,Q2,False,13.7958,0.6649,3232
adf01e9e-9c84-44c9-a4a5-6ba54eb2e169,Wild Lights,Aether,The Frozen Stories,2020-10-16,Hip-Hop,243952,17,0.6922,0.766,0,-3.84,1,0.0008,133.66,6350,US,False,Apex Records,2020,10,Friday,4.07,Low,Loud,C,Major,False,Q4,False,8.7564,0.6885,7
24bd0e14-be01-4959-a390-e682da0436cb,Silver Voices,Knot Hart,The Inner Verses,2024-01-14,Jazz,250151,30,0.6155,0.4114,7,-10.99,1,0.5234,127.84,30938,CL,False,Nova Records,2024,1,Sunday,4.17,Medium,Moderate,G,Major,False,Q1,True,10.3398,0.5077,12111
42d36e95-ddf6-43d7-9029-f9276ccaf110,Bitter,Dusk Bay,Tales,2022-06-16,EDM,206577,23,0.6996,0.9145,11,-6.47,0,0.3227,123.68,13797,PL,False,Cipher Music,2022,6,Thursday,3.44,Low,Moderate,B,Minor,False,Q2,False,9.5323,0.7366,41
a6828292-ec28-44fa-82cc-d5ed768cd122,Floors,Frost Nova,Eternal Storm,2023-05-05,Jazz,148920,15,0.6573,0.403,6,-7.61,0,0.2167,70.27,10413,CA,False,RCA Records,2023,5,Friday,2.48,Low,Moderate,F#,Minor,False,Q2,False,9.2509,0.4388,862
45e48cdc-a904-4cfb-b550-ec94793c6cff,Hiding Oceans,Sterling Zen,Blinding I,2023-12-14,Folk,222958,17,0.4512,0.2668,1,-10.55,1,0.0786,127.26,2306,DE,True,Island Records,2023,12,Thursday,3.72,Low,Moderate,C#,Major,True,Q4,False,7.7437,0.3833,2268
7f195617-f018-4841-8228-02013c377451,Eyes,Isle Jay,Tales,2023-06-21,Latin,123001,19,0.9262,0.6681,11,-8.16,1,0.0902,118.89,4937,PT,True,Sony Music Entertainment,2023,6,Wednesday,2.05,Low,Moderate,B,Major,True,Q2,False,8.5047,0.7218,241
cb747e54-95d6-496c-a1bb-75968449d18c,Islands,Rocco Ore,Oceans,2020-03-19,R&B,232056,43,0.8962,0.4633,2,-9.02,1,0.0538,126.26,100701,BR,False,Prism Audio,2020,3,Thursday,3.87,Medium,Moderate,D,Major,False,Q1,False,11.5199,0.6385,1709
655892fa-538e-40bb-9d47-4234b8cbbe6f,Midnight Broken Harbors,The Gates,Liquid Whispers,2024-07-21,Trap,271614,13,0.633,0.6686,11,-7.5,1,0.012,154.88,7340,NG,False,Island Records,2024,7,Sunday,4.53,Low,Moderate,B,Major,False,Q3,True,8.9012,0.6562,44
67b9a5c1-ed28-4748-9471-f2e274fb6c04,Dark,Wren York,The Cosmic Stories,2024-01-03,Alternative,264976,43,0.7067,0.7087,0,-10.58,1,0.0351,119.41,17469,PH,False,Nova Records,2024,1,Wednesday,4.42,Medium,Moderate,C,Major,False,Q1,False,9.7682,0.651,30
c2ab5359-fbb7-41f6-af06-46d578ce1ee7,Running Storm,Sterling Zen,Paper Shadows,2023-11-22,Folk,169871,56,0.596,0.5353,10,-10.86,0,0.028,89.04,744183,AU,False,Cipher Music,2023,11,Wednesday,2.83,High,Moderate,A#,Minor,False,Q4,False,13.52,0.494,2268
cde6b1fd-7dd5-4d35-8f06-31e4d8cf463d,Jagged Lights,IsleEyre,Gentle Angels,2022-02-22,Pop,215063,17,0.8847,0.3756,2,-9.8,1,0.0553,129.83,6403,CA,False,Spectrum Music,2022,2,Tuesday,3.58,Low,Moderate,D,Major,False,Q1,False,8.7647,0.6039,5271
e85bb87d-0de9-4210-ba7b-cda243896e7a,Lost Rain,The Dawns,Verses,2023-05-30,Latin,221158,68,0.9349,0.7289,11,-3.32,1,0.0169,119.3,1220546,IT,False,Universal Music Group,2023,5,Tuesday,3.69,High,Loud,B,Major,False,Q2,False,14.0148,0.7502,750
17154956-7117-40b5-86e8-0f279422b39d,Edges,Vera Black,Bones,2023-03-10,Pop,241944,8,0.8396,0.6088,1,-7.81,1,0.0138,104.75,3646,BR,False,Republic Records,2023,3,Friday,4.03,Low,Moderate,C#,Major,False,Q1,False,8.2017,0.6433,23
46cc7957-39b5-4448-9373-592286d37ff5,Fading Chains,Knot Hart,Urban V,2022-09-24,Rock,164255,58,0.495,0.6483,5,-14.05,0,0.0232,127.22,130659,MX,True,Independent,2022,9,Saturday,2.74,High,Quiet,F,Minor,True,Q3,True,11.7804,0.5533,12111
f201bcc6-0df8-48db-a3f1-b7760c8b3243,Shattered Mirrors,Luna Ink,Wild,2020-03-19,Hip-Hop,90000,60,0.8381,0.5942,6,-9.24,1,0.023,152.31,106321,EG,False,Pulse Records,2020,3,Thursday,1.5,High,Moderate,F#,Major,False,Q1,False,11.5742,0.7048,577
733bdf99-79d3-4484-92a5-d44b10587134,The Memories,Luna Ink,Nights,2022-09-16,Hip-Hop,250339,18,0.8389,0.6795,7,-11.02,1,0.0081,122.62,8474,IT,True,Echo Studios,2022,9,Friday,4.17,Low,Moderate,G,Major,True,Q3,False,9.0449,0.6968,577
153ad122-8413-47ec-8fe9-17bd3ef82fd5,Thunder,LolaOre,Distant Dreams,2024-05-27,Pop,144957,36,0.6981,0.6372,7,-7.27,1,0.0489,139.95,74054,CO,False,Epic Records,2024,5,Monday,2.42,Medium,Moderate,G,Major,False,Q2,False,11.2126,0.6483,199
99f6e0cb-d324-4187-8d8d-263195c55604,Shattered Paradise,Knot Hart,Fading Floors,2022-05-20,R&B,233925,39,0.7171,0.5616,6,-11.21,1,0.0115,94.13,54094,US,False,Capitol Records,2022,5,Friday,3.9,Medium,Moderate,F#,Major,False,Q2,False,10.8985,0.5602,12111
43043409-69d5-4c98-b88b-4f67c384ead2,Electric Bridges,Indie Lake,Heavy Islands,2021-09-04,Hip-Hop,194928,31,0.7744,0.5916,3,-9.62,0,0.01,125.37,18853,BR,False,Warner Music Group,2021,9,Saturday,3.25,Medium,Moderate,D#,Minor,False,Q3,True,9.8445,0.6398,247
f2091aaf-fd72-4cc5-aeb0-4376f4ac8836,Waiting Dreams,River Edge,Silent Waves,2022-09-27,Pop,216026,37,0.6434,0.3846,0,-9.02,1,0.0062,107.35,62603,TH,False,Self-Released,2022,9,Tuesday,3.6,Medium,Moderate,C,Major,False,Q3,False,11.0446,0.4788,41
a33c8579-9aa7-44a7-9d69-b479b4bcf578,Bones,Knot Hart,Ancient,2024-12-23,R&B,199267,5,0.5905,0.6428,3,-6.73,0,0.0099,100.5,13925,JP,True,Nova Records,2024,12,Monday,3.32,Low,Moderate,D#,Minor,True,Q4,False,9.5415,0.5512,12111
aa95f9c2-0e27-40e7-9485-227a0a634e3a,Velvet Chains,Knot Hart,Bones,2022-02-01,R&B,176879,9,0.6704,0.6613,1,-7.97,1,0.0628,104.12,1030,AR,False,Prism Audio,2022,2,Tuesday,2.95,Low,Moderate,C#,Major,False,Q1,False,6.9383,0.5957,12111
fd7df6f3-2230-4650-88fc-3b8d45ef146e,Lost Midnight Storm,FrostRain,Distant Night,2021-08-02,Country,230228,30,0.4017,0.5647,7,-8.42,1,0.0231,129.22,9268,FR,True,RCA Records,2021,8,Monday,3.84,Medium,Moderate,G,Major,True,Q3,False,9.1344,0.4854,18
2ec43cb7-5056-4a07-9837-e5124980959c,The Mountains,Knot Hart,Stars,2020-01-26,R&B,215853,41,0.5937,0.5292,2,-11.75,1,0.003,115.62,345064,IT,True,Horizon Records,2020,1,Sunday,3.6,Medium,Moderate,D,Major,True,Q1,True,12.7515,0.5286,12111
7bdf3642-ad14-47ff-8bea-79635679a336,Silent Streets,Vera Rivers,The Shattered Records,2025-11-18,Rock,117151,17,0.4582,0.8214,1,-6.29,1,0.0321,119.66,737,NG,False,Spectrum Music,2025,11,Tuesday,1.95,Low,Moderate,C#,Major,False,Q4,False,6.6039,0.5971,54
9d3c1f81-34fc-4b0c-864a-238ed1e72e63,Twisted Winds,SethStone,Fading Pages,2020-11-30,Metal,260660,12,0.3675,1.0,11,-1.68,1,0.0304,162.14,3388,BR,False,Wavelength Records,2020,11,Monday,4.34,Low,Loud,B,Major,False,Q4,False,8.1283,0.6929,1486
8ca5c557-6929-4cad-a611-8b67b3bf03c7,Eyes,IsleEyre,Fleeting,2022-08-26,Rock,160636,29,0.455,0.5297,7,-8.93,1,0.124,145.18,6034,NL,False,Echo Studios,2022,8,Friday,2.68,Medium,Moderate,G,Major,False,Q3,False,8.7053,0.5156,5271
b2569296-3613-4139-a36a-61552a651915,Flying Mountains,Flora Knight,Letters,2021-12-07,K-Pop,118881,9,0.724,0.6488,8,-7.4,1,0.0257,117.25,867,MY,False,Self-Released,2021,12,Tuesday,1.98,Low,Moderate,G#,Major,False,Q4,False,6.7662,0.6309,44
73683698-32b4-401f-b105-bfac087c4177,Crimson Waves,Sterling Zen,Paper Demons,2021-12-28,Folk,274788,19,0.3047,0.198,8,-8.53,1,0.036,98.73,2226,BR,True,Drift Music,2021,12,Tuesday,4.58,Low,Moderate,G#,Major,True,Q4,False,7.7084,0.2564,2268
088ae684-ccf6-42cc-9d0b-d7ef8ddd7fee,Pulling Soul,SethStone,Urban,2021-06-23,Metal,142334,61,0.2377,0.823,11,-4.61,0,0.0467,121.09,238487,CO,True,Columbia Records,2021,6,Wednesday,2.37,High,Loud,B,Minor,True,Q2,False,12.3821,0.5116,1486
d6b6d0e4-d526-4d4f-937d-70f1778bb486,Liquid Rivers,Ethereal,The Lost Wavelengths,2020-02-23,Pop,206822,20,0.6625,0.4995,2,-8.83,1,0.0161,120.25,10175,GB,True,Republic Records,2020,2,Sunday,3.45,Low,Moderate,D,Major,True,Q1,True,9.2278,0.5509,3232
f1b31e4f-dbae-4611-b4b8-a1b3f43f9ece,Scars,The Dawns,Empty Heart,2022-03-05,Hip-Hop,276957,19,0.7231,0.5728,0,-8.87,0,0.0445,157.47,12674,CO,False,Columbia Records,2022,3,Saturday,4.62,Low,Moderate,C,Minor,False,Q1,True,9.4474,0.6576,750
99b14e25-565c-4030-85be-a869f5d6a67c,Waiting Stars,Knot Hart,Frequencies,2022-08-03,R&B,231996,37,0.9602,0.588,7,-7.37,1,0.011,95.84,42605,MX,False,Republic Records,2022,8,Wednesday,3.87,Medium,Moderate,G,Major,False,Q3,False,10.6598,0.6705,12111
2b109e82-36cc-489c-8204-81e0e7ee5ce6,Ancient Mirrors,Ethereal,Chapters,2021-10-25,Pop,216035,49,0.5807,0.72,9,-6.62,1,0.0707,122.42,86176,ES,False,Spectrum Music,2021,10,Monday,3.6,Medium,Moderate,A,Major,False,Q4,False,11.3642,0.6095,3232
95bd4557-5775-479d-8dab-3045d3325aca,Memories,Blaze Core,Volume,2025-12-14,Pop,191495,56,0.8123,0.6415,3,-10.45,1,0.0007,127.96,165745,SE,False,Stardust Label,2025,12,Sunday,3.19,High,Moderate,D#,Major,False,Q4,True,12.0182,0.6786,16
67bfb00a-c2e6-444f-aeb3-2dfef70f68e6,Rising Scars,IsleEyre,Nights,2024-05-24,Pop,185025,16,0.7961,0.7027,2,-5.12,1,0.0749,121.39,11598,US,False,Bedroom Records,2024,5,Friday,3.08,Low,Loud,D,Major,False,Q2,False,9.3587,0.6872,5271
12286281-1f59-44f5-8a20-8bfa6f826e75,Urban Streets,BlazeCore,Records,2024-05-29,Rock,205629,23,0.455,0.7241,7,-4.71,0,0.175,125.2,1046,TR,True,Drift Music,2024,5,Wednesday,3.43,Low,Loud,G,Minor,True,Q2,False,6.9537,0.5648,460
7dec7c5c-7eae-450d-88c1-05ed79e8c983,Soul,IsleEyre,Invisible,2023-05-26,Pop,200756,13,0.8629,0.7723,9,-9.18,1,0.0151,102.42,1896,CL,False,RCA Records,2023,5,Friday,3.35,Low,Moderate,A,Major,False,Q2,False,7.548,0.7147,5271
8d5a4727-f19e-469d-9019-ed8fc780949f,Dark Mirrors,Silk Wells,Silent Waves,2022-07-09,Indie,239721,29,0.5274,0.7464,9,-9.98,1,0.0828,95.64,18133,US,False,Catalyst Records,2022,7,Saturday,4.0,Medium,Moderate,A,Major,False,Q3,True,9.8055,0.5604,155
7d6310ed-bf8b-4d73-ae8f-74f508a43645,Cloudy Twisted Keys,Knot Hart,The Empty Diaries,2021-08-24,R&B,141524,48,0.71,0.501,4,-10.03,1,0.0137,110.53,175301,DE,True,Stardust Label,2021,8,Tuesday,2.36,Medium,Moderate,E,Major,True,Q3,False,12.0743,0.5566,12111
dbefadf4-1d3a-4811-9807-4ac93b1fded0,Chains,Zara Marsh,Young I,2025-10-09,Hip-Hop,239473,36,0.3696,0.6368,8,-9.91,1,0.036,129.43,61856,TH,False,Bedroom Records,2025,10,Thursday,3.99,Medium,Moderate,G#,Major,False,Q4,False,11.0326,0.5017,13
91f1b5d2-4c33-440e-9c30-3487789c1200,Wicked Bridges,Sterling Zen,Winds,2024-07-27,Folk,243589,36,0.2891,0.2158,2,-13.89,1,0.0797,117.38,35146,AR,False,Nova Records,2024,7,Saturday,4.06,Medium,Quiet,D,Major,False,Q3,True,10.4673,0.2839,2268
91ed3140-e205-43e6-9a33-956f0b3d60c9,Eternal,Knot Hart,Frequencies,2023-10-19,R&B,166357,49,0.7014,0.6303,3,-5.56,0,0.0184,106.69,155926,AR,False,Capitol Records,2023,10,Thursday,2.77,Medium,Loud,D#,Minor,False,Q4,False,11.9571,0.5994,12111
40762093-222d-4bf7-822f-300aa190ef37,Eternal Harbors,Knot Hart,Golden,2025-12-17,R&B,212217,22,0.8512,0.8206,3,-6.0,1,0.0252,92.84,4940,GB,True,Self-Released,2025,12,Wednesday,3.54,Low,Loud,D#,Major,True,Q4,False,8.5053,0.7156,12111
24882925-0adc-4603-9fd1-94331ce415e9,Chasing Rivers,Knot Hart,The Mystic Tales,2022-12-29,R&B,156277,46,0.6214,0.647,5,-7.24,0,0.0137,108.82,58058,CL,False,Nova Records,2022,12,Thursday,2.6,Medium,Moderate,F,Minor,False,Q4,False,10.9692,0.5771,12111
2079fe12-5125-47d4-83ab-b4cad5cc04bb,Flames,ElaraRain,The Urban Fragments,2023-01-03,Rock,211488,47,0.6539,0.8479,11,-3.54,0,0.1755,126.45,176064,NG,False,Atlantic Records,2023,1,Tuesday,3.52,Medium,Loud,B,Minor,False,Q1,False,12.0786,0.6956,1111
93fd8aa7-04c4-4f04-9f2c-0830a904c50b,Broken Love,IsleEyre,The Eternal Chronicles,2024-05-02,Hip-Hop,255596,18,0.77,0.6641,11,-7.04,1,0.0053,174.83,9705,FR,False,Indie Collective,2024,5,Thursday,4.26,Low,Moderate,B,Major,False,Q2,False,9.1805,0.7377,5271
c6d51dea-dcae-43a0-bfc1-2770fb9a454f,Walking Oceans,Kai Cross,Gentle Doors,2020-02-02,Pop,253066,43,0.8341,0.5165,9,-7.59,1,0.077,103.6,236712,ID,False,Capitol Records,2020,2,Sunday,4.22,Medium,Moderate,A,Major,False,Q1,True,12.3746,0.6025,79
0e9d3c8d-214d-4c51-a388-7019e9833d26,Twisted,Sterling Zen,Eternal Roads,2024-02-29,Folk,268243,14,0.6954,0.4573,9,-10.03,1,0.0164,113.08,9326,BR,False,Bedroom Records,2024,2,Thursday,4.47,Low,Moderate,A,Major,False,Q1,False,9.1407,0.5369,2268
1140b2a0-b2db-4f75-9baf-39703c3e5796,Raw,IsleEyre,Fleeting,2021-05-01,Pop,205041,32,0.5991,0.8242,4,-6.22,1,0.0041,107.72,12148,US,False,Sony Music Entertainment,2021,5,Saturday,3.42,Medium,Moderate,E,Major,False,Q2,True,9.405,0.6375,5271
89c890c5-1602-4287-a439-a0a3f1a90cd9,Fading Storm,Crest Jay,Storm,2021-10-06,EDM,215456,74,0.7208,0.9221,6,-6.89,0,0.0344,127.33,1501814,BR,False,Interscope Records,2021,10,Wednesday,3.59,High,Moderate,F#,Minor,False,Q4,False,14.2222,0.7533,635
a1c9874e-bd8b-4bdd-9a2d-ba2dd0e9f0e2,Paper Raw Bones,Phantasm,Endless I,2025-02-18,Trap,255121,12,0.7837,0.7032,3,-2.43,1,0.0274,150.2,7789,NG,False,Independent,2025,2,Tuesday,4.25,Low,Loud,D#,Major,False,Q1,False,8.9606,0.7236,242
77879aa4-007e-4695-8c88-900e699f88b5,Inner Wild Wings,Knot Hart,Journeys,2025-01-03,R&B,156053,20,0.9187,0.6924,1,-4.75,0,0.0331,94.2,6802,CA,False,Columbia Records,2025,1,Friday,2.6,Low,Loud,C#,Minor,False,Q1,False,8.8251,0.6933,12111
982b0bb8-88a1-418a-bc11-a4e86849796c,Flying Gardens,Knot Hart,Empty I,2022-11-29,R&B,176852,26,0.7231,0.5527,4,-10.05,0,0.059,121.71,45385,KR,False,Self-Released,2022,11,Tuesday,2.95,Medium,Moderate,E,Minor,False,Q4,False,10.723,0.5985,12111
93d8332e-c201-4e26-b36a-ef7e870f05e1,Spinning Islands,Knot Hart,The Sacred Stories,2024-08-10,R&B,194235,14,0.7644,0.5255,5,-6.53,0,0.0375,137.28,6340,ID,True,Stardust Label,2024,8,Saturday,3.24,Low,Moderate,F,Minor,True,Q3,True,8.7548,0.6264,12111
b836108b-e60e-4ff0-b772-046ba3e42933,Lost,The Peaks,Eternal Whispers,2021-04-01,Hip-Hop,171964,29,0.9276,0.8022,4,-8.07,0,0.0085,163.53,32937,KR,True,Warner Music Group,2021,4,Thursday,2.87,Medium,Moderate,E,Minor,True,Q2,False,10.4024,0.8398,208
534d5564-f929-4d6f-a0ca-5cff1b6beef1,Whispers,RiverFlame,The Sacred Sessions,2020-07-05,Latin,187123,3,0.7715,0.6676,0,-8.56,1,0.0029,120.38,584,US,False,Pulse Records,2020,7,Sunday,3.12,Low,Moderate,C,Major,False,Q3,True,6.3716,0.6619,422
4f527ed4-4f8d-4310-8680-acd7d053f555,Gentle Winds,Rocco Ore,Wavelengths,2023-05-18,R&B,140636,39,0.8208,0.5453,3,-5.97,0,0.0009,102.15,95502,IT,True,Apex Records,2023,5,Thursday,2.34,Medium,Loud,D#,Minor,True,Q2,False,11.4669,0.6067,1709
5faf0cb9-d982-4644-8d18-6b0ec9cce256,The Love,Drift Element,Golden V,2021-11-04,Hip-Hop,249000,4,0.5484,0.8375,0,-6.45,1,0.0069,94.16,2307,US,False,Spectrum Music,2021,11,Thursday,4.15,Low,Moderate,C,Major,False,Q4,False,7.7441,0.6032,59
d7f3bd89-6b55-484f-b5ef-dbff2f86d9ce,Frozen,Dusk Snow,Bitter Keys,2025-06-08,Pop,181165,16,0.7247,0.5266,3,-5.85,1,0.0262,127.92,4841,IT,False,Spectrum Music,2025,6,Sunday,3.02,Low,Loud,D#,Major,False,Q2,True,8.4851,0.5975,101
6143f178-2755-44d6-96ab-24723057ab50,Doors,The Dawns,Storm,2024-12-18,Pop,221762,3,0.3644,0.809,3,-8.67,0,0.0753,134.34,712,US,False,Pulse Records,2024,12,Wednesday,3.7,Low,Moderate,D#,Minor,False,Q4,False,6.5695,0.5756,750
4bbea90e-b712-4240-9007-f5d36f800913,Waves,The Vines,Twisted IV,2022-07-12,R&B,123546,34,0.8889,0.563,2,-9.03,1,0.0178,83.25,16889,DE,False,Sony Music Entertainment,2022,7,Tuesday,2.06,Medium,Moderate,D,Major,False,Q3,False,9.7345,0.614,44
144dee2e-761d-4685-b595-88cd637c7f88,Electric Shadows,Knot Hart,Silent Eyes,2022-02-06,R&B,259067,20,1.0,0.647,6,-7.04,1,0.0017,141.05,7630,SE,True,Warner Music Group,2022,2,Sunday,4.32,Low,Moderate,F#,Major,True,Q1,True,8.94,0.7746,12111
0b9f4b0b-4776-4ef7-a325-0f094a4d857b,Floors,Knot Hart,Paper Harbors,2023-12-21,R&B,245415,19,0.7722,0.6793,10,-6.36,0,0.0222,118.11,7569,ID,False,Apex Records,2023,12,Thursday,4.09,Low,Moderate,A#,Minor,False,Q4,False,8.9319,0.6636,12111
ca3e17e8-ac96-4079-a3d9-dfe18c667c6b,Whispers,IsleEyre,The Crimson Diaries,2024-11-15,Pop,236747,46,0.4339,0.7398,11,-5.25,0,0.0741,119.96,212382,CA,False,Independent,2024,11,Friday,3.95,Medium,Loud,B,Minor,False,Q4,False,12.2661,0.5551,5271
87522f90-0ba9-4de4-8de1-be314915f992,Moving Shadows,Knot Hart,Files,2022-06-06,R&B,193434,33,0.6068,0.5702,11,-5.26,0,0.0238,117.85,19516,US,True,Nova Records,2022,6,Monday,3.22,Medium,Loud,B,Minor,True,Q2,False,9.879,0.5534,12111
ef9358c7-1ab4-40dc-9101-e7ec6892a9ae,Deep Empty Floors,ElaraRain,Letters,2021-09-22,Rock,298026,52,0.3704,0.7606,5,-3.62,1,0.6527,117.85,503545,ES,False,Interscope Records,2021,9,Wednesday,4.97,High,Loud,F,Major,False,Q3,False,13.1294,0.535,1111
e7217096-b9f3-403d-ab55-b657e34f59c2,Cloudy Heart,Blake Silver,Velvet IV,2023-12-19,Jazz,195989,33,0.6003,0.1931,6,-12.54,1,0.0872,76.31,20952,US,False,Epic Records,2023,12,Tuesday,3.27,Medium,Quiet,F#,Major,False,Q4,False,9.95,0.3407,21
0adaf387-59a3-4091-b151-d3d6c039ffc3,Velvet Dreams,Knot Hart,The Blinding Archives,2021-04-14,Hip-Hop,195407,40,0.8142,0.5683,8,-8.09,1,0.0071,114.73,211322,DE,False,Def Jam Recordings,2021,4,Wednesday,3.26,Medium,Moderate,G#,Major,False,Q2,False,12.2611,0.6312,12111
538ca955-1855-4f80-a7d6-96be9fd48644,Deep Heart,Knot Hart,Bridges,2021-05-14,Punk,218105,30,0.6423,0.839,10,-4.58,1,0.0412,165.1,32842,US,False,Republic Records,2021,5,Friday,3.64,Medium,Loud,A#,Major,False,Q2,False,10.3995,0.7427,12111
53f674f6-0f72-411f-aa0c-3b1de76b4b72,The Rain,Sterling Zen,The Crimson Revolutions,2022-07-27,Folk,186452,11,0.5037,0.4758,9,-9.66,0,0.0041,95.32,12990,IN,False,Indie Collective,2022,7,Wednesday,3.11,Low,Moderate,A,Minor,False,Q3,False,9.472,0.4423,2268
3e2e2f92-5b47-4b59-b8f9-a10572f2d7e8,Burning Bridges,Wave Spectrum,Frequencies,2021-12-14,Pop,203962,37,0.8563,0.5688,10,-6.7,0,0.031,145.72,46313,MX,False,Spectrum Music,2021,12,Tuesday,3.4,Medium,Moderate,A#,Minor,False,Q4,False,10.7432,0.6925,27
0c682c7e-929d-4a1f-b506-152712d80f69,Drifting Worlds,IsleEyre,The Wild Chapters,2024-10-20,Pop,197555,0,0.7068,0.4625,4,-10.25,1,0.0099,115.85,859,ZA,True,Capitol Records,2024,10,Sunday,3.29,Low,Moderate,E,Major,True,Q4,True,6.7569,0.5475,5271
666e8e1b-eeb1-4305-8e55-50b107ccf73d,Neon Lost Mountains,SethStone,Memories,2020-01-03,Metal,248335,5,0.2474,1.0,2,-2.42,1,0.1132,118.96,1003,US,False,Independent,2020,1,Friday,4.14,Low,Loud,D,Major,False,Q1,False,6.9117,0.5832,1486
c6fde66e-024c-48c1-bc7e-49f6b519bfb3,Spinning Rain,Knot Hart,Crimson,2022-04-06,R&B,164945,13,0.7429,0.5702,9,-6.94,1,0.004,103.98,12249,IT,False,Catalyst Records,2022,4,Wednesday,2.75,Low,Moderate,A,Major,False,Q2,False,9.4133,0.5881,12111
69f47890-d8e6-42cb-ad37-7fd284310aa5,Sinking Love,Knot Hart,Cloudy Mirrors,2020-10-30,R&B,178234,32,0.5987,0.6643,2,-6.32,1,0.0884,112.84,47429,PL,True,Midnight Records,2020,10,Friday,2.97,Medium,Moderate,D,Major,True,Q4,False,10.767,0.5807,12111
0363a62c-42aa-48a9-978d-1ecd8a6c0aad,Rising Flames,LolaCross,Stories,2020-04-25,Pop,127590,28,0.7238,0.5327,7,-9.41,0,0.002,121.59,49179,IT,False,Apex Records,2020,4,Saturday,2.13,Medium,Moderate,G,Minor,False,Q2,True,10.8032,0.5906,6
8aab65aa-3744-40f4-8a03-2c6b0ed94a82,Fire,PhoenixCore,Empty V,2023-06-18,K-Pop,177369,49,0.8575,0.9535,3,-2.19,1,0.0221,128.77,195157,US,False,Epic Records,2023,6,Sunday,2.96,Medium,Loud,D#,Major,False,Q2,True,12.1816,0.8226,10
beedee34-e7d6-4690-9c60-4f38ba252429,Fire,Knot Hart,Fragments,2022-01-14,R&B,262643,33,0.7139,0.647,3,-6.71,1,0.0104,79.81,13944,US,True,Warner Music Group,2022,1,Friday,4.38,Medium,Moderate,D#,Major,True,Q1,False,9.5429,0.5727,12111
2e4a6b74-8ad1-480c-921b-eac1f27daf56,Midnight Lost Chains,SlateArc,Mystic IV,2023-03-04,Hip-Hop,172104,36,0.8239,0.7731,9,-7.95,1,0.0032,152.64,43588,SE,False,Universal Music Group,2023,3,Saturday,2.87,Medium,Moderate,A,Major,False,Q1,True,10.6826,0.7711,12
7efd3291-71b6-420d-9a77-7acb3d2cf9a8,Distant Wings,Phoenix Cloud,Lights,2024-11-17,Trap,183149,13,0.7285,1.0,7,-5.45,1,0.0646,130.07,6264,AU,False,Prism Audio,2024,11,Sunday,3.05,Low,Loud,G,Major,False,Q4,True,8.7427,0.7915,471
b822bfb0-7373-4531-8aca-6dd5ecf8f26c,Spinning Demons,The Vines,Liquid,2023-09-16,R&B,136007,19,0.68,0.4682,0,-8.36,1,0.0035,125.67,3341,GB,False,Drift Music,2023,9,Saturday,2.27,Low,Moderate,C,Major,False,Q3,True,8.1143,0.5531,44
a8881722-fa75-4474-8948-f880598bf6a2,Fierce Mirrors,Sterling Zen,Hollow Heart,2025-03-17,Folk,196772,35,0.4856,0.4757,7,-11.96,1,0.0967,128.84,100682,PL,False,Island Records,2025,3,Monday,3.28,Medium,Moderate,G,Major,False,Q1,False,11.5197,0.4829,2268
4a6b9143-0e86-43c0-bd15-a931add9d07e,Heavy Islands,SethStone,Ancient Flames,2025-03-23,Metal,136599,32,0.1956,0.9229,11,-6.02,1,0.1568,98.32,31712,MX,True,Neon Label,2025,3,Sunday,2.28,Medium,Moderate,B,Major,True,Q1,True,10.3645,0.5021,1486
7d8efb40-8411-450c-9db0-c805945b55d7,Rain,Rocco Ore,Rivers,2023-04-02,Reggaeton,266416,1,0.916,0.6066,8,-7.61,1,0.0047,99.34,851,CA,False,Nova Records,2023,4,Sunday,4.44,Low,Moderate,G#,Major,False,Q2,True,6.7476,0.6652,1709
e1ccd128-8f6b-48db-b183-9b8baa125b2f,The Memories,RiverFlame,Midnight,2023-09-15,Latin,243948,11,0.8946,0.9158,4,-4.53,0,0.0171,130.87,10818,EG,False,Drift Music,2023,9,Friday,4.07,Low,Loud,E,Minor,False,Q3,False,9.2891,0.8254,422
c7fb14f6-4f8f-463f-964a-e7dc53784989,Breaking Echoes,Knot Hart,Voices,2022-09-28,R&B,302444,43,0.6465,0.4095,9,-9.03,1,0.0274,93.85,241062,IT,False,Def Jam Recordings,2022,9,Wednesday,5.04,Medium,Moderate,A,Major,False,Q3,False,12.3928,0.4708,12111
858b0e0e-3218-4d41-b1e8-4b322bfeaeb7,Drowning Doors,Knot Hart,Deep,2025-11-23,Hip-Hop,97749,2,0.5712,0.7213,10,-6.17,0,0.0041,154.46,215,IT,True,Drift Music,2025,11,Sunday,1.63,Low,Moderate,A#,Minor,True,Q4,True,5.3753,0.6519,12111
cd293e16-1045-4de2-963d-0d1569d21452,Midnight Pages,IsleEyre,Paradise,2025-12-23,Trap,206756,27,0.5265,0.7751,10,-6.63,0,0.0165,156.02,8746,FR,False,Horizon Records,2025,12,Tuesday,3.45,Medium,Moderate,A#,Minor,False,Q4,False,9.0765,0.6578,5271
58cca460-acdd-4dd8-8f9b-770822ba3162,Glass Chains,Dean Reed,The Open Revolutions,2021-12-10,Reggaeton,235664,5,0.9825,0.686,1,-7.1,0,0.0049,97.78,865,CL,False,Prism Audio,2021,12,Friday,3.93,Low,Moderate,C#,Minor,False,Q4,False,6.7639,0.7214,277
c808b870-e076-4614-9740-9587300a9695,Hidden Edges,Knot Hart,Fading Fire,2021-05-29,R&B,217800,19,0.6603,0.6472,0,-7.55,1,0.0948,110.59,12565,US,False,Midnight Records,2021,5,Saturday,3.63,Low,Moderate,C,Major,False,Q2,True,9.4388,0.5953,12111
0f771498-0861-4363-a7e9-d74dc9e23ba2,Scars,Horizon,Journeys,2023-12-28,Jazz,180082,34,0.5748,0.5834,1,-8.9,1,0.4743,121.49,26673,US,False,Indie Collective,2023,12,Thursday,3.0,Medium,Moderate,C#,Major,False,Q4,False,10.1914,0.5511,385
9a8d0404-f7e6-4ea4-9451-735f5250ef02,Waves,Zara Marsh,Young II,2024-05-23,Hip-Hop,186648,24,0.8003,0.5651,3,-8.71,1,0.0132,129.28,13981,BR,False,Wavelength Records,2024,5,Thursday,3.11,Low,Moderate,D#,Major,False,Q2,False,9.5455,0.6451,13
543bfa61-bceb-4935-a9f7-31ea8a0ad30d,Burning Echoes,Knot Hart,Twisted III,2024-01-16,Hip-Hop,268667,32,0.6626,0.787,8,-6.37,1,0.035,123.76,96389,GB,False,Independent,2024,1,Tuesday,4.48,Medium,Moderate,G#,Major,False,Q1,False,11.4762,0.6709,12111
963895e1-de96-4d87-8677-7d75c8351fde,Lost Electric Flames,Horizon,Mystic Angels,2022-04-18,Jazz,182817,33,0.6342,0.6764,4,-7.18,0,0.2147,89.69,31405,US,False,Apex Records,2022,4,Monday,3.05,Medium,Moderate,E,Minor,False,Q2,False,10.3548,0.5667,385
efed0012-8cbc-457f-a21a-20fa9f7c5f0d,Pulling Islands,Sterling Zen,Tales,2024-07-23,Folk,248924,24,0.3899,0.2955,3,-6.53,0,0.0122,92.5,4614,US,True,Stardust Label,2024,7,Tuesday,4.15,Low,Moderate,D#,Minor,True,Q3,False,8.4371,0.3206,2268
025eb16b-5ddf-4c64-99f9-068407dfab22,Silver Mirrors,The Vines,Chapters,2020-04-24,R&B,165869,18,0.3748,0.5742,0,-8.39,1,0.0099,94.1,5959,NG,False,Nova Records,2020,4,Friday,2.76,Low,Moderate,C,Major,False,Q2,False,8.6928,0.4283,44
ac97521a-c4e5-4edc-8812-b2dd17e10430,Wicked,Knot Hart,Blinding Heart,2021-01-02,R&B,262421,3,0.7354,0.4669,10,-9.67,0,0.0003,143.3,2979,IN,False,Indie Collective,2021,1,Saturday,4.37,Low,Moderate,A#,Minor,False,Q1,True,7.9997,0.5999,12111
4ab62457-078d-40e9-a737-b995bdf90f36,Jagged Oceans,Nirvana,Hidden,2024-02-10,R&B,208975,21,0.7725,0.5413,0,-11.02,1,0.0124,114.75,7218,NL,False,Horizon Records,2024,2,Saturday,3.48,Low,Moderate,C,Major,False,Q1,True,8.8845,0.6037,328
eb5f84bc-8ed9-4bd1-8c84-fe02efa30c5d,Lost Oceans,KnoxWilde,The Neon Stories,2022-04-03,Pop,225536,49,0.6917,0.6689,2,-7.27,1,0.0144,118.16,199732,US,False,Universal Music Group,2022,4,Sunday,3.76,Medium,Moderate,D,Major,False,Q2,True,12.2047,0.6273,68
01fb656d-a9d8-454e-a896-5fc639ab6317,Fierce Roses,SilkHollow,Burning,2020-02-10,R&B,212854,71,0.7125,0.5175,3,-7.14,1,0.0194,111.72,5299271,US,False,RCA Records,2020,2,Monday,3.55,High,Moderate,D#,Major,False,Q1,False,15.4831,0.5659,23
380c9ab2-58c9-47a2-a051-4a7414cb4827,Wild Silver Gardens,Jasper Cloud,The Fading Volume,2024-02-04,EDM,210191,19,0.8046,0.6255,0,-8.08,1,0.0473,110.07,15767,DE,False,Spectrum Music,2024,2,Sunday,3.5,Low,Moderate,C,Major,False,Q1,True,9.6657,0.6436,327
c33460fb-ef92-465e-b274-a93dee18b8ab,Lost Rain,SethStone,Frozen Tears,2022-08-03,Pop,246393,18,0.7327,0.6784,11,-11.81,1,0.0597,96.55,21376,CL,False,Pulse Records,2022,8,Wednesday,4.11,Low,Moderate,B,Major,False,Q3,False,9.9701,0.6167,1486
02446385-6889-4cc2-b777-e6e77907442c,Storm,Crest Jay,Verses,2020-03-08,EDM,176521,21,0.5055,0.8686,1,-1.32,1,0.417,142.78,26763,US,True,Neon Label,2020,3,Sunday,2.94,Low,Loud,C#,Major,True,Q1,True,10.1948,0.6679,635
53b49a39-f4bc-44dc-8c92-872233566f53,Edges,CelesteStone,Reflections,2025-03-09,Hip-Hop,257237,11,0.7478,0.407,11,-10.4,0,0.001,122.32,19343,US,False,Columbia Records,2025,3,Sunday,4.29,Low,Moderate,B,Minor,False,Q1,True,9.8701,0.5509,46
3a7f0045-272e-4840-86aa-90350d512e57,Eyes,Frost Nova,The Burning Letters,2022-12-16,Pop,224929,16,0.6545,0.9778,0,-4.41,1,0.0659,136.82,1890,KR,True,Warner Music Group,2022,12,Friday,3.75,Low,Loud,C,Major,True,Q4,False,7.5449,0.7627,862
78cf432f-8495-4b58-ad1d-e008609226d2,Crimson Streets,Knot Hart,Angels,2020-06-13,R&B,166118,36,0.8031,0.5289,9,-5.86,0,0.063,97.53,13626,MX,False,Pulse Records,2020,6,Saturday,2.77,Medium,Loud,A,Minor,False,Q2,True,9.5198,0.5864,12111
4e0dadc2-764a-4d68-b390-e063178b3333,Velvet,Cruz Vine,Velvet,2022-02-07,R&B,202746,27,0.6292,0.5359,7,-4.19,1,0.0333,128.59,17689,EG,False,Bedroom Records,2022,2,Monday,3.38,Medium,Loud,G,Major,False,Q1,False,9.7808,0.564,23
3eb0f151-c4c1-48af-93af-5c3e5ce9b6e0,Burning Mystic Heart,Nirvana,Fragments,2023-11-20,R&B,149617,46,0.7753,0.7438,11,-7.74,1,0.075,108.03,219397,NL,False,Sony Music Entertainment,2023,11,Monday,2.49,Medium,Moderate,B,Major,False,Q4,False,12.2986,0.6763,328
605980b4-6e18-49eb-b6f1-9b629945348e,Reaching Pages,Aria Rose,Neon Love,2020-05-27,Hip-Hop,251557,21,0.7422,0.4517,10,-8.32,0,0.0267,124.21,2615,AU,False,Horizon Records,2020,5,Wednesday,4.19,Low,Moderate,A#,Minor,False,Q2,False,7.8694,0.5693,346
027886fc-98f8-43d4-b396-c039a8a94828,Ancient,Knot Hart,Fleeting Love,2025-07-09,R&B,214370,23,1.0,0.6028,6,-5.5,0,0.0175,121.72,54286,GB,False,Pulse Records,2025,7,Wednesday,3.57,Low,Loud,F#,Minor,False,Q3,False,10.902,0.7293,12111
634fee91-6a65-4db1-b201-a3ff0e7a06fe,Shattered Soul,BlazeCore,Frozen Angels,2023-08-05,Country,199876,27,0.6488,0.7862,10,-7.66,0,0.0387,132.92,12060,AU,False,Echo Studios,2023,8,Saturday,3.33,Medium,Moderate,A#,Minor,False,Q3,True,9.3977,0.6782,460
a650925a-5dbd-4971-bb1b-4efa11da299d,Dark Dreams,Ethereal,Reflections,2020-03-16,Pop,245860,29,0.5704,0.8572,4,-5.17,1,0.0029,107.5,87851,FR,False,Nova Records,2020,3,Monday,4.1,Medium,Loud,E,Major,False,Q1,False,11.3834,0.6389,3232
d6d20f2d-0df2-4b03-8611-59ae7077963a,The Storm,BlazeCore,The Young Wavelengths,2025-09-09,Country,169169,31,0.6122,0.4338,10,-12.43,1,0.017,125.54,19902,JP,False,Atlantic Records,2025,9,Tuesday,2.82,Medium,Quiet,A#,Major,False,Q3,False,9.8986,0.512,460
80710ef4-2b17-4704-8465-39669ced7d12,Liquid Rivers,Knot Hart,The Dark Letters,2022-05-06,Rock,204067,55,0.6984,0.8724,2,-7.12,0,0.0906,143.04,323574,AU,False,RCA Records,2022,5,Friday,3.4,High,Moderate,D,Minor,False,Q2,False,12.6872,0.7469,12111
f22e7e5c-57e6-4942-87d9-ffb452f63814,Urban Hidden Night,BlazeCore,Frozen Roses,2020-03-12,EDM,248382,6,0.7155,0.7412,6,-7.68,1,0.1872,140.03,926,DE,False,Neon Label,2020,3,Thursday,4.14,Low,Moderate,F#,Major,False,Q1,False,6.832,0.697,460
5645a055-5c62-4944-96c7-e4cbb069bba9,Mountains,The Scars,Dimensions,2024-08-08,Rock,229686,15,0.4569,0.7151,3,-8.36,1,0.1413,132.93,11988,AU,False,Catalyst Records,2024,8,Thursday,3.83,Low,Moderate,D#,Major,False,Q3,False,9.3917,0.573,4
6fb63680-fb94-49ed-b14f-e90228de7f9d,Paradise,Knot Hart,Heart,2023-04-30,R&B,144099,68,0.4589,0.5539,10,-12.04,0,0.035,104.99,1068687,US,False,Sony Music Entertainment,2023,4,Sunday,2.4,High,Quiet,A#,Minor,False,Q2,True,13.8819,0.4694,12111
0fea7944-6dcb-4c2f-9145-694a0ef59074,Yearning Echoes,Grove Hill,Whispers,2023-10-23,K-Pop,197586,18,1.0,0.5174,1,-11.15,1,0.0048,133.78,3241,AR,True,Apex Records,2023,10,Monday,3.29,Low,Moderate,C#,Major,True,Q4,False,8.0839,0.7124,8
f62f6355-7897-47e4-814b-f4b47f947d3a,Breathing Lines,Ethereal,The Endless Verses,2020-12-08,Pop,192659,21,0.6288,0.5521,2,-9.12,0,0.0245,109.07,2311,US,False,Indie Collective,2020,12,Tuesday,3.21,Low,Moderate,D,Minor,False,Q4,False,7.7459,0.5425,3232
e567fdb6-03d7-47c3-bc2f-56a0679aadc3,Chasing Worlds,Flora Knight,Roads,2025-08-07,K-Pop,194412,48,0.7107,1.0,6,-2.66,1,0.026,119.21,688511,US,False,Republic Records,2025,8,Thursday,3.24,Medium,Loud,F#,Major,False,Q3,False,13.4423,0.7689,44
c0bfa881-4e53-4ba0-9beb-d69b6792b0ce,Quiet Rivers,Zenith Syndicate,The Raw Fragments,2023-06-05,K-Pop,189824,54,0.8358,0.8622,2,-3.0,0,0.0108,117.05,314128,ES,True,Independent,2023,6,Monday,3.16,High,Loud,D,Minor,True,Q2,False,12.6576,0.7607,125
68fa040b-0203-4849-9508-265b50a535ef,Memories,Frost Nova,Sessions,2023-07-08,Latin,266932,6,1.0,0.7174,8,-4.96,1,0.0156,141.91,2597,AR,False,Interscope Records,2023,7,Saturday,4.45,Low,Loud,G#,Major,False,Q3,True,7.8625,0.804,862
2e85c6b0-fcdd-43f2-8b70-eef53f623531,Frozen,The Peaks,Sacred Love,2021-06-13,Hip-Hop,236017,33,0.8961,0.7516,3,-4.46,1,0.0329,121.17,3356,US,False,Nova Records,2021,6,Sunday,3.93,Medium,Loud,D#,Major,False,Q2,True,8.1188,0.7465,208
583b5d6d-a6f2-4e6f-9874-08cb77b5bc53,Bones,Ember Cloud,Wavelengths,2020-09-18,Country,258843,15,0.5335,0.543,0,-9.23,1,0.0058,102.22,6951,JP,False,Bedroom Records,2020,9,Friday,4.31,Low,Moderate,C,Major,False,Q3,False,8.8468,0.4909,33
d9783936-9904-4573-8e33-55806ee0fdb8,Fierce Winds,Ethereal,Dark Streets,2025-01-02,Pop,181629,58,0.6096,0.7183,2,-7.45,0,0.0127,110.23,446478,DE,False,Drift Music,2025,1,Thursday,3.03,High,Moderate,D,Minor,False,Q1,False,13.0091,0.6029,3232
7c06f055-c1f6-46c1-894b-44ac833d708e,Dark Glass Dreams,IsleEyre,Distant Soul,2021-03-30,Pop,248780,27,0.7957,0.6857,11,-4.99,1,0.0341,125.25,9675,US,False,Midnight Records,2021,3,Tuesday,4.15,Medium,Loud,B,Major,False,Q1,False,9.1774,0.6858,5271
a2b4f9c7-e61f-45c5-84cd-ed23cb6820fe,Fading Love,RiverFlame,Raw Flames,2023-10-10,Latin,185775,45,0.8119,0.7194,3,-6.19,1,0.0016,97.44,275971,US,True,Epic Records,2023,10,Tuesday,3.1,Medium,Moderate,D#,Major,True,Q4,False,12.5281,0.666,422
e7fff478-3bbe-4608-a02f-c8f9506502d3,Opening Roads,Beau North,Liquid,2020-01-08,Pop,221515,39,0.5961,0.8731,5,-3.77,1,0.036,130.67,518506,US,False,Midnight Records,2020,1,Wednesday,3.69,Medium,Loud,F,Major,False,Q1,False,13.1587,0.6886,87
5f30888f-31a5-4c6d-aa44-c8e4f231dc05,Twisted Thunder,Blake Crow,Journeys,2025-01-21,R&B,215489,22,0.785,0.6734,6,-9.01,1,0.0185,105.77,25829,DE,False,Republic Records,2025,1,Tuesday,3.59,Low,Moderate,F#,Major,False,Q1,False,10.1593,0.6487,179
22a4df4a-6db5-4ef8-8894-8625b34636b7,Nights,The Eyres,Cosmic Floors,2024-04-27,EDM,155651,38,0.7239,0.959,10,-7.21,0,0.0103,153.37,98457,TH,True,Bedroom Records,2024,4,Saturday,2.59,Medium,Moderate,A#,Minor,True,Q2,True,11.4974,0.8065,94
376271ce-0d24-43f0-99d6-b86a7091db6b,Endless Harbors,Sterling Zen,Whispers,2024-07-06,Folk,125116,21,0.4236,0.1381,2,-11.86,1,0.1119,101.18,123583,US,False,Prism Audio,2024,7,Saturday,2.09,Low,Moderate,D,Major,False,Q3,True,11.7247,0.2835,2268
54b14aca-7a49-482e-b604-e0afde61265f,Love,Rhys Knight,The Wicked Volume,2022-07-13,Pop,249825,28,0.5527,0.6089,11,-9.15,1,0.025,103.26,17163,US,False,Island Records,2022,7,Wednesday,4.16,Medium,Moderate,B,Major,False,Q3,False,9.7506,0.5264,100
c858834d-9bd1-4e1b-841c-264de927d037,Electric Wings,Knot Hart,Records,2023-08-25,R&B,260587,19,0.905,0.6383,11,-10.82,0,0.0134,137.38,10487,AR,False,Catalyst Records,2023,8,Friday,4.34,Low,Moderate,B,Minor,False,Q3,False,9.258,0.7279,12111
7de13376-c1d9-4f32-a21c-2ca3b34d140d,Crawling Roses,ValeGlass,The Quiet Wavelengths,2025-11-10,Pop,238444,28,0.5807,0.7561,1,-4.8,0,0.0476,109.47,57739,NL,True,Indie Collective,2025,11,Monday,3.97,Medium,Loud,C#,Minor,True,Q4,False,10.9637,0.6054,981
10e53601-4489-497d-b56f-02e570572c0d,Empty Fire,Knot Hart,Hidden II,2024-09-12,R&B,196767,22,0.9173,0.4938,9,-9.9,0,0.036,87.78,33188,KR,False,Prism Audio,2024,9,Thursday,3.28,Low,Moderate,A,Minor,False,Q3,False,10.41,0.6041,12111
48345d6b-114d-46a7-8ad5-e7ed08b0f9d1,Breathing Stars,IsleEyre,The Hollow Files,2024-03-23,Pop,248396,20,0.7785,0.6926,5,-5.18,0,0.0136,141.91,7251,ID,False,Capitol Records,2024,3,Saturday,4.14,Low,Loud,F,Minor,False,Q1,True,8.889,0.7055,5271
e9aa0f7d-5ab3-4816-876d-eddc9141b9d1,Sinking Storm,Ethereal,Demons,2021-10-27,Pop,226913,40,0.9774,0.759,5,-5.85,1,0.0117,112.36,19603,JP,False,Horizon Records,2021,10,Wednesday,3.78,Medium,Loud,F,Major,False,Q4,False,9.8835,0.7694,3232
446e6c5a-9c4b-404b-a54c-29d1f7b04e0c,Memories,Ethereal,Liquid Bridges,2020-04-02,Pop,165489,34,0.6759,0.59,7,-6.1,1,0.0088,116.56,11782,IN,False,Self-Released,2020,4,Thursday,2.76,Medium,Moderate,G,Major,False,Q2,False,9.3744,0.5872,3232
a368a678-52c8-442a-a7dc-ac07f14ee045,Distant Islands,The Wests,Eternal,2025-06-07,R&B,206294,4,0.7696,0.4089,0,-5.53,1,0.0093,137.67,6502,CA,False,Prism Audio,2025,6,Saturday,3.44,Low,Loud,C,Major,False,Q2,True,8.78,0.5824,293
ef6fea29-b804-4f05-bc32-d3e9a945485a,The Roses,Ethereal,The Velvet Files,2023-02-03,Pop,258046,35,0.7555,0.5392,1,-6.94,0,0.0735,96.06,16065,US,False,Neon Label,2023,2,Friday,4.3,Medium,Moderate,C#,Minor,False,Q1,False,9.6845,0.5694,3232
2a16ffb9-3667-4917-b3c4-55670d794845,Falling Paradise,Sterling Zen,Midnight Doors,2023-11-07,EDM,214326,18,0.8147,0.8522,3,-3.54,1,0.4604,132.29,3535,AU,False,Bedroom Records,2023,11,Tuesday,3.57,Low,Loud,D#,Major,False,Q4,False,8.1708,0.77,2268
a7ad5886-3568-4dcb-9c1b-52ec644561dc,Broken,Knot Hart,The Frozen Horizons,2025-10-09,R&B,274700,28,0.8199,0.5757,6,-8.78,0,0.0053,120.66,24575,BR,True,Self-Released,2025,10,Thursday,4.58,Medium,Moderate,F#,Minor,True,Q4,False,10.1095,0.6449,12111
481ac0f3-a50c-46bd-af0b-39129cacdfa4,The Dreams,Ethereal,Ancient,2020-09-07,Pop,136642,23,0.7936,0.463,0,-5.57,0,0.054,120.7,14133,US,False,Horizon Records,2020,9,Monday,2.28,Low,Loud,C,Minor,False,Q3,False,9.5563,0.5894,3232
4e622feb-d66b-4e00-b657-2c9f1bd5d469,Floating Paradise,Knot Hart,Sessions,2022-02-17,R&B,227785,20,0.7501,0.6256,10,-5.38,0,0.0136,109.1,39373,BR,False,Apex Records,2022,2,Thursday,3.8,Low,Loud,A#,Minor,False,Q1,False,10.5809,0.6204,12111
b3f3daf9-7a8c-46a3-9cb9-a02869bcd65d,Empty Bones,Knot Hart,Inner,2024-08-30,R&B,212683,19,0.6393,0.6037,3,-8.76,1,0.0088,115.98,11524,ZA,False,Spectrum Music,2024,8,Friday,3.54,Low,Moderate,D#,Major,False,Q3,False,9.3523,0.5772,12111
bcf71c96-ffb3-4fda-a79c-49bd26ac5d81,Kind,Clay Black,Twisted Paradise,2021-02-21,Pop,188528,13,0.6189,0.5963,9,-10.23,0,0.0251,100.95,35173,CL,False,Universal Music Group,2021,2,Sunday,3.14,Low,Moderate,A,Minor,False,Q1,True,10.4681,0.5446,693
13619469-ac1b-42ed-8107-bdcd9818a643,Bridges,Horizon,Jagged Skies,2022-02-23,Jazz,128271,36,0.4232,0.5564,7,-9.95,0,0.3871,107.02,118764,ES,False,Capitol Records,2022,2,Wednesday,2.14,Medium,Moderate,G,Minor,False,Q1,False,11.6849,0.459,385
db485ed3-e8cf-45c4-b433-b1ad936746b5,Bitter Pages,Crest Jay,Eternal Keys,2021-04-29,Alternative,220187,49,0.6346,0.435,8,-8.43,1,0.0246,130.13,39770,DE,False,Sony Music Entertainment,2021,4,Thursday,3.67,Medium,Moderate,G#,Major,False,Q2,False,10.5909,0.528,635
5e51f4b4-2bf1-4a74-87c3-7b4df49cf89b,Open Demons,Rocco Ore,Burning,2022-08-03,R&B,199222,28,0.7734,0.4176,4,-10.82,0,0.0318,123.94,50775,BR,False,Neon Label,2022,8,Wednesday,3.32,Medium,Moderate,E,Minor,False,Q3,False,10.8352,0.5677,1709
ab2dd342-37c9-4585-ab74-288c3bef599e,The Roses,Ethereal,The Distant Reflections,2024-06-29,Pop,247240,59,0.7316,0.7694,5,-2.55,1,0.0134,116.5,130812,ZA,False,Midnight Records,2024,6,Saturday,4.12,High,Loud,F,Major,False,Q2,True,11.7815,0.6811,3232
f2431102-6c7b-4a10-b223-6df87e71c925,Thunder,Prism Lake,Cloudy III,2025-05-10,Indie,250654,21,0.3973,0.6302,2,-8.18,1,0.1923,106.85,5329,DE,True,Pulse Records,2025,5,Saturday,4.18,Low,Moderate,D,Major,True,Q2,True,8.5811,0.4779,47
955e7f90-a7cd-4cb7-9613-920eefe3e68e,Doors,ElaraRain,Invisible Whispers,2020-04-30,Rock,204818,23,0.3307,0.6043,4,-8.49,1,0.3578,131.93,10850,IN,False,Apex Records,2020,4,Thursday,3.41,Low,Moderate,E,Major,False,Q2,False,9.292,0.4768,1111
b6385538-3f1e-46e9-8247-bbde529100cf,Hidden Bones,Rocco Ore,Dark Keys,2022-08-07,R&B,109872,38,0.6348,0.5635,8,-9.86,1,0.097,116.07,15030,US,False,Interscope Records,2022,8,Sunday,1.83,Medium,Moderate,G#,Major,False,Q3,True,9.6179,0.5594,1709
ab6eabd3-7ff9-4651-a914-f84d96b654af,Lost,Knot Hart,Kind IV,2020-08-18,Alternative,241948,45,0.5272,0.6536,0,-5.78,0,0.08,123.56,239970,DE,False,Warner Music Group,2020,8,Tuesday,4.03,Medium,Loud,C,Minor,False,Q3,False,12.3883,0.5631,12111
fbc7a057-4dfa-4b2b-aa1f-22962c1e1d5b,Young Distant Worlds,IsleEyre,The Empty Notes,2021-08-09,Pop,245904,11,0.7889,0.6939,10,-7.83,0,0.0012,119.34,1577,FR,False,Horizon Records,2021,8,Monday,4.1,Low,Moderate,A#,Minor,False,Q3,False,7.3639,0.6779,5271
b5bbe94a-7e67-414c-880f-a5ce4dca09e0,Scars,Ethereal,Quiet Whispers,2021-12-01,Pop,146335,21,0.7459,0.5135,2,-7.87,1,0.0278,118.24,12043,BR,False,Spectrum Music,2021,12,Wednesday,2.44,Low,Moderate,D,Major,False,Q4,False,9.3963,0.587,3232
2c38df84-0adf-4204-aa8b-87e14cf81484,Rising Memories,Ethereal,Winds,2020-12-10,Pop,192001,50,0.8169,0.8636,7,-5.02,1,0.0011,123.47,112428,BR,True,Wavelength Records,2020,12,Thursday,3.2,High,Loud,G,Major,True,Q4,False,11.6301,0.7629,3232
130995ff-f555-4dc4-ba0b-db239f3fbb27,The Memories,The Dawns,The Raw Files,2023-06-12,Pop,166589,69,0.8373,0.5336,4,-10.53,1,0.0042,108.34,730533,CL,False,Columbia Records,2023,6,Monday,2.78,High,Moderate,E,Major,False,Q2,False,13.5015,0.6174,750
68f28d19-baaf-4c95-95d2-f04dd0e7386b,The Doors,ElaraRain,Cosmic Echoes,2025-03-04,Rock,258257,21,0.548,0.7018,1,-7.9,1,0.331,136.75,53135,BR,False,Stardust Label,2025,3,Tuesday,4.3,Low,Moderate,C#,Major,False,Q1,False,10.8806,0.6096,1111
7afdc875-37d3-40d6-9278-e039a653567b,Cloudy Winds,Clay Black,Wild IV,2025-12-28,Pop,203567,2,0.6488,0.494,0,-9.16,1,0.0238,110.62,1208,US,True,Indie Collective,2025,12,Sunday,3.39,Low,Moderate,C,Major,True,Q4,True,7.0975,0.5294,693
7762911f-7bd2-4935-8088-7b0c16d45410,The Skies,Equinox,Scars,2025-09-03,EDM,100755,31,0.6831,0.8963,8,-6.05,0,0.2149,125.51,27291,NL,False,Island Records,2025,9,Wednesday,1.68,Medium,Moderate,G#,Minor,False,Q3,False,10.2143,0.7253,151
82363d40-aac1-4873-a899-fdd865240082,Heavy Blinding Harbors,Axel Gold,Blinding Mountains,2024-11-15,Hip-Hop,232266,38,0.698,0.8654,2,-7.88,1,0.0067,115.7,48594,US,True,Indie Collective,2024,11,Friday,3.87,Medium,Moderate,D,Major,True,Q4,False,10.7913,0.7049,83
c9537ae0-60c9-4611-be15-01f7d9a66e72,Fleeting Rivers,Faye Lane,Open Storm,2025-09-27,Latin,175327,14,0.6392,0.7213,0,-9.29,1,0.0213,136.03,616,CA,True,Midnight Records,2025,9,Saturday,2.92,Low,Moderate,C,Major,True,Q3,True,6.4249,0.6528,237
5e9985a8-d381-4b66-84e3-8f51108d3f60,Gentle Stars,Silk Nova,Eternal,2021-10-27,Latin,137319,80,0.7661,0.6407,9,-5.61,0,0.0323,94.01,2738518,AU,True,Interscope Records,2021,10,Wednesday,2.29,Very High,Loud,A,Minor,True,Q4,False,14.8229,0.6113,12
36cd1804-5f06-4435-9993-d5a795a6e5df,Jumping Circles,Knot Hart,Wavelengths,2024-03-20,R&B,128091,43,0.6838,0.6227,10,-11.09,0,0.135,80.58,231591,GB,False,Sony Music Entertainment,2024,3,Wednesday,2.13,Medium,Moderate,A#,Minor,False,Q1,False,12.3527,0.552,12111
a0559f32-0f69-4b0e-9c3a-4500f1260ac6,The Islands,Knot Hart,Whispers,2020-07-16,R&B,191322,12,0.8979,0.4127,8,-5.27,1,0.0453,107.76,3033,MX,True,Def Jam Recordings,2020,7,Thursday,3.19,Low,Loud,G#,Major,True,Q3,False,8.0176,0.5925,12111
236a0fcf-f85f-4265-988e-6210ee779e50,Nights,Knot Hart,Kind V,2020-12-14,R&B,188152,12,0.712,0.5576,8,-8.95,1,0.0083,127.49,2043,ES,False,Prism Audio,2020,12,Monday,3.14,Low,Moderate,G#,Major,False,Q4,False,7.6227,0.6043,12111
80c4863f-48ed-4f3b-8229-e6883b7ba62f,Distant Jagged Winds,Hawk Theory,Raw Nights,2025-02-18,Pop,237256,16,0.6248,0.5801,9,-8.78,1,0.0481,113.9,4496,US,False,Spectrum Music,2025,2,Tuesday,3.95,Low,Moderate,A,Major,False,Q1,False,8.4112,0.559,492
dfed7636-02e0-42db-9592-97966ebdd12e,Bitter Burning Stars,Tundra,Shattered Soul,2020-07-29,Disco,227001,9,0.6853,0.6332,2,-8.28,1,0.0773,130.1,5860,IN,False,Apex Records,2020,7,Wednesday,3.78,Low,Moderate,D,Major,False,Q3,False,8.6761,0.6275,25
ba53c72a-a328-485e-9741-0bfb32310a7d,Cosmic Shadows,IsleEyre,Stories,2025-01-24,Pop,255762,16,0.8402,0.6924,1,-8.12,1,0.0136,118.04,5121,ZA,False,Interscope Records,2025,1,Friday,4.26,Low,Moderate,C#,Major,False,Q1,False,8.5413,0.696,5271
10c69dfa-c3f7-460e-ad34-aef5026a735f,Bitter Golden Thunder,Crest Bond,Islands,2021-10-16,Indie,157386,38,0.4362,0.5264,8,-5.69,0,0.0728,121.44,194744,NZ,True,Columbia Records,2021,10,Saturday,2.62,Medium,Loud,G#,Minor,True,Q4,True,12.1794,0.4728,23
d2c49728-bf9b-4bc4-b862-1464f75c3b72,Ghosts,Knot Hart,Golden Nights,2021-04-12,R&B,145322,21,0.5823,0.6759,1,-7.55,1,0.0088,115.9,8578,JP,False,Apex Records,2021,4,Monday,2.42,Low,Moderate,C#,Major,False,Q2,False,9.0571,0.5831,12111
32744af4-7c34-4058-9905-520284c1a846,Mirrors,Whisper,Eternal Waves,2021-11-14,Latin,274585,16,0.6365,0.6643,1,-5.89,1,0.0388,112.95,1014,AU,False,Def Jam Recordings,2021,11,Sunday,4.58,Low,Loud,C#,Major,False,Q4,True,6.9226,0.596,29
15a1a3e3-4bea-4c01-a31d-a37bfd01a5b0,Golden,Ethereal,Frequencies,2023-07-06,Pop,90000,77,0.6669,0.4069,11,-11.88,1,0.0101,116.17,1604819,CO,False,RCA Records,2023,7,Thursday,1.5,Very High,Moderate,B,Major,False,Q3,False,14.2885,0.5098,3232
c17946cf-20bb-43e4-a592-fc5554eb7e30,Vivid Waves,Knot Hart,Shattered Stars,2021-06-02,R&B,288464,32,0.779,0.6208,10,-6.49,1,0.1115,87.95,23019,CO,True,Echo Studios,2021,6,Wednesday,4.81,Medium,Moderate,A#,Major,True,Q2,False,10.0441,0.5998,12111
db8128ce-6aa9-46c8-9f38-e6b821ab2df7,Blinding Shattered Shadows,Rocco Ore,Wavelengths,2023-06-13,Trap,93025,15,0.4464,0.44,2,-8.54,1,0.0388,151.71,3707,BR,True,Midnight Records,2023,6,Tuesday,1.55,Low,Moderate,D,Major,True,Q2,False,8.2182,0.4856,1709
93949d86-f06f-4b1c-bfed-74deee4de0e4,Edges,IsleEyre,Journeys,2023-03-06,Pop,210736,7,0.8572,0.7735,5,-5.92,1,0.0188,134.41,2416,US,True,Stardust Label,2023,3,Monday,3.51,Low,Loud,F,Major,True,Q1,False,7.7903,0.7586,5271
e4c17250-3281-4d7a-b522-fe8fa447a89d,Leaving Scars,IsleEyre,Chains,2024-04-01,Pop,240460,54,0.6385,0.656,6,-11.85,1,0.0523,108.41,162376,DE,True,Island Records,2024,4,Monday,4.01,High,Moderate,F#,Major,True,Q2,False,11.9977,0.587,5271
879f2b9f-0169-4954-a81a-07241d7ae0b5,Roses,IsleEyre,Love,2020-09-04,Pop,162034,18,0.4717,0.6155,11,-6.38,1,0.0236,112.44,4169,BR,False,Midnight Records,2020,9,Friday,2.7,Low,Moderate,B,Major,False,Q3,False,8.3357,0.5098,5271
c7a7d73d-9531-4bdc-b195-ea7d81b9a028,The Roses,Grove Nova,Frozen Flames,2024-04-29,Alternative,228188,90,0.6297,0.6017,6,-8.61,1,0.412,151.59,43345015,IN,True,Columbia Records,2024,4,Monday,3.8,Very High,Moderate,F#,Major,True,Q2,False,17.5847,0.6234,124
d64d5699-3720-415a-831b-e7a20e35b71a,Memories,ElaraRain,Jagged,2020-06-23,Rock,295277,11,0.379,0.7731,10,-8.47,1,0.0524,93.66,17123,FR,True,Wavelength Records,2020,6,Tuesday,4.92,Low,Moderate,A#,Major,True,Q2,False,9.7482,0.5089,1111
4b50916a-9d01-4e24-9ff7-c70325d01927,Paradise,IsleEyre,Glass Islands,2024-08-05,Pop,175003,32,0.7985,0.6674,0,-8.65,1,0.0085,105.42,44110,GB,True,Warner Music Group,2024,8,Monday,2.92,Medium,Moderate,C,Major,True,Q3,False,10.6945,0.6512,5271
79158d0d-e91e-480c-937c-f3e8cd49cd34,Burning Oceans,Crest Jay,Paper,2020-05-23,EDM,209915,46,0.5083,0.8136,1,-4.33,1,0.1011,131.73,351956,IT,False,Epic Records,2020,5,Saturday,3.5,Medium,Loud,C#,Major,False,Q2,True,12.7713,0.6312,635
3b1dd0c8-eeb7-450b-8128-7978c280d196,Falling Stars,Indie Lake,The Hollow Chronicles,2022-12-23,Rock,225022,47,0.6189,0.7765,0,-2.62,0,0.0376,146.84,165997,MY,True,Prism Audio,2022,12,Friday,3.75,Medium,Loud,C,Minor,True,Q4,False,12.0197,0.6822,247
07e8eb62-6c4e-400e-bd1f-ca771e8a4c1d,Bitter Paradise,IsleEyre,Lost,2025-06-16,Pop,285266,32,0.6178,0.5804,6,-8.1,1,0.02,130.56,21888,US,False,Wavelength Records,2025,6,Monday,4.75,Medium,Moderate,F#,Major,False,Q2,False,9.9937,0.5801,5271
fc4dab88-5423-4924-b958-903eefbd5230,Scars,Sterling Zen,Jagged Harbors,2022-07-30,Folk,253215,26,0.5598,0.3815,9,-12.37,1,0.0775,118.15,39887,GB,True,Capitol Records,2022,7,Saturday,4.22,Medium,Quiet,A,Major,True,Q3,True,10.5938,0.4596,2268
e9633ab4-f06c-43dd-9c0d-4de085c97f87,Flames,Knot Hart,The Silver Notes,2020-01-15,Latin,228312,37,0.8572,0.7324,9,-3.64,1,0.0197,112.91,22855,FR,False,Def Jam Recordings,2020,1,Wednesday,3.81,Medium,Loud,A,Major,False,Q1,False,10.037,0.7114,12111
57e01ebd-1341-463b-9c09-9203a4731683,Rivers,Knot Hart,Silver Soul,2023-12-07,R&B,150825,17,0.643,0.4607,1,-7.31,0,0.0559,106.19,9560,GB,False,Nova Records,2023,12,Thursday,2.51,Low,Moderate,C#,Minor,False,Q4,False,9.1654,0.5075,12111
4624dad5-7370-4273-8ffe-41463c4da3f9,The Rain,Aria Rose,Hollow Circles,2024-10-06,Hip-Hop,234573,16,0.6224,0.5756,8,-14.67,0,0.0046,161.44,24934,NZ,False,Interscope Records,2024,10,Sunday,3.91,Low,Quiet,G#,Minor,False,Q4,True,10.124,0.6241,346
12268d65-666d-4074-89da-5fb000a1aa95,Gentle Angels,Knot Hart,Portraits,2025-11-11,R&B,196532,24,0.6528,0.6313,1,-10.25,1,0.0422,106.15,20025,GB,False,Spectrum Music,2025,11,Tuesday,3.28,Low,Moderate,C#,Major,False,Q4,False,9.9048,0.5796,12111
161a691d-3611-48c4-8083-7233dad38fcf,Distant Soul,ElaraRain,Paper,2022-10-25,Rock,190580,54,0.4595,0.8331,1,-6.8,1,0.193,142.41,561584,US,True,Apex Records,2022,10,Tuesday,3.18,High,Moderate,C#,Major,True,Q4,False,13.2385,0.6348,1111
e5345425-81d2-4328-ad04-177b62c7ffc7,Raw,Phantasm,Dark Echoes,2022-02-02,Soul,210835,40,0.3847,0.5557,8,-7.96,1,0.0684,112.87,78011,US,False,Columbia Records,2022,2,Wednesday,3.51,Medium,Moderate,G#,Major,False,Q1,False,11.2646,0.4517,242
4edc41ee-f743-4677-929c-7324a3a30f00,Fierce Vivid Lines,Knot Hart,Urban Thunder,2023-12-29,Latin,144822,4,0.6584,0.484,7,-12.13,1,0.0041,88.24,1245,US,False,Indie Collective,2023,12,Friday,2.41,Low,Quiet,G,Major,False,Q4,False,7.1277,0.4973,12111
148aa1cb-2d74-4cf8-90f4-9fa2c68c747b,Bitter Eyes,Frost Nova,Silver Voices,2024-02-29,Latin,143291,7,0.7115,0.5957,3,-6.48,0,0.0328,106.41,6348,KR,True,Wavelength Records,2024,2,Thursday,2.39,Low,Moderate,D#,Minor,True,Q1,False,8.7561,0.5892,862
3f62ad41-a1c9-400d-a319-c7aa71773fb5,Rivers,IsleEyre,Diaries,2025-04-28,Pop,165046,8,0.8736,0.7776,2,-4.05,0,0.0213,119.0,4859,NZ,False,Midnight Records,2025,4,Monday,2.75,Low,Loud,D,Minor,False,Q2,False,8.4888,0.7448,5271
52471abc-08df-45bf-a7bb-9e56e13ea2a7,Shadows,Shade Empire,Mystic,2020-02-27,Indie,129744,31,0.6072,0.5024,4,-8.46,0,0.0373,109.22,10072,IT,False,Columbia Records,2020,2,Thursday,2.16,Medium,Moderate,E,Minor,False,Q1,False,9.2176,0.5142,14
04de9631-eea8-4f2c-a2ca-b93b49730503,Midnight Eyes,Rocco Ore,Silent,2022-02-27,R&B,238233,41,0.6541,0.5259,4,-5.55,1,0.015,105.22,21415,DE,False,Atlantic Records,2022,2,Sunday,3.97,Medium,Loud,E,Major,False,Q1,True,9.9719,0.5366,1709
2c79dda9-88fa-4261-bb5c-b044a3bccfeb,The Mountains,Beau North,Urban Ghosts,2021-11-26,Pop,210457,19,0.7882,0.7453,0,-7.33,0,0.0028,125.96,3422,US,True,Nova Records,2021,11,Friday,3.51,Low,Moderate,C,Minor,True,Q4,False,8.1383,0.7076,87
7f7cd9b5-6ee2-47be-8800-a91825da9cd0,Velvet Stars,ValeGlass,The Urban Chronicles,2020-05-07,Pop,237336,40,0.6003,0.5562,0,-8.46,1,0.0359,109.07,96675,IN,False,Sony Music Entertainment,2020,5,Thursday,3.96,Medium,Moderate,C,Major,False,Q2,False,11.4791,0.5327,981
c9545ae6-0d9e-4971-b787-9fa2003ae5ef,Neon Thunder,Knot Hart,Pages,2025-03-04,R&B,301717,15,0.582,0.7094,3,-6.48,1,0.0533,129.6,3044,US,False,Self-Released,2025,3,Tuesday,5.03,Low,Moderate,D#,Major,False,Q1,False,8.0213,0.616,12111
e28a52a9-471c-4240-a296-e8dd6da4d2fc,The Whispers,Phoenix Cloud,Wavelengths,2025-09-17,Trap,128407,21,1.0,0.9005,7,-5.21,0,0.0374,160.9,10489,KR,False,Pulse Records,2025,9,Wednesday,2.14,Low,Loud,G,Minor,False,Q3,False,9.2582,0.9043,471
d5350c60-ca53-4838-8998-1ed7bbe2409a,Lost,Aria Scar,The Midnight Portraits,2024-07-27,Pop,131105,45,0.7789,0.7429,1,-5.77,0,0.0078,134.54,82502,US,True,Midnight Records,2024,7,Saturday,2.19,Medium,Loud,C#,Minor,True,Q3,True,11.3206,0.7152,16
335d57a4-7531-46b6-ae77-63003527fbfa,Stars,Clay Black,Endless Waves,2022-09-30,Pop,224675,32,0.7309,0.6379,6,-7.03,1,0.0281,124.36,22777,SG,False,Catalyst Records,2022,9,Friday,3.74,Medium,Moderate,F#,Major,False,Q3,False,10.0336,0.6395,693
57e749e3-4a42-4fc1-be00-6dd40886e052,Worlds,Nash Gray,Fleeting,2020-03-04,K-Pop,261571,20,0.7541,0.6883,2,-3.51,1,0.0041,127.29,12258,GB,False,Warner Music Group,2020,3,Wednesday,4.36,Low,Loud,D,Major,False,Q1,False,9.414,0.6731,85
7642c2ff-ca06-4bda-81a5-b3130a8cf0e6,Shadows,Rhys Frost,Lost Skies,2025-01-01,Indie,247336,23,0.4317,0.6192,7,-6.69,0,0.0078,115.03,9145,MX,True,Pulse Records,2025,1,Wednesday,4.12,Low,Moderate,G,Minor,True,Q1,False,9.1211,0.499,45
b0a622c8-c622-4709-9a9b-4b8b476218d0,Distant Keys,Knot Hart,The Shattered Records,2025-03-22,R&B,196283,35,0.9527,0.7061,9,-7.47,0,0.011,107.42,61871,AR,True,Prism Audio,2025,3,Saturday,3.27,Medium,Moderate,A,Minor,True,Q1,True,11.0328,0.7313,12111
f1244210-79bd-46ca-b2bd-a17827e988ed,Invisible Voices,Knot Hart,Wavelengths,2020-05-31,R&B,200257,24,0.8819,0.5224,2,-5.61,1,0.0103,111.65,17414,AU,True,Capitol Records,2020,5,Sunday,3.34,Low,Loud,D,Major,True,Q2,True,9.7651,0.6355,12111
6bbd2361-fbb3-46de-87b1-9365fb1b5814,Lost Hollow Tears,Crest Jay,The Fading Chronicles,2024-08-21,EDM,156724,36,0.8414,0.6543,4,-6.89,1,0.0145,130.34,59325,DE,False,Neon Label,2024,8,Wednesday,2.61,Medium,Moderate,E,Major,False,Q3,False,10.9908,0.6988,635
a0e7913c-a2fb-4016-9616-3914699ae319,Urban Roses,Sterling Zen,Sacred,2023-01-07,Folk,206508,18,0.4993,0.3032,4,-10.68,1,0.0296,141.39,2318,US,False,Stardust Label,2023,1,Saturday,3.44,Low,Moderate,E,Major,False,Q1,True,7.7489,0.4373,2268
1717ce8d-923c-46ec-b054-fd2482790c24,Raw Kind Soul,Indie Vine,The Hidden Dimensions,2021-06-19,EDM,202776,31,0.7002,0.9176,1,-3.43,1,0.2289,125.94,23631,US,False,Spectrum Music,2021,6,Saturday,3.38,Medium,Loud,C#,Major,False,Q2,True,10.0704,0.7413,58
424e74cc-b1cb-46bd-9fc2-6511941381d5,Electric Streets,Pandora,Crystal Bridges,2022-03-19,EDM,173733,35,0.6741,0.7333,5,-9.46,0,0.2051,137.56,31771,GB,False,Self-Released,2022,3,Saturday,2.9,Medium,Moderate,F,Minor,False,Q1,True,10.3663,0.6738,24
b4a6fdfb-1a96-42ff-ac35-1500b8f36406,Empty Inner Eyes,Ethereal,Records,2023-01-28,Rock,120486,23,0.5282,0.7683,6,-8.93,1,0.0302,152.58,21788,IT,True,Indie Collective,2023,1,Saturday,2.01,Low,Moderate,F#,Major,True,Q1,True,9.9892,0.6509,3232
31c0a71f-94fe-4418-83fc-02a70b7881d4,Gentle Mystic Flames,Knot Hart,Liquid,2022-05-02,Pop,285643,21,0.7601,0.6296,3,-9.04,1,0.0651,111.06,10196,US,False,Republic Records,2022,5,Monday,4.76,Low,Moderate,D#,Major,False,Q2,False,9.2298,0.6288,12111
a68ddab5-1d70-4831-a2b5-417487e7aace,The Fire,Lola North,Love,2025-10-15,Indie,207018,3,0.5304,0.5966,8,-11.62,1,0.02,86.4,542,CL,False,Bedroom Records,2025,10,Wednesday,3.45,Low,Moderate,G#,Major,False,Q4,False,6.2971,0.4885,155
a144c0d1-f7e3-455f-87bf-bfeecf17370b,The Islands,IsleEyre,Jagged,2021-09-15,Pop,229792,53,0.7978,0.4585,3,-14.38,1,0.0225,118.22,994763,FR,False,Spectrum Music,2021,9,Wednesday,3.83,High,Quiet,D#,Major,False,Q3,False,13.8103,0.5857,5271
22ad27bf-fa06-4f4c-9852-551badccaa2b,The Waves,Vera Rain,Twisted IV,2025-02-26,Folk,278857,22,0.4835,0.4192,11,-9.62,0,0.0448,134.58,2616,US,True,Nova Records,2025,2,Wednesday,4.65,Low,Moderate,B,Minor,True,Q1,False,7.8698,0.4676,91
10346d84-ba85-4572-b9b8-a4b0939766e6,Silent Shadows,Sterling Zen,Rivers,2022-11-22,Folk,150489,21,0.4399,0.3215,6,-12.28,1,0.1364,86.4,2854,US,False,Cipher Music,2022,11,Tuesday,2.51,Low,Quiet,F#,Major,False,Q4,False,7.9568,0.3423,2268
b024bd63-1f63-473e-b299-859afd3e6b47,Pulling Paradise,RiverFlame,The Endless Revolutions,2021-01-28,Pop,218314,35,0.7095,0.6292,8,-7.51,0,0.043,116.05,14989,BR,False,Pulse Records,2021,1,Thursday,3.64,Medium,Moderate,G#,Minor,False,Q1,False,9.6151,0.6156,422
9bb00c7d-754c-4c84-9349-5155bc799b3a,The Demons,Knot Hart,The Golden Portraits,2020-03-15,Hip-Hop,289250,17,0.6215,0.7231,3,-8.12,1,0.0271,126.93,2287,NL,False,Indie Collective,2020,3,Sunday,4.82,Low,Moderate,D#,Major,False,Q1,True,7.7354,0.6335,12111
e401bfa5-c7cc-41a0-ad52-e892db268486,Fading Worlds,Luna Ink,Cloudy Mountains,2022-10-22,Hip-Hop,250608,14,0.7385,0.6076,4,-7.23,1,0.0001,127.59,4177,IT,False,Midnight Records,2022,10,Saturday,4.18,Low,Moderate,E,Major,False,Q4,True,8.3376,0.635,577
07b4fd02-e292-47e3-a917-ea4cc411b77c,Leaving Roads,Sterling Zen,Midnight Eyes,2021-07-24,Folk,220078,8,0.4132,0.5028,11,-7.19,0,0.0008,104.94,1376,NG,False,Neon Label,2021,7,Saturday,3.67,Low,Moderate,B,Minor,False,Q3,True,7.2277,0.4306,2268
c8cd0351-e66f-407c-9852-926543a079e0,The Bones,The Dawns,Mirrors,2020-05-17,Rock,181061,25,0.681,0.6454,8,-7.52,1,0.0189,131.63,10905,PL,False,Nova Records,2020,5,Sunday,3.02,Medium,Moderate,G#,Major,False,Q2,True,9.2971,0.6329,750
c73cc237-adc5-4391-adfb-c32693791ac2,Oceans,Knot Hart,Twisted III,2021-10-16,R&B,141913,7,0.4814,0.4669,3,-7.82,1,0.0606,106.79,252,IN,True,Indie Collective,2021,10,Saturday,2.37,Low,Moderate,D#,Major,True,Q4,True,5.5334,0.4462,12111
f972a835-c0bb-4701-922a-fe45189e719c,Gentle Roses,The Peaks,Chapters,2021-04-20,Hip-Hop,282245,29,0.7714,0.5907,10,-7.5,1,0.016,158.77,5341,US,True,Nova Records,2021,4,Tuesday,4.7,Medium,Moderate,A#,Major,True,Q2,False,8.5834,0.6859,208
2fd1a46d-4a0b-49a6-81da-2932e9789d60,Velvet Winds,Prism Lake,Broken Fire,2021-12-09,Indie,231389,32,0.5031,0.6511,3,-6.31,1,0.096,124.36,28173,DE,True,Warner Music Group,2021,12,Thursday,3.86,Medium,Moderate,D#,Major,True,Q4,False,10.2462,0.5536,47
125e2596-b93e-4a13-b6a1-2da39d3cf284,Cloudy Paradise,Knot Hart,Glass III,2021-12-20,R&B,178659,21,0.6315,0.7085,3,-5.94,0,0.0113,110.41,6105,US,False,Midnight Records,2021,12,Monday,2.98,Low,Loud,D#,Minor,False,Q4,False,8.717,0.608,12111
bb4b7a01-453f-4ddb-8f89-65650d1ca9c2,Ancient Gardens,Knot Hart,Endless Storm,2024-10-24,R&B,132826,21,0.789,0.62,6,-10.78,0,0.0316,102.84,6342,GB,False,Horizon Records,2024,10,Thursday,2.21,Low,Moderate,F#,Minor,False,Q4,False,8.7551,0.6248,12111
c266dba0-a3e5-4ca3-a4a0-3bb31d36403f,Mountains,Knot Hart,Open,2022-06-15,R&B,192460,15,0.8473,0.7308,10,-1.39,1,0.0171,117.86,874,ID,True,Indie Collective,2022,6,Wednesday,3.21,Low,Loud,A#,Major,True,Q2,False,6.7742,0.7139,12111
660ba96d-b04b-4cc7-93fd-6cb9943d302b,Night,Hawk Theory,Blinding Pages,2023-06-20,Soul,193712,25,0.5914,0.5966,7,-10.73,0,0.0213,65.62,14486,GB,False,Midnight Records,2023,6,Tuesday,3.23,Medium,Moderate,G,Minor,False,Q2,False,9.581,0.4832,492
4c4b60ce-d5da-4626-b395-43cd3fa0b86e,Mirrors,Clay Black,Fierce IV,2021-05-31,Pop,193408,5,0.5584,0.6908,7,-2.26,0,0.0065,103.97,3385,US,False,Independent,2021,5,Monday,3.22,Low,Loud,G,Minor,False,Q2,False,8.1274,0.5625,693
9c78b3f8-3495-44d7-8483-2c2cafbeeeac,Shattered,ValeGlass,Files,2023-02-04,Reggaeton,221414,27,0.7487,0.6864,1,-8.75,0,0.0053,75.38,6862,JP,False,Midnight Records,2023,2,Saturday,3.69,Medium,Moderate,C#,Minor,False,Q1,True,8.8339,0.596,981
3f520d7c-84fc-4bc9-9fb5-449c558507e6,Flames,Knot Hart,The Urban Fragments,2020-11-25,R&B,293996,3,0.6863,0.5367,10,-10.52,1,0.0209,109.22,1782,US,True,Independent,2020,11,Wednesday,4.9,Low,Moderate,A#,Major,True,Q4,False,7.4861,0.5595,12111
3f8c3c34-c959-4dbb-a3a4-0221f33c7bad,Mountains,Ethereal,The Endless Sessions,2021-05-29,Disco,200752,29,0.8541,0.9085,3,-3.84,1,0.0692,110.92,11064,GB,True,Self-Released,2021,5,Saturday,3.35,Medium,Loud,D#,Major,True,Q2,True,9.3115,0.7778,3232
0da9ff7c-f46b-4553-b87b-a7738e7a7ad3,Flying Fire,The Dawns,Deep III,2023-10-09,Pop,227262,10,0.7878,0.6595,10,-7.81,1,0.0548,108.21,2280,GB,False,Spectrum Music,2023,10,Monday,3.79,Low,Moderate,A#,Major,False,Q4,False,7.7324,0.6478,750
31c72fd7-febf-4e7a-a88c-bed1941ac45f,Dancing Winds,SethStone,Velvet Dreams,2020-12-26,K-Pop,185696,35,0.6829,0.7863,1,-8.63,1,0.0155,146.9,46674,IT,False,Atlantic Records,2020,12,Saturday,3.09,Medium,Moderate,C#,Major,False,Q4,True,10.751,0.7118,1486
d5b98534-a706-4c97-932a-86e9927a73e1,Chasing Circles,The Oaks,Horizons,2023-06-10,R&B,271158,23,1.0,0.4229,3,-10.91,1,0.0223,118.62,10146,AU,False,Cipher Music,2023,6,Saturday,4.52,Low,Moderate,D#,Major,False,Q2,True,9.2249,0.6529,10
31ccd379-7dee-4053-ba6a-0341b73cffce,Dark Ghosts,Knot Hart,The Deep Tapes,2024-07-17,R&B,234510,14,0.8357,0.5318,6,-6.34,1,0.0603,115.21,3781,CL,False,Sony Music Entertainment,2024,7,Wednesday,3.91,Low,Moderate,F#,Major,False,Q3,False,8.238,0.6259,12111
abb8b2c5-bfb4-4477-9e50-37ec3b49ae5d,Falling Flames,Nirvana,The Neon Wavelengths,2022-02-02,R&B,147685,15,0.5519,0.5164,3,-8.99,0,0.0301,105.93,6673,US,False,Prism Audio,2022,2,Wednesday,2.46,Low,Moderate,D#,Minor,False,Q1,False,8.806,0.4929,328
19af3e1b-7768-443e-a55e-e61a60945c25,Jumping Edges,Ethereal,Shadows,2025-08-31,Pop,230654,15,0.5855,0.9407,6,-6.6,1,0.0108,122.88,7181,US,True,Echo Studios,2025,8,Sunday,3.84,Low,Moderate,F#,Major,True,Q3,True,8.8793,0.7003,3232
2a5ba124-e059-4ad9-9238-5befdf5a364a,The Rivers,Sterling Zen,Gentle,2023-02-04,Folk,216306,22,0.4924,0.4728,0,-5.67,0,0.0423,111.44,32758,GB,False,Wavelength Records,2023,2,Saturday,3.61,Low,Loud,C,Minor,False,Q1,True,10.3969,0.4596,2268
5aab8a97-6bcc-412e-9445-631d234a53eb,Ancient,Faye Lane,Records,2024-08-26,Country,227091,33,0.5954,0.5235,0,-8.06,0,0.1704,133.0,34896,US,False,Independent,2024,8,Monday,3.78,Medium,Moderate,C,Minor,False,Q3,False,10.4602,0.5518,237
64b4c7b4-74a8-4539-bf80-1b49d1b0f5e4,Dreams,Nirvana,Eyes,2020-07-27,R&B,171923,19,0.7397,0.6977,11,-6.12,1,0.0134,132.01,8433,US,False,Stardust Label,2020,7,Monday,2.87,Low,Moderate,B,Major,False,Q3,False,9.04,0.6778,328
6ab17524-5762-43eb-b86c-76631c4416c3,Night,The Clouds,Urban,2024-11-27,Alternative,181834,61,0.4122,0.4971,5,-7.33,1,0.0862,174.3,914724,CA,False,Universal Music Group,2024,11,Wednesday,3.03,High,Moderate,F,Major,False,Q4,False,13.7264,0.527,8
5f83abb9-e199-48a2-be93-18ed81cdc13b,Wings,Knot Hart,Fierce Streets,2020-01-15,R&B,205930,29,0.6555,0.4626,7,-6.38,1,0.0111,84.35,9411,IN,False,Drift Music,2020,1,Wednesday,3.43,Medium,Moderate,G,Major,False,Q1,False,9.1497,0.482,12111
438897fa-c129-42d0-8b16-9dfd2702535a,Spinning Paradise,Knot Hart,The Kind Sessions,2025-04-09,R&B,187802,34,0.7965,0.4323,2,-13.74,1,0.0021,108.11,40644,GB,False,Catalyst Records,2025,4,Wednesday,3.13,Medium,Quiet,D,Major,False,Q2,False,10.6126,0.5602,12111
a60731c7-5e68-4856-b90f-57b0396ee916,Frozen Worlds,Isle Jay,Hidden Lines,2025-06-10,Latin,219375,11,0.9673,0.6641,5,-7.37,0,0.0106,89.45,670,US,False,Sony Music Entertainment,2025,6,Tuesday,3.66,Low,Moderate,F,Minor,False,Q2,False,6.5088,0.6946,241
cb706137-4da9-4e33-8f7e-3088152c9491,Kind Stars,Frost Nova,Gentle Love,2023-12-12,Latin,242437,16,0.8635,0.5869,7,-8.43,0,0.001,102.22,5632,FR,True,Epic Records,2023,12,Tuesday,4.04,Low,Moderate,G,Minor,True,Q4,False,8.6364,0.6405,862
a36dbc74-d99c-413a-8bca-99d16a80ec6c,The Worlds,IsleEyre,The Mystic Tapes,2021-05-12,Pop,229654,67,0.8682,0.7861,6,-6.32,1,0.0403,121.72,1894289,SE,False,Epic Records,2021,5,Wednesday,3.83,High,Moderate,F#,Major,False,Q2,False,14.4544,0.7499,5271
5a15c093-38fc-4c3c-bec4-21ae71cab4c9,Urban Ghosts,Knot Hart,Angels,2025-04-17,R&B,155148,18,0.6425,0.8298,0,-7.28,1,0.0068,120.91,2739,IN,False,Indie Collective,2025,4,Thursday,2.59,Low,Moderate,C,Major,False,Q2,False,7.9157,0.6759,12111
1af6cbbf-5bbc-40cf-900a-68a0f64a88e9,Dreams,Knot Hart,The Midnight Stories,2020-08-12,R&B,219690,71,0.8339,0.724,11,-5.15,1,0.0101,99.35,2279736,DE,False,Warner Music Group,2020,8,Wednesday,3.66,High,Loud,B,Major,False,Q3,False,14.6396,0.6794,12111
0a751ea3-aa9f-4f29-9048-2e30e3bc5760,The Keys,WaveArc,Echoes,2020-07-09,R&B,251422,58,0.7965,0.6369,10,-10.04,1,0.0083,129.79,313007,GB,False,Capitol Records,2020,7,Thursday,4.19,High,Moderate,A#,Major,False,Q3,False,12.654,0.6731,41
25f10e3e-69af-4c99-91c2-8a66bb0db467,Midnight Memories,Knot Hart,Inner IV,2022-06-28,R&B,294683,41,0.5386,0.4397,9,-9.65,1,0.0119,97.03,181675,CA,False,Warner Music Group,2022,6,Tuesday,4.91,Medium,Moderate,A,Major,False,Q2,False,12.11,0.4442,12111
fa51d5cd-4539-4c19-abb8-23efc72559d8,Jagged Glass Worlds,IsleEyre,Fierce III,2020-11-01,Pop,216763,20,0.6427,0.7101,0,-10.87,1,0.0006,105.02,2745,GB,True,Spectrum Music,2020,11,Sunday,3.61,Low,Moderate,C,Major,True,Q4,True,7.9179,0.6054,5271
be674557-af00-4def-95c0-8291b40a02e8,Blinding Fire,Knot Hart,Tapes,2022-09-30,R&B,247321,14,0.6871,0.7062,3,-8.91,0,0.008,102.51,886,ZA,False,Drift Music,2022,9,Friday,4.12,Low,Moderate,D#,Minor,False,Q3,False,6.7878,0.618,12111
1a6baef7-8dc7-4d5a-b3e8-5dc89bcbd704,Flames,Ethereal,Gardens,2021-09-28,Rock,277745,65,0.6641,0.582,7,-8.36,1,0.1603,111.75,1555374,NL,False,Sony Music Entertainment,2021,9,Tuesday,4.63,High,Moderate,G,Major,False,Q3,False,14.2572,0.5724,3232
b12e6353-e9d9-4b6c-8fef-13d262e6d89b,Shadows,Knot Hart,Vivid Ghosts,2021-03-31,R&B,252940,39,0.6192,0.457,2,-8.66,1,0.0043,83.78,64750,US,False,Bedroom Records,2021,3,Wednesday,4.22,Medium,Moderate,D,Major,False,Q1,False,11.0783,0.4645,12111
08501490-5d3d-4817-a70a-ebb024720c37,Broken,SethStone,Reflections,2025-07-31,Metal,167651,32,0.2929,0.9646,8,-3.86,1,0.345,155.57,23358,MX,True,Wavelength Records,2025,7,Thursday,2.79,Medium,Loud,G#,Major,True,Q3,False,10.0587,0.6395,1486
b016e3e2-1ba4-45b7-8c6b-f0d9bd4f3486,Demons,Knot Hart,The Mystic Portraits,2022-07-19,R&B,312758,22,0.6196,0.5482,11,-10.72,1,0.0106,98.28,3869,US,False,Island Records,2022,7,Tuesday,5.21,Low,Moderate,B,Major,False,Q3,False,8.261,0.5218,12111
23788dd6-74ea-4f97-88d0-a92fde337493,Breathing Ghosts,Sable Ash,The Crimson Dimensions,2024-01-06,K-Pop,266915,54,0.7888,0.916,1,-7.58,1,0.0006,127.77,338174,US,True,Stardust Label,2024,1,Saturday,4.45,High,Moderate,C#,Major,True,Q1,True,12.7313,0.7787,92
ca9a239f-0184-4e13-8644-7249d762c7de,Sinking Love,Knot Hart,Files,2022-07-30,R&B,259743,6,0.8638,0.4245,7,-9.03,0,0.0058,98.62,1707,US,True,Interscope Records,2022,7,Saturday,4.33,Low,Moderate,G,Minor,True,Q3,True,7.4431,0.5705,12111
e7b47894-4982-49e9-8c63-7f16f54a0b55,Jagged Scars,ElaraRain,Golden,2025-08-23,Metal,193443,9,0.2761,0.9844,5,-4.94,0,0.1212,108.74,2354,ES,False,Pulse Records,2025,8,Saturday,3.22,Low,Loud,F,Minor,False,Q3,True,7.7643,0.5738,1111
45404c5a-3f44-4727-95fe-b8ee297a921c,Cloudy Mirrors,Rhys King,Angels,2022-01-31,Afrobeats,262341,22,0.8396,0.6258,8,-5.06,1,0.0134,102.79,14683,BR,True,Midnight Records,2022,1,Monday,4.37,Low,Loud,G#,Major,True,Q1,False,9.5945,0.6473,43
6ca14884-d775-47fd-94d8-cfd521e5479e,Wicked Stars,Hawk Theory,Raw Wings,2020-10-03,Pop,205232,26,0.8217,0.5425,11,-5.35,1,0.0336,94.73,19688,BR,False,Catalyst Records,2020,10,Saturday,3.42,Medium,Loud,B,Major,False,Q4,True,9.8878,0.5953,492
23127166-0c92-4118-a761-d0031d7e7efd,Spinning Circles,ElaraRain,Bones,2025-04-30,Rock,194650,24,0.5392,0.6932,9,-8.27,1,0.0245,146.03,4211,PL,False,Def Jam Recordings,2025,4,Wednesday,3.24,Low,Moderate,A,Major,False,Q2,False,8.3457,0.6159,1111
1a43a7a3-3708-468e-8204-bf0a85956e93,The Roads,IsleEyre,Sacred Bridges,2023-10-02,Pop,124938,25,0.7529,0.6818,5,-6.71,0,0.0164,129.46,30012,GB,False,Independent,2023,10,Monday,2.08,Medium,Moderate,F,Minor,False,Q4,False,10.3094,0.6731,5271
3ffa948c-b69c-40c5-9f2f-8c9e4bd1605f,Blinding Heavy Storm,IsleEyre,Open Streets,2020-12-09,Pop,222568,21,0.7153,0.6704,5,-5.08,1,0.0433,123.45,19025,IN,False,Independent,2020,12,Wednesday,3.71,Low,Loud,F,Major,False,Q4,False,9.8536,0.6449,5271
6245ae64-689e-466f-8009-5f8d21d6e65f,Yearning Fire,Horizon,Raw Paradise,2025-03-12,Jazz,221692,61,0.4405,0.4086,7,-11.29,0,0.1651,98.9,721578,MX,True,Sony Music Entertainment,2025,3,Wednesday,3.69,High,Moderate,G,Minor,True,Q1,False,13.4892,0.3952,385
38faa668-bc13-401b-9842-be459544ba33,Wild Love,Iris Peak,Endless IV,2022-01-11,Latin,185186,20,0.7858,0.679,7,-8.91,1,0.0296,95.53,14701,DE,False,Stardust Label,2022,1,Tuesday,3.09,Low,Moderate,G,Major,False,Q1,False,9.5957,0.6367,12
870888da-34d4-4266-8dcd-c7e3290365a9,Paper Shadows,RiverFlame,The Fading Files,2020-11-03,Latin,207870,34,0.5156,0.9424,7,-2.12,0,0.0664,60.0,31450,KR,False,Drift Music,2020,11,Tuesday,3.46,Medium,Loud,G,Minor,False,Q4,False,10.3562,0.5832,422
f0bdab24-aa98-4906-81b3-85fc7bdde0b6,Neon Wings,ValeGlass,Midnight II,2024-03-03,Pop,233295,14,0.6795,0.8352,1,-7.77,1,0.064,147.63,15271,ID,False,Apex Records,2024,3,Sunday,3.89,Low,Moderate,C#,Major,False,Q1,True,9.6338,0.7311,981
5ec48bf0-14c8-4487-bc87-79b8b4ae50ba,The Dreams,Vale Drake,Silver Love,2022-01-03,Country,190999,46,0.5234,0.787,2,-6.19,1,0.0501,130.19,64708,US,False,Echo Studios,2022,1,Monday,3.18,Medium,Moderate,D,Major,False,Q1,False,11.0777,0.6244,225
5210f379-f693-4e90-913f-35864ed056d3,Mystic Pages,Rocco Ore,Hollow Waves,2023-01-05,R&B,260470,45,0.7007,0.659,7,-5.15,0,0.0032,98.73,65314,US,False,Wavelength Records,2023,1,Thursday,4.34,Medium,Loud,G,Minor,False,Q1,False,11.087,0.5992,1709
9d36f9b8-82f3-4c72-a41a-5c5b251d213c,Vivid,Knot Hart,Chains,2022-03-05,R&B,173057,39,0.9749,0.5162,7,-10.37,0,0.0014,120.77,15775,US,False,Universal Music Group,2022,3,Saturday,2.88,Medium,Moderate,G,Minor,False,Q1,True,9.6662,0.6833,12111
eced6eb9-f9b3-44e1-a0f6-f2e9e4fe5942,Liquid Night,Frost Nova,Neon,2025-02-22,Latin,185121,47,0.965,0.6977,2,-9.95,1,0.0209,114.95,199792,GB,False,Wavelength Records,2025,2,Saturday,3.09,Medium,Moderate,D,Major,False,Q1,True,12.205,0.7436,862
1ff7f7ea-edff-4d19-ab4d-a31c0ccd0096,Whispers,Kira Lane,Dark Bones,2022-09-16,Hip-Hop,189949,33,0.7593,0.5581,8,-7.37,1,0.0267,126.37,26552,GB,False,Spectrum Music,2022,9,Friday,3.17,Medium,Moderate,G#,Major,False,Q3,False,10.1869,0.6218,22
5d455be3-8db0-45cf-8387-2e28eba69065,Night,Knot Hart,Paper II,2023-08-24,R&B,268672,37,0.6722,0.3583,1,-12.33,0,0.0285,104.23,41120,GB,False,Interscope Records,2023,8,Thursday,4.48,Medium,Quiet,C#,Minor,False,Q3,False,10.6243,0.4754,12111
8b0fb55d-5fb5-499c-96a6-a8f030709981,Ancient Kind Bridges,Nirvana,Chapters,2020-12-22,R&B,221017,60,0.5806,0.5694,2,-7.25,0,0.0256,131.75,1064657,US,False,Island Records,2020,12,Tuesday,3.68,High,Moderate,D,Minor,False,Q4,False,13.8782,0.5625,328
b2dff219-e56e-4b69-9005-ccaa163d547b,Night,Knot Hart,Doors,2024-10-29,R&B,223882,46,0.7229,0.5467,11,-9.95,1,0.0117,111.78,202077,DE,False,Columbia Records,2024,10,Tuesday,3.73,Medium,Moderate,B,Major,False,Q4,False,12.2164,0.5818,12111
f05187e9-a7d3-4bc6-a4d5-714d594f8ffc,Shattered Wings,ElaraRain,The Midnight Verses,2022-04-21,Rock,177811,17,0.4943,0.8165,9,-4.07,1,0.0161,127.79,12815,JP,False,Spectrum Music,2022,4,Thursday,2.96,Low,Loud,A,Major,False,Q2,False,9.4584,0.6212,1111
5bfa8dc8-64bc-4b66-8b83-2344ac41401f,Neon Urban Night,Knot Hart,Oceans,2024-01-28,R&B,180478,32,0.5926,0.7079,6,-5.56,0,0.0399,104.43,8295,US,True,Universal Music Group,2024,1,Sunday,3.01,Medium,Loud,F#,Minor,True,Q1,True,9.0235,0.5837,12111
a6436655-b8c0-4591-a803-9804582a022c,Urban Rain,Sterling Zen,Bones,2020-11-14,Folk,185461,3,0.5444,0.4275,5,-11.69,0,0.199,96.53,774,EG,False,Drift Music,2020,11,Saturday,3.09,Low,Moderate,F,Minor,False,Q4,True,6.6529,0.4409,2268
2e14a392-7705-4fb7-92f6-6ea05de1d348,Endless Ghosts,GroveBlack,Cosmic III,2022-02-27,Rock,177662,46,0.6099,0.8273,3,-5.48,1,0.2115,86.71,279432,US,True,Island Records,2022,2,Sunday,2.96,Medium,Loud,D#,Major,True,Q1,True,12.5405,0.613,160
3cd544e7-96d0-4e2f-93f7-2726e7f1d38c,Gentle Circles,Ethereal,Blinding,2022-07-15,Pop,152792,43,0.9113,0.8751,5,-8.62,1,0.0594,104.28,64465,SE,False,Sony Music Entertainment,2022,7,Friday,2.55,Medium,Moderate,F,Major,False,Q3,False,11.0739,0.7778,3232
c9f75f6d-e733-48b7-8844-e8255f948392,Night,RiverFlame,Paradise,2022-05-02,Hip-Hop,186908,27,0.567,0.5742,9,-8.62,1,0.0028,157.35,44390,CL,True,Interscope Records,2022,5,Monday,3.12,Medium,Moderate,A,Major,True,Q2,False,10.7008,0.5956,422
40cd2a88-93c3-499d-960a-1436d73bebfb,Silver Pages,Prism Club,Dark Circles,2020-04-19,Folk,182934,34,0.0859,0.2693,5,-12.21,1,0.0442,117.57,31135,CO,False,RCA Records,2020,4,Sunday,3.05,Medium,Quiet,F,Major,False,Q2,True,10.3461,0.2243,105
8ce91795-8f30-40ef-bff6-2b04d6daec74,Fading Roses,Crest Bond,Paper Scars,2023-09-27,Indie,190971,58,0.4895,0.5694,9,-8.03,1,0.1277,116.56,864874,NG,False,Drift Music,2023,9,Wednesday,3.18,High,Moderate,A,Major,False,Q3,False,13.6703,0.5044,23
bc8ae840-8022-433c-a88c-20b66d5e8510,Wild Doors,Knot Hart,Tapes,2025-05-24,R&B,216308,38,0.5623,0.4687,7,-6.77,1,0.0045,115.25,104813,MX,True,Apex Records,2025,5,Saturday,3.61,Medium,Moderate,G,Major,True,Q2,True,11.5599,0.4913,12111
d58bb8e7-da34-4467-8d37-9013dd30ec23,Crystal Shadows,Ethereal,The Crystal Tales,2022-04-12,Pop,168262,18,0.5737,0.5247,7,-7.99,1,0.0138,98.88,9182,NZ,True,Neon Label,2022,4,Tuesday,2.8,Low,Moderate,G,Major,True,Q2,False,9.1251,0.4949,3232
d66e5403-14a8-455e-93f6-2a1837067abe,Quiet,Knot Hart,The Endless Wavelengths,2024-09-30,R&B,270386,58,0.5913,0.2209,4,-12.37,1,0.1274,99.4,465716,US,False,Horizon Records,2024,9,Monday,4.51,High,Quiet,E,Major,False,Q3,False,13.0513,0.3812,12111
b5db5764-2c79-4bff-84a4-c91df6c6ca71,Chasing Whispers,GlowLake,Tapes,2024-10-09,Latin,154334,19,0.9719,0.6603,1,-7.39,1,0.0054,98.62,61417,CL,True,Pulse Records,2024,10,Wednesday,2.57,Low,Moderate,C#,Major,True,Q4,False,11.0255,0.7081,11
b69e10e8-4f19-4ee4-8465-9551452833a8,Whispers,Crest Bond,Hollow Mountains,2021-11-11,Indie,228081,31,0.7947,0.5478,11,-7.9,1,0.0043,106.17,54162,MX,True,Epic Records,2021,11,Thursday,3.8,Medium,Moderate,B,Major,True,Q4,False,10.8998,0.603,23
3752a475-123f-44a0-b0f3-81ed866c5cac,Drifting Rivers,ElaraRain,Mystic II,2021-02-15,Rock,163813,43,0.4204,0.4481,9,-8.24,1,0.2628,126.45,81452,BR,False,Sony Music Entertainment,2021,2,Monday,2.73,Medium,Moderate,A,Major,False,Q1,False,11.3078,0.4423,1111
f1ee1fff-6177-4f27-9104-7b4550a4bc7f,Waiting Lines,OpalOak,Dimensions,2021-06-03,Trap,131805,38,0.85,0.8606,5,-3.21,0,0.0175,134.01,36811,GB,True,Warner Music Group,2021,6,Thursday,2.2,Medium,Loud,F,Minor,True,Q2,False,10.5136,0.79,71
0397cd79-3a79-40d8-8ff9-f632cec62763,Midnight,ElaraRain,The Shattered Fragments,2023-08-09,Rock,261610,37,0.5558,0.72,11,-6.42,0,0.0812,138.79,28283,SE,False,Spectrum Music,2023,8,Wednesday,4.36,Medium,Moderate,B,Minor,False,Q3,False,10.2501,0.6229,1111
310cf13f-dd60-44a9-b7b1-7f2ff0a3f707,Mountains,Luna Ink,Vivid Worlds,2024-11-02,Hip-Hop,220734,31,0.8219,0.5986,7,-9.95,1,0.0058,112.69,18308,ID,True,Atlantic Records,2024,11,Saturday,3.68,Medium,Moderate,G,Major,True,Q4,True,9.8151,0.6435,577
57ac995c-e6bc-41fe-a541-6be0e7b6f2c7,Invisible Demons,Knot Hart,Raw Oceans,2021-01-25,R&B,219469,5,0.5154,0.6959,5,-8.86,0,0.0596,115.13,2393,EG,True,Stardust Label,2021,1,Monday,3.66,Low,Moderate,F,Minor,True,Q1,False,7.7807,0.5633,12111
bf16ee67-6d1e-44a0-832a-617232143410,Cloudy,GroveBlack,Bitter,2024-01-11,Pop,260536,57,0.7802,0.5584,11,-6.75,1,0.0379,126.98,542369,US,False,Columbia Records,2024,1,Thursday,4.34,High,Moderate,B,Major,False,Q1,False,13.2037,0.6311,160
74bc61aa-86a9-4d26-a711-e8863f23ae82,Harbors,Knot Hart,Oceans,2021-07-06,R&B,219789,45,0.6698,0.5381,6,-9.38,0,0.0441,97.2,97411,US,False,Independent,2021,7,Tuesday,3.66,Medium,Moderate,F#,Minor,False,Q3,False,11.4867,0.5363,12111
c85d0a36-8000-4b80-b406-24557bcc5b6b,Distant Dreams,Seth Nova,Horizons,2022-06-06,EDM,243567,25,0.538,0.9731,10,-7.46,0,0.0192,126.45,2233,AR,True,Catalyst Records,2022,6,Monday,4.06,Medium,Moderate,A#,Minor,True,Q2,False,7.7115,0.6994,86
51af186c-1ab7-4b21-a9bc-08ae170e6d1b,Circles,Zenith Syndicate,Letters,2024-07-19,K-Pop,166140,33,0.7389,1.0,2,-2.1,0,0.0123,105.65,18079,NZ,False,Pulse Records,2024,7,Friday,2.77,Medium,Loud,D,Minor,False,Q3,False,9.8026,0.7608,125
15854451-6af8-4d92-b2b5-df895b1fd9b2,Flying Doors,Phantasm,Midnight Doors,2021-01-06,Trap,154105,55,0.7086,0.5022,2,-6.3,0,0.0083,143.37,518499,GB,False,Capitol Records,2021,1,Wednesday,2.57,High,Moderate,D,Minor,False,Q1,False,13.1587,0.6034,242
c7ce07f1-0e0a-4ce9-b7d6-bb858d16731c,Empty,Knot Hart,Chapters,2024-09-06,R&B,213926,10,0.7536,0.5989,6,-7.04,1,0.0228,114.34,3692,IT,True,Midnight Records,2024,9,Friday,3.57,Low,Moderate,F#,Major,True,Q3,False,8.2142,0.6186,12111
7d398b32-e055-4fc7-9d0a-d7a72005e250,Young Burning Heart,IsleEyre,Night,2022-03-06,Rock,221886,65,0.5218,0.6792,2,-5.22,1,0.1444,142.67,233553,ID,False,Universal Music Group,2022,3,Sunday,3.7,High,Loud,D,Major,False,Q1,True,12.3612,0.5985,5271
60b0e207-c401-4517-8fe5-be83971654fe,Vivid Echoes,IsleEyre,The Midnight Wavelengths,2022-10-03,Pop,250422,7,0.6024,0.72,5,-3.28,0,0.0107,105.89,7162,CA,True,Interscope Records,2022,10,Monday,4.17,Low,Loud,F,Minor,True,Q4,False,8.8767,0.5945,5271
da5fb107-9169-444a-b83b-878279bbeac0,Lines,Ethereal,The Fading Fragments,2020-03-28,Pop,251875,27,0.558,0.6198,8,-4.41,1,0.0288,105.75,19981,IN,True,Catalyst Records,2020,3,Saturday,4.2,Medium,Loud,G#,Major,True,Q1,True,9.9026,0.5365,3232
9f6611b9-053d-4c64-82c5-345aed6d0671,Wild Soul,Knot Hart,Broken Storm,2024-05-20,Reggaeton,96364,24,0.573,0.6174,4,-9.95,1,0.053,83.04,23670,FR,False,Independent,2024,5,Monday,1.61,Low,Moderate,E,Major,False,Q2,False,10.072,0.5091,12111
30211efb-91d7-4921-bdb9-d8257055a89e,Dreams,Monolith,Mystic,2022-07-02,K-Pop,227655,48,0.91,0.7202,10,-4.47,1,0.0027,127.05,40745,NZ,False,Midnight Records,2022,7,Saturday,3.79,Medium,Loud,A#,Major,False,Q3,True,10.6151,0.7479,18
fdd8fe3a-a669-4f12-b2c9-10eec9db27c9,The Roses,ValeGlass,Sacred IV,2021-01-16,Pop,174876,8,0.656,0.6922,6,-6.1,1,0.0028,95.35,4980,ZA,False,Catalyst Records,2021,1,Saturday,2.91,Low,Moderate,F#,Major,False,Q1,True,8.5134,0.5898,981
bb27a04b-f728-48ad-908f-26479a79400d,Mountains,IsleEyre,Fierce Thunder,2025-04-08,Pop,253130,46,0.6562,0.7818,10,-3.51,0,0.0195,125.62,137823,FR,False,Self-Released,2025,4,Tuesday,4.22,Medium,Loud,A#,Minor,False,Q2,False,11.8337,0.6689,5271
7eb55d5d-65af-4894-a46f-ab9da97ba27c,Sacred,Ethereal,Neon,2023-04-12,Pop,199965,26,0.464,0.7058,2,-6.52,1,0.0092,115.57,24032,US,False,Midnight Records,2023,4,Wednesday,3.33,Medium,Moderate,D,Major,False,Q2,False,10.0872,0.5473,3232
d5f08b30-1919-4145-abc5-3480dc380715,Dark Angels,Sterling Zen,Neon,2020-12-20,Folk,194030,38,0.4847,0.3324,7,-9.51,1,0.0345,97.68,91391,CA,True,Nova Records,2020,12,Sunday,3.23,Medium,Moderate,G,Major,True,Q4,True,11.4229,0.3807,2268
478f05f3-500a-4199-a0b2-308be5895642,The Soul,Clay Black,Roads,2022-12-30,Pop,228234,44,0.6886,0.7189,1,-6.71,0,0.0178,151.11,35228,US,False,Self-Released,2022,12,Friday,3.8,Medium,Moderate,C#,Minor,False,Q4,False,10.4696,0.6932,693
8a289d4e-b569-4068-8fca-aa98f6ac42f2,Jagged Stars,SethStone,The Urban Chapters,2025-01-11,Metal,151397,12,0.1771,0.99,9,-5.69,0,0.4795,158.66,4617,US,False,Prism Audio,2025,1,Saturday,2.52,Low,Loud,A,Minor,False,Q1,True,8.4377,0.6078,1486
833457fc-4246-43cd-94e9-72f02ae17697,Midnight Wicked Oceans,Ember Crow,Cosmic Floors,2025-03-30,Disco,127797,37,0.7628,1.0,2,-4.06,1,0.032,105.26,171405,DE,False,Warner Music Group,2025,3,Sunday,2.13,Medium,Loud,D,Major,False,Q1,True,12.0518,0.7698,23
85bbd1d0-8637-453d-ba80-797c6f8c3514,Shattered Lights,SethStone,Invisible Heart,2023-01-02,R&B,205190,11,0.7436,0.6405,2,-7.21,1,0.0377,99.76,3653,AR,True,Independent,2023,1,Monday,3.42,Low,Moderate,D,Major,True,Q1,False,8.2036,0.6104,1486
80c1dc03-c999-449d-8264-c81bff85df43,Scars,PearlRain,Night,2024-08-08,Pop,170037,3,0.5679,0.7488,11,-8.53,1,0.0223,135.52,1028,GB,False,Cipher Music,2024,8,Thursday,2.83,Low,Moderate,B,Major,False,Q3,False,6.9363,0.6346,7
9605704c-1684-4379-b5ef-158ce74d4a3d,Tears,Haze Project,Fleeting Pages,2025-01-22,Alternative,211316,56,0.4467,0.5684,10,-11.49,0,0.0832,137.47,707145,MX,False,Cipher Music,2025,1,Wednesday,3.52,High,Moderate,A#,Minor,False,Q1,False,13.469,0.5167,71
30a436d4-2f9d-4a3b-aac7-ee28e6c672e9,Running Eyes,Knot Hart,The Fierce Letters,2020-10-02,R&B,280604,14,0.6053,0.4695,5,-8.98,0,0.0416,127.51,10748,PL,True,Spectrum Music,2020,10,Friday,4.68,Low,Moderate,F,Minor,True,Q4,False,9.2826,0.5264,12111
a00d7758-3646-4e3e-b720-27c1934994e4,Falling Angels,Cleo Hart,Eternal IV,2021-03-26,Country,178189,13,0.5025,0.7038,0,-8.53,0,0.0194,129.97,1763,BR,True,Epic Records,2021,3,Friday,2.97,Low,Moderate,C,Minor,True,Q1,False,7.4753,0.5825,19
d1d3a90e-4781-4094-adc6-732d3f1fb856,Waiting Thunder,Knot Hart,Open Gardens,2024-10-20,R&B,197288,26,0.584,0.334,0,-8.37,1,0.0381,97.51,22843,US,False,Interscope Records,2024,10,Sunday,3.29,Medium,Moderate,C,Major,False,Q4,True,10.0364,0.4208,12111
81da10eb-3408-4a8f-a9bc-aec149ef0d07,Wild Chains,Rhys Knight,The Open Revolutions,2022-05-14,Pop,312647,21,0.6159,0.5414,0,-10.02,0,0.0667,146.31,22720,IN,False,Def Jam Recordings,2022,5,Saturday,5.21,Low,Moderate,C,Minor,False,Q2,True,10.031,0.5862,100
2b8d6fa4-ac5a-417a-a276-971d910d098b,Fading Islands,Ethereal,Waves,2020-11-28,Pop,266601,19,0.7937,0.7381,9,-4.93,1,0.0465,113.41,2406,FR,False,Cipher Music,2020,11,Saturday,4.44,Low,Loud,A,Major,False,Q4,True,7.7861,0.689,3232
2c0a96c3-4f56-4aea-beab-5eadc0db2430,The Pages,CrestNova,The Gentle Chronicles,2022-04-20,Rock,235504,3,0.3675,0.6254,9,-10.38,1,0.0358,138.38,2215,BR,False,Cipher Music,2022,4,Wednesday,3.93,Low,Moderate,A,Major,False,Q2,False,7.7035,0.5091,44
992dc332-6ba4-4386-b7ce-0d6b6d2f75ce,The Keys,The Vines,The Crimson Dimensions,2023-07-13,R&B,195709,4,0.6225,0.6121,10,-11.64,1,0.001,141.67,2272,US,False,Prism Audio,2023,7,Thursday,3.26,Low,Moderate,A#,Major,False,Q3,False,7.7289,0.6105,44
0bfd4194-1c9c-4f3e-9647-ec805945fa2f,The Pages,Dusk Snow,Jagged Night,2020-11-14,Rock,167064,8,0.4569,0.4853,8,-8.27,0,0.1676,138.98,4662,ES,False,Midnight Records,2020,11,Saturday,2.78,Low,Moderate,G#,Minor,False,Q4,True,8.4474,0.4897,101
f8de9bdd-5907-457f-80ec-9adb112ffe1b,Angels,The Glasss,Paper I,2020-03-01,Latin,197419,19,0.7007,0.6439,7,-11.65,1,0.1044,114.18,3781,NL,False,Cipher Music,2020,3,Sunday,3.29,Low,Moderate,G,Major,False,Q1,True,8.238,0.6152,131
8ae8b193-d033-44ac-891a-b3f390d57515,Midnight Shattered Wings,IsleEyre,Files,2024-09-10,Pop,306911,5,0.8493,0.8666,11,-4.35,1,0.0011,133.57,2817,PL,True,Drift Music,2024,9,Tuesday,5.12,Low,Loud,B,Major,True,Q3,False,7.9438,0.7915,5271
8d2f79c9-e4b5-420b-899a-658db42d90e8,Opening Harbors,Knot Hart,Broken Islands,2021-12-03,R&B,229861,39,0.5872,0.3827,6,-12.57,1,0.017,97.77,12672,US,True,Nova Records,2021,12,Friday,3.83,Medium,Quiet,F#,Major,True,Q4,False,9.4472,0.4419,12111
65ab53ac-06c6-423c-b77d-1f92cb4df376,Crawling Storm,Ethereal,Fleeting Doors,2023-08-31,Pop,228368,23,0.6812,0.5043,4,-5.59,0,0.0389,102.71,13321,KR,False,Bedroom Records,2023,8,Thursday,3.81,Low,Loud,E,Minor,False,Q3,False,9.4972,0.5352,3232
bb602d01-bde5-4962-8a55-f6a0508f34c7,Twisted Streets,Knot Hart,Worlds,2023-10-24,R&B,259875,27,0.8145,0.4702,8,-7.03,1,0.0333,110.55,16387,US,False,Warner Music Group,2023,10,Tuesday,4.33,Medium,Moderate,G#,Major,False,Q4,False,9.7043,0.5861,12111
a8e9f434-2a45-45af-bda0-2a03e35b55e8,Mystic Hidden Voices,Nirvana,Open Streets,2022-10-01,R&B,193336,42,0.7366,0.5277,0,-8.34,0,0.0003,110.31,234267,SE,False,Stardust Label,2022,10,Saturday,3.22,Medium,Moderate,C,Minor,False,Q4,True,12.3642,0.5776,328
1282702d-e526-4faf-a53c-e47e626a43c6,The Heart,Ethereal,Cloudy Paradise,2024-03-23,Pop,166263,24,0.7063,0.524,10,-10.56,1,0.0144,128.14,4702,GB,True,Capitol Records,2024,3,Saturday,2.77,Low,Moderate,A#,Major,True,Q1,True,8.456,0.5895,3232
ffc49d4e-1727-4f45-a395-6102002c2b8c,Wicked Eyes,Haze Rain,The Ancient Chapters,2021-08-04,Latin,207514,18,0.7193,0.8228,10,-12.43,1,0.0954,84.05,6719,BR,True,Stardust Label,2021,8,Wednesday,3.46,Low,Quiet,A#,Major,True,Q3,False,8.8128,0.6512,12
a224e336-716a-4905-a8f8-6b55968c254f,Dark Doors,Phoenix Cloud,Twisted II,2020-07-15,Trap,169194,7,0.7772,0.6629,3,-8.26,1,0.0202,125.36,5692,JP,True,Indie Collective,2020,7,Wednesday,2.82,Low,Moderate,D#,Major,True,Q3,False,8.647,0.6694,471
f2d053de-e49d-4d9e-ba1f-e4e1c7851954,Jumping Oceans,Vera Rain,Wild IV,2023-04-27,Folk,182380,30,0.6737,0.2417,4,-13.06,0,0.0122,112.31,16354,BR,False,Independent,2023,4,Thursday,3.04,Medium,Quiet,E,Minor,False,Q2,False,9.7023,0.4409,91
e8839480-74b9-44f2-90a2-d44e025eac25,Wicked Mirrors,Knot Hart,Letters,2020-12-29,R&B,180748,40,0.5978,0.6594,1,-7.11,1,0.0232,112.33,49779,US,False,Prism Audio,2020,12,Tuesday,3.01,Medium,Moderate,C#,Major,False,Q4,False,10.8154,0.5776,12111
b293a214-521d-4807-9eb8-c5f7e908c003,Silent Tears,Edge Brooks,Jagged Love,2024-07-21,Hip-Hop,205630,64,0.7391,0.6626,6,-2.4,1,0.0518,134.62,447281,CA,False,Universal Music Group,2024,7,Sunday,3.43,High,Loud,F#,Major,False,Q3,True,13.0109,0.6673,65
614f0c84-8695-4537-9663-946f651df797,Circles,The Kites,Fragments,2022-12-19,Rock,314388,24,0.6936,0.6971,4,-6.02,1,0.0199,95.07,5675,BR,False,Pulse Records,2022,12,Monday,5.24,Low,Moderate,E,Major,False,Q4,False,8.644,0.6064,18
59d3d55f-3193-4f65-92ee-564f9e86a132,Deep Ghosts,Rocco Ore,Wicked Fire,2020-02-14,Pop,206367,37,0.7025,0.7225,11,-4.45,0,0.0382,103.89,14555,NL,False,Interscope Records,2020,2,Friday,3.44,Medium,Loud,B,Minor,False,Q1,False,9.5858,0.6327,1709
b207ab3e-96da-412f-9fab-0093a12c210f,Liquid Scars,Clay Black,Wavelengths,2021-10-01,Pop,226216,31,0.5986,0.7101,3,-8.05,1,0.0077,99.49,43849,GB,True,Apex Records,2021,10,Friday,3.77,Medium,Moderate,D#,Major,True,Q4,False,10.6885,0.5799,693
79caf1f3-b2ab-4557-a7de-6c39c4fac423,Blinding Stars,Equinox,Wavelengths,2024-03-23,Hip-Hop,285309,35,0.9155,0.744,10,-4.77,0,0.0116,124.05,37402,US,False,Capitol Records,2024,3,Saturday,4.76,Medium,Loud,A#,Minor,False,Q1,True,10.5295,0.7553,151
2493e141-9071-47c9-abae-361e951621b4,Shattered Storm,Knot Hart,Tapes,2023-12-12,R&B,248561,42,0.5851,0.4312,5,-10.21,1,0.0109,109.82,129100,CL,False,Catalyst Records,2023,12,Tuesday,4.14,Medium,Moderate,F,Major,False,Q4,False,11.7684,0.4777,12111
eb6d40a5-4828-49cf-9920-61254879ffc4,Breathing Bones,SethStone,Revolutions,2022-09-22,Metal,197868,41,0.3255,0.7413,6,-10.15,0,0.0012,131.38,141481,GB,False,Neon Label,2022,9,Thursday,3.3,Medium,Moderate,F#,Minor,False,Q3,False,11.8599,0.5287,1486
3efe31b8-6507-4d5e-8bbd-5aae8891c65e,Mystic,Ethereal,The Fleeting Tales,2025-08-03,Pop,264516,25,0.4874,0.7314,3,-8.64,1,0.0317,132.42,19448,GB,False,Warner Music Group,2025,8,Sunday,4.41,Medium,Moderate,D#,Major,False,Q3,True,9.8756,0.591,3232
2bf70540-aec4-4723-bced-8b90aee5b6db,Worlds,Knot Hart,Lost I,2025-12-06,Latin,235387,26,0.8847,0.6924,6,-5.04,1,0.0146,133.69,18539,US,False,Capitol Records,2025,12,Saturday,3.92,Medium,Loud,F#,Major,False,Q4,True,9.8277,0.7361,12111
480704c3-d8ac-4516-aa1f-767b81754cf6,Tears,Ethereal,Urban V,2025-11-18,Pop,174905,2,0.7201,0.7838,6,-2.94,1,0.0061,169.05,1741,MY,False,Neon Label,2025,11,Tuesday,2.92,Low,Loud,F#,Major,False,Q4,False,7.4628,0.7573,3232
f524b3a2-4cf8-4f0b-9efd-3577f96b5a9c,Endless Vivid Nights,Knot Hart,Empty,2022-02-13,R&B,258285,36,0.6064,0.577,5,-9.05,1,0.0804,133.74,110117,NZ,False,Drift Music,2022,2,Sunday,4.3,Medium,Moderate,F,Major,False,Q1,True,11.6093,0.5787,12111
43d9e19e-312c-42dd-a744-1e3d7aa6b1f5,Liquid Young Love,Knot Hart,The Kind Verses,2022-06-01,R&B,254578,8,0.7153,0.8799,5,-4.79,0,0.0461,99.89,644,AR,False,Catalyst Records,2022,6,Wednesday,4.24,Low,Loud,F,Minor,False,Q2,False,6.4693,0.6951,12111
14f04630-802b-4088-8cae-6d4a6d7c49cb,Sacred Doors,Knot Hart,Mirrors,2021-05-12,R&B,132279,9,0.6264,0.54,3,-10.72,1,0.0057,115.37,1389,US,False,Capitol Records,2021,5,Wednesday,2.2,Low,Moderate,D#,Major,False,Q2,False,7.2371,0.5457,12111
c3c324b2-2933-4fc7-a850-66a959cbbeaf,Edges,Shade Empire,The Gentle Diaries,2021-09-25,Latin,181489,20,0.8196,0.6423,2,-7.24,1,0.0079,104.62,1481,US,False,Prism Audio,2021,9,Saturday,3.02,Low,Moderate,D,Major,False,Q3,True,7.3011,0.6485,14
35a3016a-f875-43e6-80c1-0904e8f7932f,Ancient Roses,ValeGlass,Raw Bridges,2020-10-02,Indie,260306,22,0.3745,0.6857,4,-7.59,0,0.0683,122.41,7659,ES,False,Island Records,2020,10,Friday,4.34,Low,Moderate,E,Minor,False,Q4,False,8.9438,0.5132,981
d3e5fe11-43ba-4b4c-94db-7dc042eef37b,Moving Whispers,Meridian,Tales,2021-09-15,Latin,233724,40,0.591,0.4304,10,-8.86,0,0.1916,152.18,18363,IN,True,Drift Music,2021,9,Wednesday,3.9,Medium,Moderate,A#,Minor,True,Q3,False,9.8181,0.5402,14
91136364-4fda-498b-92d6-1b9fedfdd8dc,Crystal Fire,Sterling Zen,Sacred,2021-07-08,Folk,267329,29,0.3568,0.3802,4,-10.53,0,0.0205,175.05,14653,BR,False,Neon Label,2021,7,Thursday,4.46,Medium,Moderate,E,Minor,False,Q3,False,9.5925,0.4592,2268
13fa2824-aa7d-496b-9a9c-59454afaa263,Bones,IsleEyre,Kind V,2021-02-23,R&B,224473,34,0.6393,0.6169,9,-7.69,0,0.0018,126.37,13479,CA,False,Interscope Records,2021,2,Tuesday,3.74,Medium,Moderate,A,Minor,False,Q1,False,9.509,0.5973,5271
c8c192e3-efbb-4327-9827-8ee73b7e3cba,Floors,SethStone,Liquid V,2020-05-19,Disco,209965,21,0.8217,0.8707,10,-7.52,0,0.0085,118.01,10802,MX,False,Independent,2020,5,Tuesday,3.5,Low,Moderate,A#,Minor,False,Q2,False,9.2876,0.7598,1486
80d3ceaa-11a7-4dd3-b9e4-255c33c6d35b,The Memories,Sterling Zen,The Silent Wavelengths,2021-02-15,Folk,199896,24,0.21,0.3846,8,-11.24,1,0.0477,89.59,5060,BR,False,Prism Audio,2021,2,Monday,3.33,Low,Moderate,G#,Major,False,Q1,False,8.5293,0.2801,2268
4a6b103f-adab-419d-84d8-59f17fe5ac64,Rivers,Knot Hart,Dark Lights,2022-07-12,R&B,132840,15,0.7203,0.5097,1,-13.12,0,0.0053,91.54,11157,IN,False,Catalyst Records,2022,7,Tuesday,2.21,Low,Quiet,C#,Minor,False,Q3,False,9.3199,0.5371,12111
ee14803f-efa9-493c-99f3-cabedf477326,Electric Eyes,Phoenix Cloud,Mystic,2023-12-03,Trap,277869,32,0.9387,0.5171,0,-7.68,1,0.0049,153.35,49784,US,False,Prism Audio,2023,12,Sunday,4.63,Medium,Moderate,C,Major,False,Q4,True,10.8155,0.7157,471
5f5c972a-3bb4-4645-b16d-ad797f0ccfb1,Frozen Memories,Knot Hart,Liquid Angels,2020-10-17,R&B,245899,1,0.4446,0.8141,9,-6.79,1,0.0196,117.99,2833,IN,True,Self-Released,2020,10,Saturday,4.1,Low,Moderate,A,Major,True,Q4,True,7.9494,0.5863,12111
39b680fc-76bb-4056-9817-c6d4756a998e,Stars,Crest Jay,Notes,2020-01-01,EDM,154422,37,0.8142,0.8046,4,-6.72,1,0.2228,121.08,34742,US,False,Pulse Records,2020,1,Wednesday,2.57,Medium,Moderate,E,Major,False,Q1,False,10.4557,0.7348,635
9499eb13-ec4c-482e-99bd-6e633a3dc503,Turning Skies,Hawk Theory,Wicked,2020-01-22,Alternative,269902,35,0.5143,0.3315,11,-11.33,0,0.0568,109.06,68795,DE,True,Catalyst Records,2020,1,Wednesday,4.5,Medium,Moderate,B,Minor,True,Q1,False,11.1389,0.4084,492
5347808d-029f-45a2-9b06-08cc540fe0e8,Rising Waves,Knot Hart,Fleeting Soul,2024-01-03,R&B,221712,41,0.7866,0.7353,1,-2.72,1,0.0117,102.82,95087,GB,False,Wavelength Records,2024,1,Wednesday,3.7,Medium,Loud,C#,Major,False,Q1,False,11.4626,0.6699,12111
655e8405-5024-4970-a248-80cc60915604,Neon Blinding Storm,Knot Hart,Glass Edges,2020-10-27,Pop,215266,17,0.7917,0.6103,8,-8.63,0,0.0046,110.61,4102,FR,False,Apex Records,2020,10,Tuesday,3.59,Low,Moderate,G#,Minor,False,Q4,False,8.3195,0.6331,12111
ae9c2ee7-7b6e-4b97-819a-52b10dcf61b7,Skies,Lola North,Frozen Dreams,2024-02-07,Indie,227213,34,0.7122,0.6226,3,-10.67,1,0.1114,111.65,59042,US,False,Horizon Records,2024,2,Wednesday,3.79,Medium,Moderate,D#,Major,False,Q1,False,10.986,0.6077,155
4e633a02-6c2c-40c5-a6a2-278311265d43,Glass Voices,Rocco Ore,Broken Voices,2020-02-21,R&B,269868,26,0.7601,0.5886,11,-10.56,1,0.0372,116.28,52263,PL,True,Universal Music Group,2020,2,Friday,4.5,Medium,Moderate,B,Major,True,Q1,False,10.8641,0.6199,1709
8d10c47e-5766-4c16-82cc-7f767de013f0,Velvet Quiet Ghosts,Knot Hart,Shattered V,2022-05-06,R&B,201352,59,0.6699,0.5746,9,-9.82,1,0.005,128.56,157645,CL,False,Spectrum Music,2022,5,Friday,3.36,High,Moderate,A,Major,False,Q2,False,11.9681,0.5957,12111
d758ae08-097b-4c5d-a987-8968007e6570,Night,Vale Effect,Islands,2023-02-15,Hip-Hop,265208,10,0.8744,0.6794,10,-9.89,0,0.004,90.58,1229,CO,False,Apex Records,2023,2,Wednesday,4.42,Low,Moderate,A#,Minor,False,Q1,False,7.1148,0.6652,7
a445aeee-8543-45cf-8388-d8db320de153,Lost Sacred Heart,Knot Hart,Wicked IV,2024-04-14,R&B,135251,15,0.7088,0.4973,4,-10.63,0,0.067,85.65,878,IT,True,Echo Studios,2024,4,Sunday,2.25,Low,Moderate,E,Minor,True,Q2,True,6.7788,0.5191,12111
4d4562d6-e0e9-43dc-88d9-54e7900ee4ca,Wicked Twisted Skies,Nirvana,Electric V,2020-03-25,R&B,213290,26,0.5362,0.5121,8,-5.36,0,0.0872,105.59,14021,NG,False,Midnight Records,2020,3,Wednesday,3.55,Medium,Loud,G#,Minor,False,Q1,False,9.5484,0.4844,328
38183df5-9381-4ce7-9e09-9db5e480daf4,Endless Mirrors,The Knights,The Neon Notes,2021-04-26,EDM,257491,10,0.6818,0.9133,9,-6.14,0,0.0963,125.55,1863,US,False,Prism Audio,2021,4,Monday,4.29,Low,Moderate,A,Minor,False,Q2,False,7.5305,0.7317,4
91c5e852-561f-4c52-8845-4cf8fa86487d,Silent Wicked Gardens,Knot Hart,The Frozen Portraits,2023-10-18,R&B,179883,49,0.7805,0.3968,8,-9.67,1,0.1986,83.69,225834,US,False,Columbia Records,2023,10,Wednesday,3.0,Medium,Moderate,G#,Major,False,Q4,False,12.3276,0.5048,12111
b7a37164-1fad-46ab-a2d0-f728fe7c8c2a,Glass Demons,Knot Hart,Hidden Keys,2021-10-12,R&B,211171,9,0.7155,0.54,2,-9.19,1,0.0124,86.87,1561,GB,False,Independent,2021,10,Tuesday,3.52,Low,Moderate,D,Major,False,Q4,False,7.3537,0.5406,12111
ef46a660-6e25-449b-b782-39eb20804bfa,Liquid Pages,Knot Hart,Fleeting Nights,2025-12-18,Pop,248489,37,0.6192,0.6063,10,-6.28,0,0.0155,116.02,41914,CL,False,Cipher Music,2025,12,Thursday,4.14,Medium,Moderate,A#,Minor,False,Q4,False,10.6434,0.5702,12111
50dce271-4220-4879-958e-7c7507b7e9ff,The Chains,IsleEyre,Heavy Love,2023-10-20,Pop,163878,34,0.7596,0.7068,11,-6.85,1,0.0385,121.15,14352,GB,False,Bedroom Records,2023,10,Friday,2.73,Medium,Moderate,B,Major,False,Q4,False,9.5717,0.6739,5271
263bd2ee-a710-4102-b4c5-b38f00a727f6,Shattered Memories,Knot Hart,Eternal Rivers,2024-03-19,R&B,211243,44,0.6378,0.5026,0,-10.04,1,0.0866,124.77,30897,SG,True,Independent,2024,3,Tuesday,3.52,Medium,Moderate,C,Major,True,Q1,False,10.3384,0.5487,12111
efe556c4-6260-431d-9ee3-eed7faac252c,Flames,Nirvana,The Midnight Records,2020-01-25,Alternative,180029,11,0.5428,0.7741,3,-7.08,0,0.0025,140.33,1376,FR,True,Self-Released,2020,1,Saturday,3.0,Low,Moderate,D#,Minor,True,Q1,True,7.2277,0.6415,328
72773f2f-fc52-458b-80c0-7e28b4252659,Hollow Circles,Knot Hart,Silent Night,2025-12-14,R&B,219785,23,0.7313,0.6849,10,-7.06,1,0.0341,101.03,3879,KR,False,Independent,2025,12,Sunday,3.66,Low,Moderate,A#,Major,False,Q4,True,8.2636,0.6251,12111
c2dfdbd9-62e7-4fd6-833c-9b833d1dcd36,Keys,SethStone,Mystic Pages,2022-08-29,Metal,166854,33,0.3547,0.8377,10,-4.59,1,0.1366,143.23,11008,MX,True,Def Jam Recordings,2022,8,Monday,2.78,Medium,Loud,A#,Major,True,Q3,False,9.3065,0.5959,1486
6e030326-51d0-416a-979d-2bf92edcdd73,The Scars,Velocity,Young Lines,2025-03-29,Pop,90000,42,0.692,0.6893,11,-6.03,1,0.0507,124.31,74284,GB,True,Horizon Records,2025,3,Saturday,1.5,Medium,Moderate,B,Major,True,Q1,True,11.2157,0.6444,9
ff56476f-49a8-491c-a6be-478734c3d675,Silver Floors,Blake Ore,Demons,2020-06-25,EDM,146057,14,0.7612,0.7222,2,-5.94,0,0.5133,140.81,1289,IN,False,Wavelength Records,2020,6,Thursday,2.43,Low,Loud,D,Minor,False,Q2,False,7.1624,0.7088,98
d74e381a-b1e9-4998-ba4c-0cfa1374f195,Golden Floors,Crest Jay,Cloudy,2023-03-16,EDM,179799,29,0.4846,0.9017,11,-2.92,1,0.3441,141.89,26741,JP,False,Nova Records,2023,3,Thursday,3.0,Medium,Loud,B,Major,False,Q1,False,10.194,0.6715,635
29588768-21eb-45e9-8f63-b680f05909ff,The Pages,IsleEyre,The Gentle Letters,2024-05-13,Pop,225078,37,0.5611,0.7386,5,-5.51,1,0.0098,132.8,76270,FR,False,Stardust Label,2024,5,Monday,3.75,Medium,Loud,F,Major,False,Q2,False,11.242,0.6239,5271
cd75e801-fb13-4322-bc5d-a576e532fbf1,Rain,Luna Ink,Heavy Stars,2024-02-28,Latin,170960,21,0.8571,0.594,2,-10.01,1,0.0967,132.36,3412,JP,True,Midnight Records,2024,2,Wednesday,2.85,Low,Moderate,D,Major,True,Q1,False,8.1353,0.6838,577
f0bc2530-dd14-4c0d-b36e-d45fa026c422,Stars,ElaraRain,Burning Ghosts,2024-09-28,Rock,239354,22,0.4198,0.7587,0,-4.89,1,0.0135,106.82,32629,BR,False,Atlantic Records,2024,9,Saturday,3.99,Low,Loud,C,Major,False,Q3,True,10.393,0.5383,1111
4e46bfc8-ba0c-4f24-92f4-a3eccb5ad896,Dancing Wings,Sterling Zen,The Neon Notes,2020-04-21,Folk,158723,23,0.4058,0.3875,1,-12.21,1,0.0289,92.19,13126,US,True,Stardust Label,2020,4,Tuesday,2.65,Low,Quiet,C#,Major,True,Q2,False,9.4824,0.3633,2268
451b6d4e-260a-4d8f-bf4d-078ef81a1fa1,Blinding Memories,Knot Hart,The Crimson Chapters,2023-11-21,R&B,267817,21,0.5735,0.3764,8,-11.88,1,0.0208,93.5,17441,US,True,Horizon Records,2023,11,Tuesday,4.46,Low,Moderate,G#,Major,True,Q4,False,9.7666,0.4278,12111
5222fd51-6721-4d76-bf97-900e5013f81c,Mystic Vivid Heart,ThornQuill,The Mystic Sessions,2022-12-18,Latin,119108,31,0.7132,0.6869,11,-6.9,0,0.0699,119.3,6332,GB,False,Epic Records,2022,12,Sunday,1.99,Medium,Moderate,B,Minor,False,Q4,True,8.7535,0.6448,29
b08c9690-9873-40ca-9992-c682c8ed3369,Wicked,Sterling Zen,Tales,2020-11-23,Folk,194277,64,0.6384,0.4268,10,-10.84,0,0.0204,119.04,346328,KR,False,Atlantic Records,2020,11,Monday,3.24,High,Moderate,A#,Minor,False,Q4,False,12.7551,0.5104,2268
6b648a11-2715-4e28-a082-4d6c1996c2b1,Doors,Knot Hart,The Bitter Frequencies,2024-10-25,R&B,218990,45,0.6889,0.7452,5,-8.76,1,0.0182,117.12,46137,US,True,Cipher Music,2024,10,Friday,3.65,Medium,Moderate,F,Major,True,Q4,False,10.7394,0.6552,12111
00366953-eb07-48f4-8b4a-0c525df3b403,Open Hidden Waves,Ethereal,Rivers,2024-06-09,Pop,253188,7,0.7413,0.6406,8,-6.95,0,0.0054,110.02,2131,MX,False,Republic Records,2024,6,Sunday,4.22,Low,Moderate,G#,Minor,False,Q2,True,7.6648,0.6242,3232
ab8453ea-8c74-4b99-8b9c-7ce6da91d9e5,Sacred Eyes,Sterling Zen,Invisible,2021-02-14,Classical,162450,33,0.2275,0.3122,9,-13.53,1,1.0,120.27,88174,US,False,Bedroom Records,2021,2,Sunday,2.71,Medium,Quiet,A,Major,False,Q1,True,11.3871,0.302,2268
8b4ef52f-4696-40da-8bce-26f497bcd0a4,Silver,Thea Jade,The Jagged Letters,2022-05-21,Pop,145836,16,0.6791,0.5542,10,-9.34,1,0.0939,112.98,7628,CA,False,Prism Audio,2022,5,Saturday,2.43,Low,Moderate,A#,Major,False,Q2,True,8.9397,0.569,80
c348953f-07b6-4778-8c78-91134daa795b,Glass Night,LolaOre,Shattered Oceans,2025-02-27,Folk,253329,7,0.4357,0.4605,6,-9.75,1,0.0799,121.76,1530,AU,True,Pulse Records,2025,2,Thursday,4.22,Low,Moderate,F#,Major,True,Q1,False,7.3337,0.4467,199
1ac70ae0-6608-41c9-acd9-c2374b89f42b,Young Soul,Willow Jet,Wild Winds,2020-07-10,Hip-Hop,239451,19,0.9491,0.442,2,-11.25,1,0.0519,144.01,3213,US,False,Island Records,2020,7,Friday,3.99,Low,Moderate,D,Major,False,Q3,False,8.0753,0.6765,136
d582db66-58c1-4b7c-8df8-8a9f3167c880,Empty Skies,Knot Hart,The Blinding Volume,2021-07-20,R&B,213756,12,0.7408,0.6192,3,-7.03,0,0.0624,102.24,8305,FR,True,Warner Music Group,2021,7,Tuesday,3.56,Low,Moderate,D#,Minor,True,Q3,False,9.0247,0.6043,12111
c28b62d4-6dee-4f55-9b9d-843826fe86ac,Wings,Sterling Zen,Invisible,2023-01-05,Folk,193446,44,0.5271,0.261,11,-12.23,1,0.1217,90.71,62291,PL,True,Apex Records,2023,1,Thursday,3.22,Medium,Quiet,B,Major,True,Q1,False,11.0396,0.3591,2268
8743eb7b-565e-4e30-92ad-d580b80f41a2,Angels,Rocco Ore,Hollow II,2022-04-06,R&B,171029,53,0.8442,0.4542,8,-7.92,0,0.0079,96.38,241416,US,True,Stardust Label,2022,4,Wednesday,2.85,High,Moderate,G#,Minor,True,Q2,False,12.3943,0.5713,1709
d8709ab3-ffdf-4238-b67d-c146bb548066,Thunder,Knot Hart,Burning Chains,2024-11-06,R&B,242593,38,0.5497,0.4329,10,-11.97,0,0.044,77.97,50043,US,True,Indie Collective,2024,11,Wednesday,4.04,Medium,Moderate,A#,Minor,True,Q4,False,10.8207,0.4187,12111
6aeca15c-0c80-43b0-a459-fd2e9e9f499a,Flames,IsleEyre,The Electric Notes,2020-05-18,EDM,242403,23,0.7583,0.9111,6,-7.23,1,0.2797,102.63,10539,BR,False,Stardust Label,2020,5,Monday,4.04,Low,Moderate,F#,Major,False,Q2,False,9.2629,0.7287,5271
84c24db8-5245-4197-a984-4e4ffa6a4a04,Electric Bitter Skies,FlareArc,Files,2021-11-25,Pop,174104,55,0.6385,0.7339,9,-9.64,1,0.0009,122.69,42776,BR,False,Warner Music Group,2021,11,Thursday,2.9,High,Moderate,A,Major,False,Q4,False,10.6638,0.6385,165
35bf96ef-c0ca-43e7-899c-38c399581689,The Ghosts,Knot Hart,Burning,2021-06-25,R&B,130814,31,0.7642,0.4886,7,-7.35,1,0.0209,112.16,5535,ES,False,Bedroom Records,2021,6,Friday,2.18,Medium,Moderate,G,Major,False,Q2,False,8.619,0.5756,12111
9d6937c6-dcb1-4a8b-9eaf-a35c6bf7eecc,Gentle Soul,ElaraRain,Frequencies,2021-07-18,Rock,170172,13,0.4863,0.8859,5,-3.93,1,0.0415,135.56,4926,US,False,Universal Music Group,2021,7,Sunday,2.84,Low,Loud,F,Major,False,Q3,True,8.5025,0.6568,1111
45935449-c0fc-4b73-ad3d-a3d9cfe555ea,Circles,Knot Hart,Raw Thunder,2024-07-10,Latin,205247,22,0.7769,0.5594,4,-12.73,0,0.1073,118.07,5531,AR,False,Stardust Label,2024,7,Wednesday,3.42,Low,Quiet,E,Minor,False,Q3,False,8.6183,0.6175,12111
9327e9db-ca3a-419d-89fa-224d94946860,The Paradise,Knot Hart,Bitter,2025-06-07,Indie,165626,40,0.5699,0.462,11,-8.52,1,0.2658,127.38,48578,CA,False,Drift Music,2025,6,Saturday,2.76,Medium,Moderate,B,Major,False,Q2,True,10.7909,0.509,12111
9888f670-1e14-451d-8046-f3c529c8fa35,The Thunder,IsleEyre,Heavy Roads,2020-05-20,Pop,174281,16,0.6228,0.7855,9,-7.63,0,0.0064,144.52,10777,PL,False,Independent,2020,5,Wednesday,2.9,Low,Moderate,A,Minor,False,Q2,False,9.2853,0.6841,5271
5aafaeaa-664c-4f9d-aeb5-abdad4633351,Neon Night,Luna Method,Fleeting,2021-06-06,Hip-Hop,210578,39,0.8785,0.7579,2,-6.75,0,0.0001,136.45,40710,SG,False,Independent,2021,6,Sunday,3.51,Medium,Moderate,D,Minor,False,Q2,True,10.6143,0.7638,16
44914b8a-52f4-4bca-b601-b30d6642d9d3,Cosmic Echoes,Sable Ash,Midnight Keys,2025-12-25,K-Pop,202800,72,0.6318,1.0,10,-2.81,1,0.0086,137.3,1519768,TR,True,Capitol Records,2025,12,Thursday,3.38,High,Loud,A#,Major,True,Q4,False,14.2341,0.7631,92
30511004-5dd3-4529-8bf9-10f4827df97b,Scars,Seth Element,Glass III,2025-01-18,Alternative,260045,34,0.5976,0.5716,6,-6.0,0,0.2632,142.17,220290,NZ,False,Interscope Records,2025,1,Saturday,4.33,Medium,Loud,F#,Minor,False,Q1,True,12.3027,0.5851,14
d775f162-f485-44af-95d7-b1fe18c2f02f,Quiet Roads,Rocco Ore,Angels,2021-10-23,Hip-Hop,177445,35,0.8346,0.5746,5,-5.89,1,0.0071,128.09,45353,IN,False,Bedroom Records,2021,10,Saturday,2.96,Medium,Loud,F,Major,False,Q4,True,10.7223,0.661,1709
348002be-ef1f-4e91-b97f-fc49f1cd550c,Yearning Angels,Knot Hart,Raw Heart,2025-01-18,Pop,188026,32,0.756,0.7213,8,-9.57,1,0.0231,137.67,28931,KR,True,Prism Audio,2025,1,Saturday,3.13,Medium,Moderate,G#,Major,True,Q1,True,10.2727,0.7019,12111
c10194e3-cb72-4eb2-8520-d53f1b1598f1,Tears,ValeGlass,Eternal,2020-11-11,Pop,178832,33,0.8081,0.666,11,-8.41,1,0.0427,129.02,15406,AR,False,Island Records,2020,11,Wednesday,2.98,Medium,Moderate,B,Major,False,Q4,False,9.6426,0.6882,981
0306ea36-eb97-47aa-8c0b-a55363e54abf,The Mirrors,Sterling Zen,Empty Voices,2023-01-15,Folk,201477,25,0.2876,0.2418,6,-13.57,1,0.0349,146.05,26583,ES,False,Stardust Label,2023,1,Sunday,3.36,Medium,Quiet,F#,Major,False,Q1,True,10.1881,0.3347,2268
9d8b7ca3-0224-4501-bb9e-19700ebabe5f,Shattered Heart,Drift Element,Angels,2020-01-16,Hip-Hop,203419,39,0.8036,0.9304,9,-2.62,0,0.0164,112.8,150629,IN,True,Midnight Records,2020,1,Thursday,3.39,Medium,Loud,A,Minor,True,Q1,False,11.9226,0.769,59
656ec245-5d50-4588-a732-23ec303631db,Chasing Oceans,Knot Hart,The Raw Tales,2024-04-22,R&B,170568,30,0.6878,0.6173,6,-7.81,1,0.0008,113.03,36707,US,False,Nova Records,2024,4,Monday,2.84,Medium,Moderate,F#,Major,False,Q2,False,10.5107,0.5978,12111
b2fdc903-ee10-4855-a331-754717bd2166,Dreams,Rocco Ore,Fleeting Winds,2024-01-08,R&B,243651,39,0.739,0.5861,7,-8.73,1,0.0155,93.14,56646,PT,True,Bedroom Records,2024,1,Monday,4.06,Medium,Moderate,G,Major,True,Q1,False,10.9446,0.5774,1709
1b71e55a-e227-4476-ab62-f6f79f98c316,Paradise,Knot Hart,The Endless Letters,2025-11-04,R&B,289260,28,0.6843,0.5605,6,-7.72,0,0.0344,125.53,26435,PH,False,Self-Released,2025,11,Tuesday,4.82,Medium,Moderate,F#,Minor,False,Q4,False,10.1825,0.5915,12111
18201c82-30c3-4871-b1f1-25eeaba33ee5,The Soul,IsleEyre,Heavy Voices,2022-12-01,Reggaeton,184296,4,0.8102,0.6127,1,-9.98,0,0.0013,95.14,713,AU,False,Prism Audio,2022,12,Thursday,3.07,Low,Moderate,C#,Minor,False,Q4,False,6.5709,0.6194,5271
114208e9-1d6f-4173-a601-675be025c042,Velvet Chains,The Peaks,Young Memories,2022-08-13,Pop,255784,43,0.6763,0.7894,5,-5.2,0,0.0415,138.56,83953,TR,False,Indie Collective,2022,8,Saturday,4.26,Medium,Loud,F,Minor,False,Q3,True,11.338,0.6985,208
e1ce3f66-7db3-4545-8fe5-9697d0fc588d,Hiding Echoes,Rocco Ore,Wicked Roads,2022-05-19,Hip-Hop,175399,5,0.7399,0.4787,8,-10.13,1,0.015,100.42,2681,US,True,Nova Records,2022,5,Thursday,2.92,Low,Moderate,G#,Major,True,Q2,False,7.8943,0.5452,1709
2396352c-f06a-4230-a9a4-e06614cf223e,Bridges,Ethereal,Diaries,2022-05-20,Country,237095,9,0.5574,0.4008,4,-9.89,0,0.0062,114.25,2146,US,False,Indie Collective,2022,5,Friday,3.95,Low,Moderate,E,Minor,False,Q2,False,7.6718,0.4608,3232
02e3133e-e14e-4b14-87d2-0a6da6eb9120,Rain,Ethereal,The Distant Tales,2021-09-18,Rock,228452,15,0.3695,0.8412,8,-7.4,1,0.2192,101.49,2992,GB,False,Horizon Records,2021,9,Saturday,3.81,Low,Moderate,G#,Major,False,Q3,True,8.004,0.5436,3232
fd2eefb4-4816-4703-ba73-34c847d2e7b7,Floors,Rocco Ore,Urban III,2025-07-08,R&B,221027,37,0.6668,0.6313,4,-10.05,0,0.032,128.2,53533,SG,True,Epic Records,2025,7,Tuesday,3.68,Medium,Moderate,E,Minor,True,Q3,False,10.8881,0.6167,1709
fe4932f5-b4ef-4fd5-aa34-07e8aee4b965,Chasing Eyes,Maya Ridge,Waves,2023-10-11,Alternative,192392,10,0.623,0.707,9,-8.33,0,0.0012,108.58,5106,CL,True,Midnight Records,2023,10,Wednesday,3.21,Low,Moderate,A,Minor,True,Q4,False,8.5384,0.6014,118
7bba10a2-edaf-49b5-9556-1354c49efb13,Yearning Fire,JadePeak,The Ancient Diaries,2023-12-20,Soul,186860,50,0.5506,0.6766,8,-9.57,1,0.2187,101.62,117769,CL,False,Def Jam Recordings,2023,12,Wednesday,3.11,High,Moderate,G#,Major,False,Q4,False,11.6765,0.5503,33
768bc270-74fa-411c-9dea-de5f207e308b,Breathing Harbors,Ivy Machine,The Quiet Verses,2021-01-29,Metal,178306,8,0.3123,0.9277,9,-3.06,0,0.0944,161.67,4178,ES,False,Apex Records,2021,1,Friday,2.97,Low,Loud,A,Minor,False,Q1,False,8.3378,0.6412,9
108d7182-f9b8-456b-9333-352d67e8a26c,Yearning Scars,Lena Rain,Worlds,2025-11-10,Jazz,253762,28,0.6698,0.4171,11,-7.08,1,0.3607,78.95,67190,US,False,Neon Label,2025,11,Monday,4.23,Medium,Moderate,B,Major,False,Q4,False,11.1153,0.4618,108
b489224a-02b6-432d-b2db-bd336dbe7127,Nights,IsleEyre,Deep,2024-09-17,Pop,224616,34,0.7711,0.7888,2,-5.69,1,0.0252,130.63,40422,CL,True,Cipher Music,2024,9,Tuesday,3.74,Medium,Loud,D,Major,True,Q3,False,10.6072,0.7249,5271
7f10ce04-5b06-430a-9583-b9237cede8c4,Liquid Soul,Jasper Cloud,Roads,2023-02-20,EDM,263783,41,0.9406,0.6098,2,-11.92,1,0.0184,115.11,52842,ID,False,Neon Label,2023,2,Monday,4.4,Medium,Moderate,D,Major,False,Q1,False,10.8751,0.6989,327
60a44c7e-c05e-4fd0-9541-eba14cb83c2b,Demons,Sterling Zen,Jagged I,2022-05-25,Folk,101270,49,0.6501,0.3967,10,-8.87,0,0.0032,80.56,135866,NG,True,Warner Music Group,2022,5,Wednesday,1.69,Medium,Moderate,A#,Minor,True,Q2,False,11.8194,0.4481,2268
ab56dbe6-a221-4d26-b653-4e696557086e,The Bridges,IsleEyre,The Young Horizons,2025-08-12,Pop,158986,53,0.7954,0.6742,2,-5.59,1,0.0276,133.95,186935,US,False,Island Records,2025,8,Tuesday,2.65,High,Loud,D,Major,False,Q3,False,12.1385,0.6935,5271
ec8211cc-6322-4c6a-a031-35db279e6a66,Open Roses,RoccoMarsh,The Quiet Revolutions,2020-04-05,Punk,213068,41,0.4951,0.7587,6,-9.93,0,0.0566,150.5,121152,GB,False,Interscope Records,2020,4,Sunday,3.55,Medium,Moderate,F#,Minor,False,Q2,True,11.7048,0.6308,63
88c84a9e-feb1-4cfd-aa2d-67a263a296a7,The Wings,Knot Hart,The Silver Wavelengths,2021-09-12,R&B,255484,27,0.6807,0.7408,2,-6.15,1,0.0228,98.02,23548,ES,False,Island Records,2021,9,Sunday,4.26,Medium,Moderate,D,Major,False,Q3,True,10.0668,0.6229,12111
e1fc4539-af8a-403d-9678-3f5012bf7341,Bitter Storm,Isle Edge,The Blinding Notes,2025-01-09,Afrobeats,145475,10,0.6768,0.3321,0,-10.92,0,0.0352,87.99,502,CA,False,Stardust Label,2025,1,Thursday,2.42,Low,Moderate,C,Minor,False,Q1,False,6.2206,0.4435,32
56466ff1-409d-4318-8efa-969f1ab93cf1,Lights,Rocco Ore,The Burning Notes,2025-11-19,R&B,216810,24,0.6298,0.6641,1,-7.35,0,0.0099,100.48,7722,TR,False,Self-Released,2025,11,Wednesday,3.61,Low,Moderate,C#,Minor,False,Q4,False,8.952,0.5754,1709
6a7bd79e-4dcb-4a76-a0f1-afd077bbf754,Glowing Paradise,Phoenix Cloud,Neon,2020-08-25,Trap,236860,17,0.6389,0.5389,8,-11.04,1,0.0063,112.23,1100,MX,False,Catalyst Records,2020,8,Tuesday,3.95,Low,Moderate,G#,Major,False,Q3,False,7.004,0.5457,471
633a851d-d4f3-4c91-96a4-9482e7269853,Velvet Circles,BlazeCore,The Neon Letters,2025-11-20,Country,205465,43,0.4312,0.7035,0,-7.48,0,0.0403,115.16,125752,TH,False,Independent,2025,11,Thursday,3.42,Medium,Moderate,C,Minor,False,Q4,False,11.7421,0.5327,460
808d90f7-e0eb-4ecf-b08a-ae24129af9a5,Turning Voices,Fibonacci,Roads,2020-04-24,Indie,218259,20,0.4818,0.4783,10,-5.93,0,0.0594,95.39,12052,AR,False,Apex Records,2020,4,Friday,3.64,Low,Loud,A#,Minor,False,Q2,False,9.3971,0.4346,39
ac7b9d41-9d46-41f6-bb04-3a2f99abe52d,Pages,Phoenix Cloud,Reflections,2021-02-06,Jazz,208281,12,0.5434,0.4464,8,-9.73,0,0.3632,60.0,19488,NL,True,Universal Music Group,2021,2,Saturday,3.47,Low,Moderate,G#,Minor,True,Q1,True,9.8776,0.3959,471
183391be-1375-4ba1-97de-bef8a56da15e,Doors,Crest Jay,Archives,2021-04-30,EDM,154484,27,0.5552,0.7236,0,-7.79,1,0.0197,125.68,5215,US,False,Neon Label,2021,4,Friday,2.57,Medium,Moderate,C,Major,False,Q2,False,8.5595,0.6053,635
cc3c2d3b-b39c-4936-b8c8-bdd543c6e6c2,Chains,Knot Hart,The Mystic Journeys,2025-09-25,R&B,291157,28,0.5001,0.5483,10,-10.28,0,0.0216,106.17,30873,DE,False,Stardust Label,2025,9,Thursday,4.85,Medium,Moderate,A#,Minor,False,Q3,False,10.3377,0.4853,12111
9aa7188f-c10f-45f9-a57e-df1b58366fdd,The Storm,SethStone,Neon Roads,2025-10-25,Metal,280875,4,0.0,0.9911,11,-3.92,0,0.144,144.24,2173,PT,True,Spectrum Music,2025,10,Saturday,4.68,Low,Loud,B,Minor,True,Q4,True,7.6843,0.5168,1486
4cac674e-46ae-46e7-b3be-2ff91713fc1e,Lost Gardens,Knot Hart,Open Edges,2022-06-12,R&B,199791,19,0.6726,0.568,1,-4.27,1,0.0048,117.53,7089,MX,True,Nova Records,2022,6,Sunday,3.33,Low,Loud,C#,Major,True,Q2,True,8.8664,0.5784,12111
66d152af-00ec-42d0-90ad-88b3597fae4c,Breathing Lights,The Peaks,The Ancient Fragments,2022-06-30,Hip-Hop,192313,27,0.6651,0.6003,8,-6.45,1,0.012,136.92,20803,ID,False,Columbia Records,2022,6,Thursday,3.21,Medium,Moderate,G#,Major,False,Q2,False,9.9429,0.616,208
7152675f-1f66-46e0-b0d9-f60391929040,Crystal,SethStone,The Jagged Tales,2021-02-23,K-Pop,229126,16,0.7073,0.8007,2,-4.67,0,0.0459,114.47,8396,SG,False,Self-Released,2021,2,Tuesday,3.82,Low,Loud,D,Minor,False,Q1,False,9.0356,0.681,1486
aac279d3-7372-48dc-b1eb-5fc29aed3e40,Hiding Heart,Aria Rose,Diaries,2020-11-01,Jazz,204379,40,0.4641,0.3069,11,-10.3,1,0.3049,170.56,99290,KR,False,Indie Collective,2020,11,Sunday,3.41,Medium,Moderate,B,Major,False,Q4,True,11.5058,0.4663,346
102a5ac3-bc10-49c1-ba4f-ecd112354626,Ghosts,Knot Hart,Chronicles,2023-05-24,R&B,197723,38,0.7317,0.6811,10,-5.75,1,0.0108,142.97,21299,DE,False,Self-Released,2023,5,Wednesday,3.3,Medium,Loud,A#,Major,False,Q2,False,9.9665,0.6836,12111
677e34a7-15d8-4bb8-a3fb-1c3290e27da6,Blinding Skies,Knot Hart,Paper Streets,2024-09-29,Trap,249977,13,0.6715,0.7551,11,-5.87,0,0.0085,140.28,12430,TH,False,Indie Collective,2024,9,Sunday,4.17,Low,Loud,B,Minor,False,Q3,True,9.4279,0.6853,12111
a0363590-987f-4e7f-bdcb-e25c60697b16,Pulling Harbors,Indie Lake,Liquid Echoes,2021-05-02,Hip-Hop,214314,73,0.8282,0.5521,5,-6.17,1,0.0431,108.04,1281358,FR,False,Warner Music Group,2021,5,Sunday,3.57,High,Moderate,F,Major,False,Q2,True,14.0634,0.6207,247
a4e0f777-1c7a-4e1c-a405-57480aa1987c,Voices,Knot Hart,The Dark Archives,2024-05-30,R&B,167001,3,0.7593,0.3457,8,-11.64,0,0.0056,109.08,860,GB,True,Indie Collective,2024,5,Thursday,2.78,Low,Moderate,G#,Minor,True,Q2,False,6.7581,0.5121,12111
0787a4d9-137e-4801-b83e-17cadf58b2dc,Velvet Circles,Knot Hart,The Fleeting Chronicles,2023-05-14,R&B,105734,23,0.8246,0.6305,1,-9.12,1,0.0022,102.5,9060,PT,False,Apex Records,2023,5,Sunday,1.76,Low,Moderate,C#,Major,False,Q2,True,9.1117,0.6428,12111
29c3627f-e6e6-49d9-8da8-bafd73e9684b,Floors,Knot Hart,Ancient,2023-05-13,Alternative,211733,18,0.5847,0.7137,4,-6.77,0,0.1977,121.43,6292,PH,False,Catalyst Records,2023,5,Saturday,3.53,Low,Moderate,E,Minor,False,Q2,True,8.7472,0.6071,12111
9aa8652b-3207-4ee8-8d96-277b9235efa1,Burning Storm,Elara Dawn,Midnight Night,2020-12-03,R&B,157827,46,0.684,0.5512,10,-10.95,1,0.0466,103.19,86049,CO,False,Drift Music,2020,12,Thursday,2.63,Medium,Moderate,A#,Major,False,Q4,False,11.3627,0.5558,24
37f2a2e8-24c5-40da-b1e1-4c9d4fd39ca9,Sacred,The Peaks,Jagged Memories,2021-01-20,Pop,214522,36,0.4477,0.5362,6,-11.25,1,0.0795,117.9,31889,US,False,Capitol Records,2021,1,Wednesday,3.58,Medium,Moderate,F#,Major,False,Q1,False,10.37,0.4763,208
c8ad57fb-2016-46aa-a77d-ed40e0d74b8a,The Angels,Ethereal,Lost Circles,2024-05-02,K-Pop,192399,21,0.7604,0.9046,11,-5.95,0,0.0025,142.06,4320,IT,False,Apex Records,2024,5,Thursday,3.21,Low,Loud,B,Minor,False,Q2,False,8.3712,0.7832,3232
0536c114-3679-4393-8ed3-cf626b88f43e,Ancient,IsleEyre,The Bitter Records,2024-07-17,Reggaeton,186983,35,1.0,0.768,4,-7.15,0,0.0218,98.97,31629,PT,False,Catalyst Records,2024,7,Wednesday,3.12,Medium,Moderate,E,Minor,False,Q3,False,10.3619,0.7629,5271
a9caf657-76d9-4597-8711-0e2f2354de5f,Tears,Ethereal,Inner Mirrors,2024-04-23,Country,191935,50,0.8663,0.6513,11,-8.51,0,0.0013,123.51,46117,US,False,Self-Released,2024,4,Tuesday,3.2,High,Moderate,B,Minor,False,Q2,False,10.739,0.6978,3232
88360064-4d2e-41a8-b914-7ca1d71b0d27,Burning,Silk Wells,Lost Stars,2020-11-15,Rock,277052,26,0.606,0.7258,0,-8.17,1,0.0564,116.69,19663,BR,False,Drift Music,2020,11,Sunday,4.62,Medium,Moderate,C,Major,False,Q4,True,9.8865,0.6137,155
cecc1f38-2166-4201-abc1-3dee06bbb0e5,Echoes,RiverFlame,Fragments,2022-06-20,Latin,106428,3,0.5378,0.8388,4,-4.53,1,0.0048,135.02,1485,CA,True,Echo Studios,2022,6,Monday,1.77,Low,Loud,E,Major,True,Q2,False,7.3038,0.6578,422
63a2fc7d-1f62-49ac-90f2-6fada3ecb37a,Chasing Scars,Knot Hart,Frozen Fire,2020-03-07,R&B,167322,43,0.6482,0.6279,1,-6.56,1,0.0056,136.64,111587,IN,True,Interscope Records,2020,3,Saturday,2.79,Medium,Moderate,C#,Major,True,Q1,True,11.6226,0.6199,12111
ede5f6af-436d-4fe0-a5c0-192448bf77ac,Ghosts,Knot Hart,The Ancient Diaries,2022-05-15,R&B,218789,39,0.756,0.7202,3,-8.3,0,0.0137,84.45,135555,MX,False,Wavelength Records,2022,5,Sunday,3.65,Medium,Moderate,D#,Minor,False,Q2,True,11.8171,0.6254,12111
b601eadf-9c68-484a-8015-f506bd9c346a,Sinking Bones,Knot Hart,Quiet,2020-08-03,Rock,207655,30,0.5158,0.725,1,-11.03,1,0.119,134.97,40064,GB,False,Catalyst Records,2020,8,Monday,3.46,Medium,Moderate,C#,Major,False,Q3,False,10.5983,0.6034,12111
e3d3ea6e-bb9d-4eb5-802f-07a3248cf780,Broken Memories,RiverFlame,Heart,2023-10-03,Latin,152514,21,0.8201,0.7657,5,-8.39,1,0.0055,118.37,7168,US,True,Atlantic Records,2023,10,Tuesday,2.54,Low,Moderate,F,Major,True,Q4,False,8.8775,0.7177,422
e8ff2e5e-e6e0-4a8b-8f92-b9231dd7ce9b,Hollow Silver Roads,Equinox,Empty Paradise,2023-08-17,Hip-Hop,191214,54,0.8495,0.7622,0,-4.8,0,0.0138,125.42,83431,CO,False,Warner Music Group,2023,8,Thursday,3.19,High,Loud,C,Minor,False,Q3,False,11.3318,0.7381,151
f6046605-0549-4eb6-a4b3-ce7c2c752bc7,Lost,IsleEyre,Eternal Demons,2021-07-30,Rock,193960,10,0.5668,0.5757,2,-8.49,1,0.0847,180.12,2387,CA,False,RCA Records,2021,7,Friday,3.23,Low,Moderate,D,Major,False,Q3,False,7.7782,0.6286,5271
cb47725b-78c2-45c4-9a86-23564544a0eb,Vivid Tears,Knot Hart,Endless,2020-12-08,R&B,235937,6,0.7542,0.4767,5,-9.69,0,0.0015,126.63,734,BR,False,Neon Label,2020,12,Tuesday,3.93,Low,Moderate,F,Minor,False,Q4,False,6.5999,0.5875,12111
6fc2a120-d73c-4ecd-a779-fe244dda5fcc,Breaking Flames,Knot Hart,The Cloudy Verses,2023-07-21,R&B,179342,37,0.6632,0.6375,3,-5.37,1,0.0123,100.82,158025,TR,True,Universal Music Group,2023,7,Friday,2.99,Medium,Loud,D#,Major,True,Q3,False,11.9705,0.5786,12111
fae78017-b4a6-44cd-9988-467a7b91ed4e,Hidden Keys,Rex York,Rivers,2025-10-05,Hip-Hop,194973,45,0.7748,0.8573,3,-6.38,1,0.0076,131.92,215395,FR,False,Sony Music Entertainment,2025,10,Sunday,3.25,Medium,Moderate,D#,Major,False,Q4,True,12.2802,0.7556,11
cc1a3ff9-6807-430c-9045-0319bcb6511f,Voices,IsleEyre,The Bitter Sessions,2022-04-24,Pop,336678,59,0.8655,0.6183,9,-4.21,1,0.0503,105.87,203001,US,True,RCA Records,2022,4,Sunday,5.61,High,Loud,A,Major,True,Q2,True,12.221,0.659,5271
7aadf5ab-3122-41b3-a0aa-11261b07bec6,Jagged Tears,Willow Jet,Verses,2020-11-13,Pop,217401,19,0.714,0.7376,8,-6.2,1,0.0102,136.96,9417,US,False,Cipher Music,2020,11,Friday,3.62,Low,Moderate,G#,Major,False,Q4,False,9.1504,0.6906,136
f696e54a-f83c-4612-bfa6-574b745a451a,Harbors,Luna Ink,Crimson Love,2020-01-10,Hip-Hop,242792,60,0.8004,0.7428,2,-5.84,0,0.0143,154.14,733131,ID,False,RCA Records,2020,1,Friday,4.05,High,Loud,D,Minor,False,Q1,False,13.5051,0.7518,577
640306d3-b8c5-4bee-9987-dbd2936d1b11,Waves,Ethereal,Dimensions,2022-03-14,Pop,124783,44,0.5156,0.7432,0,-3.95,1,0.0331,113.99,126832,US,True,Columbia Records,2022,3,Monday,2.08,Medium,Loud,C,Major,True,Q1,False,11.7506,0.5806,3232
b886c105-7e2a-4346-845c-bd187c110edc,Endless Fire,Knot Hart,The Open Chapters,2023-10-04,R&B,211539,25,0.8072,0.4747,11,-7.84,1,0.0852,105.87,13223,BR,False,Pulse Records,2023,10,Wednesday,3.53,Medium,Moderate,B,Major,False,Q4,False,9.4898,0.5783,12111
b8b1bba6-4180-4ffc-af01-bdfce3b2e5b2,Fire,Knot Hart,The Velvet Stories,2020-11-04,R&B,190942,36,0.7869,0.4729,4,-9.89,1,0.0459,154.58,66144,AU,True,Republic Records,2020,11,Wednesday,3.18,Medium,Moderate,E,Major,True,Q4,False,11.0996,0.639,12111
c2067dba-8f02-47d4-bd0e-6bc1f76c1ba2,Vivid Stars,Crest Jay,Wild Heart,2021-06-11,EDM,205557,46,0.6071,0.7609,2,-4.93,0,0.0242,136.89,140060,GB,True,Epic Records,2021,6,Friday,3.43,Medium,Loud,D,Minor,True,Q2,False,11.8498,0.657,635
12340ef5-44d9-4a03-a09f-543b7e2114f3,Burning Roses,Silk Wells,Tapes,2021-07-26,Indie,179366,41,0.7012,0.7091,10,-8.53,1,0.0238,106.83,138609,MY,False,Catalyst Records,2021,7,Monday,2.99,Medium,Moderate,A#,Major,False,Q3,False,11.8394,0.631,155
4cc1964f-6a47-46ba-b2aa-20d0259959a9,Fleeting Roses,Hawk Theory,Letters,2022-05-06,Pop,213278,45,0.6286,0.5522,3,-12.07,1,0.0063,125.64,386215,US,False,Island Records,2022,5,Friday,3.55,Medium,Quiet,D#,Major,False,Q2,False,12.8642,0.5661,492
4516b68b-7c15-491d-9431-f1586ed72027,Breaking Roads,ElaraRain,Reflections,2022-11-07,Rock,251819,8,0.5025,0.929,5,-3.64,0,0.0716,138.44,1841,DE,False,Neon Label,2022,11,Monday,4.2,Low,Loud,F,Minor,False,Q4,False,7.5186,0.6847,1111
9ae67f2d-a668-414f-9466-6bdd6871d2c3,Fading Mountains,Knot Hart,Records,2020-01-21,R&B,218581,38,0.7214,0.4369,2,-11.16,1,0.0172,134.04,62072,FR,False,Def Jam Recordings,2020,1,Tuesday,3.64,Medium,Moderate,D,Major,False,Q1,False,11.0361,0.5691,12111
238ef417-bd6d-41b1-8fb6-40c99fad81f5,Moving Ghosts,The Blazes,Open Echoes,2025-02-01,Metal,166550,14,0.3027,1.0,10,-5.82,0,0.0977,168.64,5158,JP,False,Drift Music,2025,2,Saturday,2.78,Low,Loud,A#,Minor,False,Q1,True,8.5485,0.6763,9
7818d91d-6ea9-47bd-a2bf-c2531a04a598,Dancing Demons,The Eyres,The Fleeting Letters,2021-01-12,EDM,235967,19,0.6099,0.8742,5,-2.36,0,0.4524,121.94,5445,PT,False,Columbia Records,2021,1,Tuesday,3.93,Low,Loud,F,Minor,False,Q1,False,8.6026,0.6821,94
fdeedbaa-7bdc-4e0f-9ca5-552fe0a8e31f,Open Ghosts,IsleEyre,Gentle Circles,2022-10-05,Pop,155446,34,0.7169,0.6287,10,-9.5,1,0.1259,108.0,15023,JP,False,Capitol Records,2022,10,Wednesday,2.59,Medium,Moderate,A#,Major,False,Q4,False,9.6174,0.6068,5271
1122baa5-2d8c-49f8-9dd5-b56578e60a58,Cosmic Hollow Worlds,Finn Arc,Wicked,2021-10-14,Pop,283174,29,0.6231,0.5979,4,-9.09,0,0.0444,127.06,28702,CL,False,Catalyst Records,2021,10,Thursday,4.72,Medium,Moderate,E,Minor,False,Q4,False,10.2648,0.5842,13
d532d8d8-af93-4f96-bd6b-d18dc59bb326,Glass Pages,Clay Black,Paper V,2024-07-28,Pop,257419,23,0.675,0.5942,2,-3.95,0,0.0164,105.31,7277,PL,False,Nova Records,2024,7,Sunday,4.29,Low,Loud,D,Minor,False,Q3,True,8.8926,0.5724,693
b0252fe8-6c73-4819-b37e-8614b0191d73,Heavy Sacred Nights,The Dawns,Storm,2021-02-26,Pop,164753,31,0.6909,0.7579,5,-5.28,1,0.0026,113.74,42695,US,False,Horizon Records,2021,2,Friday,2.75,Medium,Loud,F,Major,False,Q1,False,10.6619,0.6563,750
e3091a09-0e40-4790-8571-dc4c6a720198,Urban Fire,Jasper Jade,The Neon Tales,2022-05-20,Pop,138797,58,0.736,0.5635,10,-5.74,1,0.0097,149.95,1081956,CA,False,Self-Released,2022,5,Friday,2.31,High,Loud,A#,Major,False,Q2,False,13.8943,0.6483,181
dad93b72-caff-49af-b6d0-4c978f1525af,The Pages,Axel Gold,Shattered,2021-08-25,Hip-Hop,221113,57,0.6385,0.4882,4,-9.07,1,0.0313,145.25,218116,AU,True,Drift Music,2021,8,Wednesday,3.69,High,Moderate,E,Major,True,Q3,False,12.2928,0.5725,83
3ab4650c-3869-4d6f-8590-8acb0a5a4c09,Burning Keys,BlazeCore,The Golden Archives,2021-01-28,Country,129427,7,0.6924,0.6964,5,-8.59,0,0.004,67.02,2948,ES,False,Atlantic Records,2021,1,Thursday,2.16,Low,Moderate,F,Minor,False,Q1,False,7.9892,0.5655,460
d57142ca-4138-46d0-a011-457ae4c4c2fb,Walking Skies,Knot Hart,Glass I,2022-05-02,R&B,259409,18,0.6809,0.6028,7,-5.16,1,0.0676,107.57,10592,US,False,Independent,2022,5,Monday,4.32,Low,Loud,G,Major,False,Q2,False,9.2679,0.5814,12111
a59bfd26-2566-4c89-a9a1-bf5eed582e2b,Kind Memories,IsleEyre,Portraits,2021-07-27,Pop,293193,26,0.6193,0.6652,6,-5.33,0,0.0055,147.06,6363,AU,True,Bedroom Records,2021,7,Tuesday,4.89,Medium,Loud,F#,Minor,True,Q3,False,8.7584,0.6382,5271
a70f703e-b98e-4706-9039-e686a4a47907,Spinning Keys,ShadeHill,Jagged Scars,2023-08-17,Reggaeton,236113,34,0.7848,0.6704,10,-6.39,1,0.0109,92.2,19524,US,False,Stardust Label,2023,8,Thursday,3.94,Medium,Moderate,A#,Major,False,Q3,False,9.8795,0.6281,27
f99fbb56-b1a9-411f-bf7e-4f1b64262647,The Paradise,Knot Hart,Twisted,2022-02-22,R&B,317469,19,0.6984,0.4409,9,-6.94,1,0.1148,117.04,2762,US,False,Prism Audio,2022,2,Tuesday,5.29,Low,Moderate,A,Major,False,Q1,False,7.9241,0.5372,12111
6d7e1d96-6aa6-4499-9563-e2f3037e32f1,Drifting Islands,Ethereal,Empty Worlds,2021-03-25,Pop,262601,10,0.6994,0.7074,2,-7.54,1,0.0445,122.94,1423,IT,False,Prism Audio,2021,3,Thursday,4.38,Low,Moderate,D,Major,False,Q1,False,7.2612,0.6526,3232
3e5d7d90-76af-445a-91b7-dd9ff07871b3,The Fire,Sterling Zen,Kind Lines,2023-09-08,Folk,206692,29,0.4064,0.2574,3,-14.56,1,0.1163,128.77,10216,US,False,Bedroom Records,2023,9,Friday,3.44,Medium,Quiet,D#,Major,False,Q3,False,9.2318,0.3638,2268
bf1feaad-a319-4221-9d45-b97add124c7e,Silver Thunder,Sterling Zen,The Deep Verses,2023-01-19,Folk,220294,49,0.5832,0.333,11,-10.15,1,0.0902,132.34,50740,CL,True,RCA Records,2023,1,Thursday,3.67,Medium,Moderate,B,Major,True,Q1,False,10.8345,0.4698,2268
9f2406f2-e391-4d53-9bea-c4c5921bf0b4,Turning Keys,Crest Jay,Hidden Heart,2022-04-20,K-Pop,184094,42,0.6595,0.8734,10,-6.67,1,0.0161,84.37,116099,SE,False,Stardust Label,2022,4,Wednesday,3.07,Medium,Moderate,A#,Major,False,Q2,False,11.6622,0.648,635
08bc38c0-a6c6-4cc0-b6cb-8a68aff273a9,Frozen Circles,The Quinns,Gentle,2025-07-14,Reggaeton,203910,22,0.8029,0.839,9,-5.81,1,0.0519,104.0,9645,US,False,Apex Records,2025,7,Monday,3.4,Low,Loud,A,Major,False,Q3,False,9.1743,0.7196,19
904b0193-968a-4b38-9b07-b94204269b75,Burning,Knot Hart,Twisted Chains,2020-12-06,R&B,237368,40,0.555,0.633,0,-8.69,1,0.0257,86.53,44099,BR,False,Columbia Records,2020,12,Sunday,3.96,Medium,Moderate,C,Major,False,Q4,True,10.6942,0.5131,12111
efa15ea8-e51f-4e2e-b958-77a858633c84,Waiting Angels,Knot Hart,Kind Soul,2024-07-13,Folk,181303,38,0.3779,0.3666,8,-11.71,0,0.0467,104.24,22459,CO,True,Drift Music,2024,7,Saturday,3.02,Medium,Moderate,G#,Minor,True,Q3,True,10.0195,0.361,12111
43721ee7-5f8e-46bb-8a2b-e3de3c8d3186,Lights,Knot Hart,The Fierce Fragments,2023-09-10,R&B,113745,52,0.7513,0.3814,4,-9.03,1,0.0036,95.51,87722,PL,False,Atlantic Records,2023,9,Sunday,1.9,High,Moderate,E,Major,False,Q3,True,11.3819,0.5038,12111
5da8f9f1-265e-4e9e-83a1-e564d653e513,Skies,ThornQuill,Fierce Waves,2021-01-28,Latin,238166,8,0.695,0.4451,7,-13.21,0,0.0065,88.94,890,ZA,True,Apex Records,2021,1,Thursday,3.97,Low,Quiet,G,Minor,True,Q1,False,6.7923,0.4974,29
e1f42e18-12a7-4133-8e88-93db3709ba29,Tears,Hawk Theory,Dreams,2021-04-20,Pop,173368,21,0.7863,0.5137,3,-8.19,0,0.019,89.21,7217,SE,True,Universal Music Group,2021,4,Tuesday,2.89,Low,Moderate,D#,Minor,True,Q2,False,8.8843,0.5617,492
a0db069e-573b-4592-844d-3f2695dd7ce4,Fading Stars,IsleEyre,Fierce I,2025-11-03,Pop,255863,7,0.4788,0.4471,8,-8.72,0,0.0368,142.0,1861,US,True,Neon Label,2025,11,Monday,4.26,Low,Moderate,G#,Minor,True,Q4,False,7.5294,0.4875,5271
49466cb7-5f3e-4215-b400-ae2a78f1ae17,Fleeting,Dusk Jay,Skies,2022-05-22,Country,207494,36,0.5001,0.7018,6,-9.11,1,0.0215,108.26,123835,FR,False,Capitol Records,2022,5,Sunday,3.46,Medium,Moderate,F#,Major,False,Q2,True,11.7267,0.5497,82
cdd9cc90-b70e-4464-b31f-7041a01c3435,Urban Angels,Cliff Project,Cloudy Eyes,2020-11-22,Reggaeton,271836,15,0.8125,0.8682,0,-6.91,0,0.0074,94.47,11670,FR,False,Epic Records,2020,11,Sunday,4.53,Low,Moderate,C,Minor,False,Q4,True,9.3649,0.7215,52
ee47d2e9-9438-4845-9c5b-d2df89534f99,Chains,Phoenix Hill,Broken,2023-03-09,Pop,160002,69,0.8133,0.6105,0,-9.42,1,0.0081,123.84,954159,GB,False,Republic Records,2023,3,Thursday,2.67,High,Moderate,C,Major,False,Q1,False,13.7686,0.6607,57
86bb2e81-4686-44a2-9bba-c1c45340b7d3,Cloudy Rivers,The Golds,Eyes,2020-09-29,Pop,132770,48,0.5399,0.645,6,-7.49,1,0.047,131.71,80156,NL,False,Epic Records,2020,9,Tuesday,2.21,Medium,Moderate,F#,Major,False,Q3,False,11.2917,0.5764,23
a4ee9b94-5b8a-4f11-92e0-695d55a3b221,Silver Raw Winds,IsleEyre,Distant IV,2024-01-28,Pop,171786,23,0.4696,0.6323,4,-10.68,1,0.0029,121.64,22470,NL,False,Stardust Label,2024,1,Sunday,2.86,Low,Moderate,E,Major,False,Q1,True,10.02,0.5288,5271
1d21a8e5-c181-4c5c-94f4-8effc184f5dd,Moving Keys,GroveBlack,Broken,2023-03-02,Pop,188218,27,0.7716,0.7777,8,-7.92,1,0.0022,140.35,6635,EG,True,Self-Released,2023,3,Thursday,3.14,Medium,Moderate,G#,Major,True,Q1,False,8.8003,0.7345,160
022df872-0a2d-42c8-9bee-8fe65d35b508,Mystic Endless Mirrors,Rocco Ore,The Jagged Dimensions,2024-07-04,R&B,269628,19,0.6986,0.7495,3,-7.36,1,0.0672,114.17,7569,CL,False,Neon Label,2024,7,Thursday,4.49,Low,Moderate,D#,Major,False,Q3,False,8.9319,0.6566,1709
034d8c9b-41de-4597-9068-d35672cbf896,Twisted,OpalOak,Crystal Dreams,2024-02-12,Trap,206006,12,0.8563,0.6475,0,-7.68,1,0.0344,151.2,7821,TR,False,Self-Released,2024,2,Monday,3.43,Low,Moderate,C,Major,False,Q1,False,8.9647,0.7318,71
90622c49-ee7b-4f3e-8b2d-994d4416ec3c,The Dreams,Vale Drake,Bitter Chains,2024-09-20,Rock,245476,34,0.5466,0.6984,2,-5.47,1,0.317,122.81,99014,SE,False,Catalyst Records,2024,9,Friday,4.09,Medium,Loud,D,Major,False,Q3,False,11.503,0.5877,225
fd14981d-41f1-46d5-b335-31e88e0347fb,Endless Dreams,Jasper Wilde,The Dark Stories,2020-08-29,R&B,291878,69,0.6539,0.8066,10,-6.81,1,0.014,95.26,1352900,SG,False,RCA Records,2020,8,Saturday,4.86,High,Moderate,A#,Major,False,Q3,True,14.1178,0.6346,116
04c68a23-a0bd-448c-9585-1aa4e81ea427,Endless Love,BlazeCore,Endless Angels,2021-03-31,Country,237632,53,0.4155,0.7483,1,-4.55,1,0.0154,113.29,184515,SE,True,RCA Records,2021,3,Wednesday,3.96,High,Loud,C#,Major,True,Q1,False,12.1255,0.5416,460
70894773-dcfe-4303-bbc5-38e0ca24c1e2,Hidden Pages,Knot Hart,Silent,2023-02-11,R&B,293828,3,0.7548,0.5931,7,-6.49,1,0.0022,128.07,689,US,True,Prism Audio,2023,2,Saturday,4.9,Low,Moderate,G,Major,True,Q1,True,6.5367,0.6364,12111
bbbff420-485c-4767-b53b-5a8313d3551b,Deep Fire,ValeGlass,Notes,2021-04-19,Pop,126827,31,0.6354,0.7219,3,-4.46,1,0.0249,110.38,11800,SE,False,Apex Records,2021,4,Monday,2.11,Medium,Loud,D#,Major,False,Q2,False,9.3759,0.6149,981
631fe8c2-5581-4a19-9f3f-b3cfdd60318c,Opening Ghosts,The Mills,Twisted I,2024-12-19,Reggaeton,226638,24,0.8515,0.9472,2,-7.52,1,0.0124,100.94,11371,KR,False,Independent,2024,12,Thursday,3.78,Low,Moderate,D,Major,False,Q4,False,9.3389,0.778,8
d8e1cd64-123e-493c-a7fa-fae3d9724a3e,Frozen Lines,ZenithKnox,Velvet III,2025-03-17,Rock,199555,24,0.5985,0.751,8,-8.14,1,0.0333,127.09,25829,US,False,Universal Music Group,2025,3,Monday,3.33,Low,Moderate,G#,Major,False,Q1,False,10.1593,0.6356,17
6daff439-483f-4a04-83c7-d16fc7beaf13,Frozen Open Worlds,Knot Hart,The Mystic Files,2023-09-25,R&B,108734,34,0.8468,0.6035,2,-11.63,0,0.0048,90.57,9195,FR,False,Apex Records,2023,9,Monday,1.81,Medium,Moderate,D,Minor,False,Q3,False,9.1265,0.6238,12111
f0f84b0d-ccb5-456c-b2ca-9ad40c7030b6,Pages,Knot Hart,The Twisted Dimensions,2021-06-11,R&B,92194,21,0.6892,0.5538,8,-7.45,1,0.0044,102.37,10865,US,False,Apex Records,2021,6,Friday,1.54,Low,Moderate,G#,Major,False,Q2,False,9.2934,0.5577,12111
e2804a5e-d382-4fc7-af8c-ad918b1034f0,Deep Edges,Knot Hart,Cloudy,2020-04-12,R&B,223056,11,0.6719,0.6877,10,-7.92,0,0.0211,141.66,1434,IN,False,Bedroom Records,2020,4,Sunday,3.72,Low,Moderate,A#,Minor,False,Q2,True,7.2689,0.6605,12111
a34061a3-7922-4d27-aeed-475c1bf06944,Rising Rivers,Isle Jay,Revolutions,2022-09-08,Latin,191973,41,0.7687,0.5374,11,-7.56,1,0.0176,123.82,221803,AU,False,Epic Records,2022,9,Thursday,3.2,Medium,Moderate,B,Major,False,Q3,False,12.3095,0.6136,241
68f03948-aee1-4927-abe8-f3154e1a382c,The Doors,Rhys Knight,Urban I,2020-03-26,Pop,245563,48,0.9315,0.4692,8,-7.09,0,0.0116,133.59,179036,US,False,Universal Music Group,2020,3,Thursday,4.09,Medium,Moderate,G#,Minor,False,Q1,False,12.0953,0.6654,100
8db41e00-2926-4b16-bed8-a31f1d228784,Chains,Knot Hart,The Crystal Portraits,2024-01-11,R&B,147157,23,0.599,0.7047,2,-5.48,1,0.006,138.43,6562,NL,False,Catalyst Records,2024,1,Thursday,2.45,Low,Loud,D,Major,False,Q1,False,8.7892,0.6335,12111
b6dc3790-5d51-403a-9af1-a3668d0fbd27,Deep Worlds,SethStone,Vivid Worlds,2024-02-29,Metal,158922,28,0.2912,0.8223,7,-6.94,0,0.3837,117.89,22046,US,False,Stardust Label,2024,2,Thursday,2.65,Medium,Moderate,G,Minor,False,Q1,False,10.0009,0.5281,1486
bd6ded16-7119-464b-94df-862ab326871e,Yearning Scars,RoccoMarsh,Ancient Tears,2024-01-05,Punk,237327,30,0.5332,0.8923,3,-3.2,1,0.0504,158.43,15143,FR,True,Catalyst Records,2024,1,Friday,3.96,Medium,Loud,D#,Major,True,Q1,False,9.6254,0.7108,63
9a1317a5-7ee5-414e-9dfc-3f6f2e2215cb,Velvet Inner Eyes,LolaOre,Wild II,2025-08-05,Punk,358055,73,0.3347,0.9265,2,-4.38,1,0.0123,165.91,1327704,TR,True,Interscope Records,2025,8,Tuesday,5.97,High,Loud,D,Major,True,Q3,False,14.099,0.6558,199
e24a8f39-501f-4021-a964-3aeedaf7eccc,Gentle Doors,ElaraRain,Shattered Oceans,2020-01-20,Rock,216311,17,0.5211,0.6947,0,-4.91,1,0.0046,84.17,6378,IN,True,Bedroom Records,2020,1,Monday,3.61,Low,Loud,C,Major,True,Q1,False,8.7608,0.5208,1111
a811e126-7ea7-4a78-a04c-508758056603,Liquid Heart,The Dawns,Jagged Thunder,2023-02-28,Pop,195864,20,0.4808,0.4866,9,-11.42,0,0.003,97.65,10308,MX,False,Catalyst Records,2023,2,Tuesday,3.26,Low,Moderate,A,Minor,False,Q1,False,9.2408,0.4407,750
5d3bb80a-cb41-480a-b240-7e092d16d1f6,Dark,SethStone,The Shattered Diaries,2021-08-14,Metal,263581,74,0.358,1.0,9,-2.31,0,0.2336,149.55,5290743,ES,False,Warner Music Group,2021,8,Saturday,4.39,High,Loud,A,Minor,False,Q3,True,15.4815,0.6711,1486
bc87c063-4c9a-4a1c-a7d8-e97beae29f1a,Tears,IsleEyre,Neon,2022-07-16,Pop,189896,26,0.6879,0.6832,0,-8.44,1,0.075,121.76,22621,NG,True,Midnight Records,2022,7,Saturday,3.16,Medium,Moderate,C,Major,True,Q3,True,10.0267,0.6367,5271
a262ff2c-7983-47c8-b2f2-16f22dfc9d52,Roads,Frost Nova,Silent Bones,2025-06-11,Latin,159758,21,0.663,0.5071,4,-7.43,0,0.0199,137.04,4876,JP,False,Independent,2025,6,Wednesday,2.66,Low,Moderate,E,Minor,False,Q2,False,8.4923,0.5781,862
10989882-9d13-4a0f-beff-c810f4dc585d,Distant Pages,Jasper Cloud,Hollow Roses,2021-12-22,EDM,203039,22,0.8252,0.8272,6,-5.24,1,0.1178,154.02,12796,GB,False,Independent,2021,12,Wednesday,3.38,Low,Loud,F#,Major,False,Q4,False,9.457,0.7953,327
4e0b87e8-d760-41ec-bcde-24dbe5d90b68,Harbors,The Gates,Thunder,2025-08-10,Latin,236479,26,0.8599,0.5316,0,-11.65,1,0.0427,101.53,60548,SE,False,Independent,2025,8,Sunday,3.94,Medium,Moderate,C,Major,False,Q3,True,11.0112,0.6159,44
27f2ff5e-06f4-4681-8d40-f0eb556cae06,Falling Heart,Phoenix Cloud,Ghosts,2022-09-24,Trap,244801,47,0.9037,0.6017,3,-4.99,1,0.0088,182.49,82483,GB,False,Warner Music Group,2022,9,Saturday,4.08,Medium,Loud,D#,Major,False,Q3,True,11.3204,0.7771,471
f89791bf-4ea4-491c-a789-ec17285d9dc8,Empty Silver Keys,Blake Crow,The Quiet Records,2023-10-31,R&B,259451,31,0.5638,0.5622,6,-8.81,1,0.0332,107.1,113725,US,False,Independent,2023,10,Tuesday,4.32,Medium,Moderate,F#,Major,False,Q4,False,11.6415,0.5177,179
eb0f23be-ded8-4f8a-8e13-d82294a37c8a,The Bones,Knot Hart,Wings,2023-06-20,R&B,232340,3,0.7395,0.5338,0,-10.81,0,0.0174,122.54,7344,AU,False,Neon Label,2023,6,Tuesday,3.87,Low,Moderate,C,Minor,False,Q2,False,8.9018,0.5987,12111
477ef4f1-9934-451e-99d9-c2e3d6700fb7,The Roads,Rocco Ore,Cosmic Mirrors,2022-08-17,R&B,214086,39,0.9146,0.4692,1,-12.19,0,0.0742,121.62,94834,KR,False,Apex Records,2022,8,Wednesday,3.57,Medium,Quiet,C#,Minor,False,Q3,False,11.4599,0.6415,1709
c3627db1-099c-4d77-ad00-da535ebf3c73,Breathing Waves,Knot Hart,Hollow,2023-03-25,R&B,150648,3,0.6867,0.5955,3,-7.1,1,0.0335,123.02,1916,SE,True,Prism Audio,2023,3,Saturday,2.51,Low,Moderate,D#,Major,True,Q1,True,7.5585,0.6029,12111
775fb8f2-134b-470f-8aa1-78540414a5c2,Stars,IsleEyre,Urban Night,2024-09-19,Pop,212396,30,0.6686,0.6583,11,-8.23,1,0.024,125.72,8216,US,True,Epic Records,2024,9,Thursday,3.54,Medium,Moderate,B,Major,True,Q3,False,9.014,0.6246,5271
64ff7b07-54fa-4c1e-b3ac-0781caca8b41,Silent Scars,Isle Jay,The Twisted Frequencies,2023-08-08,Latin,144782,27,0.6967,0.5475,7,-8.69,1,0.0313,94.66,26455,DE,True,Self-Released,2023,8,Tuesday,2.41,Medium,Moderate,G,Major,True,Q3,False,10.1832,0.5472,241
cdd469eb-837b-4b78-8d00-ea89e71cfeab,Jumping Eyes,Storm Hill,Lost Mirrors,2025-05-11,Pop,145354,26,0.6443,0.4584,10,-10.85,1,0.013,107.63,13844,BR,True,Echo Studios,2025,5,Sunday,2.42,Medium,Moderate,A#,Major,True,Q2,True,9.5357,0.5091,14
e29db073-ab23-4599-8bfd-5b0f1f8fee04,Ancient Soul,Knot Hart,Golden Nights,2023-03-11,EDM,205551,26,0.7281,1.0,10,-2.85,1,0.0467,114.41,19868,DE,False,Indie Collective,2023,3,Saturday,3.43,Medium,Loud,A#,Major,False,Q1,True,9.8969,0.769,12111
d9564c71-4502-49f2-9d42-4212ef00dc8d,Endless Paradise,Ethereal,The Wicked Frequencies,2023-10-10,Pop,211023,21,0.5859,0.607,3,-8.56,1,0.0392,95.97,21382,CA,False,Neon Label,2023,10,Tuesday,3.52,Low,Moderate,D#,Major,False,Q4,False,9.9704,0.5285,3232
08e8995e-e2e9-4e5a-8daa-32bff8644ae9,Worlds,Sable Ash,Empty Rivers,2024-04-05,K-Pop,286659,4,0.712,0.8348,6,-3.95,1,0.0093,155.5,3809,US,False,Apex Records,2024,4,Friday,4.78,Low,Loud,F#,Major,False,Q2,False,8.2454,0.7551,92
06fdc8bd-9603-4e74-8247-358f8a45dc12,Silver Harbors,Knot Hart,Tales,2020-10-20,R&B,180546,62,0.811,0.3432,5,-11.31,0,0.022,111.74,1771682,NG,True,Sony Music Entertainment,2020,10,Tuesday,3.01,High,Moderate,F,Minor,True,Q4,False,14.3874,0.5356,12111
c0a4c67b-8301-4c7b-b4fa-ae65734c25c1,Eternal Lights,ValeGlass,Fragments,2024-10-18,Pop,232488,34,0.7952,0.7182,6,-6.95,1,0.0328,123.49,37028,DE,False,Cipher Music,2024,10,Friday,3.87,Medium,Moderate,F#,Major,False,Q4,False,10.5195,0.6961,981
4acd712a-3db1-4c22-b6b5-de5c8ad65f65,Scars,LolaOre,The Jagged Tales,2023-02-19,Punk,243561,20,0.3096,1.0,5,-7.96,0,0.0967,124.75,9998,GB,False,RCA Records,2023,2,Sunday,4.06,Low,Moderate,F,Minor,False,Q1,True,9.2102,0.6163,199
9e2059cb-c320-44c4-9844-4e99a267031c,The Angels,Crest Jay,Flames,2024-08-09,EDM,169976,10,0.6723,0.6903,4,-6.9,1,0.0135,151.8,5077,FR,False,Pulse Records,2024,8,Friday,2.83,Low,Moderate,E,Major,False,Q3,False,8.5327,0.6762,635
0002d2f9-eb3c-4bbc-9789-b912467746c7,Heart,Knot Hart,The Shattered Notes,2024-07-24,R&B,171109,33,0.8018,0.5936,10,-12.59,1,0.0199,133.98,16578,US,False,Interscope Records,2024,7,Wednesday,2.85,Medium,Quiet,A#,Major,False,Q3,False,9.7159,0.6638,12111
3b910f37-4d56-4202-8dac-361c81cdfd46,Doors,Ethereal,Inner III,2020-08-10,Pop,181579,46,0.7808,0.6345,6,-6.15,0,0.0656,141.01,237309,CO,False,Nova Records,2020,8,Monday,3.03,Medium,Moderate,F#,Minor,False,Q3,False,12.3771,0.6818,3232
ce45f25d-d2f8-4a72-81c5-dd06480cda78,Lost Bridges,Maya Ridge,Invisible Harbors,2024-12-10,Alternative,160227,41,0.3698,0.9161,9,-4.52,0,0.0083,139.65,102265,GB,False,Wavelength Records,2024,12,Tuesday,2.67,Medium,Loud,A,Minor,False,Q4,False,11.5353,0.6281,118
200caa22-3ac6-4855-b7fe-91956b49c0b7,Yearning Keys,ValeGlass,Fierce I,2020-01-18,Pop,212530,48,0.6036,0.8203,2,-3.3,1,0.0047,103.73,49348,US,False,Indie Collective,2020,1,Saturday,3.54,Medium,Loud,D,Major,False,Q1,True,10.8067,0.632,981
3266a1fb-6485-402d-a5c1-4a85c3c40a77,Raw Angels,Knot Hart,Shadows,2023-11-13,R&B,184825,54,0.7891,0.5904,7,-3.73,0,0.0034,95.62,65541,IN,False,Island Records,2023,11,Monday,3.08,High,Loud,G,Minor,False,Q4,False,11.0904,0.6027,12111
930b563c-3285-480d-90cb-82f770bcbba7,Frozen,Blake Crow,Stories,2022-04-13,R&B,211154,30,0.7546,0.2582,3,-12.26,1,0.0077,113.14,9144,FR,True,Stardust Label,2022,4,Wednesday,3.52,Medium,Quiet,D#,Major,True,Q2,False,9.121,0.481,179
7c7a6ac4-df01-45c1-8a2c-5f4ea7ea8cdb,Gentle Rivers,Knot Hart,The Hidden Portraits,2021-10-01,R&B,156741,45,0.8039,0.5213,11,-14.92,1,0.0889,94.66,316996,CA,False,Epic Records,2021,10,Friday,2.61,Medium,Quiet,B,Major,False,Q4,False,12.6666,0.5796,12111
87ef30ea-26be-4747-89e5-383def12a595,Paradise,The Flints,The Midnight Sessions,2022-03-18,K-Pop,253030,49,1.0,0.8259,6,-6.58,1,0.0214,130.16,76325,ES,False,Midnight Records,2022,3,Friday,4.22,Medium,Moderate,F#,Major,False,Q1,False,11.2428,0.8306,181
f0be783e-28c3-4aca-9af2-4ab93d138d2c,Raw Frozen Streets,Knot Hart,Lost IV,2021-07-20,R&B,124315,40,0.5809,0.3905,2,-9.49,1,0.0022,111.29,44867,EG,True,Cipher Music,2021,7,Tuesday,2.07,Medium,Moderate,D,Major,True,Q3,False,10.7115,0.4618,12111
676789f8-025d-4081-9d8b-d76b7e25e861,Falling Streets,Grove Hart,Fierce Voices,2022-04-13,Country,231113,52,0.7168,0.4842,3,-9.61,0,0.0074,112.19,162716,GB,False,Prism Audio,2022,4,Wednesday,3.85,High,Moderate,D#,Minor,False,Q2,False,11.9998,0.555,17
dae9209b-40ee-4cc2-90bb-fc0c8c439dea,Frozen Wings,Ethereal,Reflections,2025-08-04,Pop,253198,26,0.7825,0.5943,11,-7.44,0,0.0177,110.91,15115,US,True,Independent,2025,8,Monday,4.22,Medium,Moderate,B,Minor,True,Q3,False,9.6235,0.6234,3232
609e5bd6-56c9-4c8c-b282-7d91c68e9fea,Crimson Edges,IsleEyre,The Broken Revolutions,2024-02-26,Pop,159507,39,0.6166,0.7203,6,-4.27,1,0.0071,130.93,54761,IT,True,Wavelength Records,2024,2,Monday,2.66,Medium,Loud,F#,Major,True,Q1,False,10.9108,0.6361,5271
e82fa808-ec4b-4092-bb9f-f6396a5bcb8a,Pulling Lines,Knot Hart,Ancient,2020-01-04,Rock,210226,5,0.5588,0.6483,1,-5.01,1,0.1014,143.64,2907,BR,False,Columbia Records,2020,1,Saturday,3.5,Low,Loud,C#,Major,False,Q1,True,7.9752,0.6023,12111
a3339e2b-37c2-42cd-90c0-733fc258e6a5,Bitter Lights,IsleEyre,Fading Demons,2025-11-15,Hip-Hop,189474,44,0.8982,0.3979,11,-5.89,1,0.0032,146.09,156123,KR,False,Sony Music Entertainment,2025,11,Saturday,3.16,Medium,Loud,B,Major,False,Q4,True,11.9584,0.6414,5271
c21ba7a5-7e9c-4228-8805-3eb054bfe992,Breathing Demons,Cole Nix,Wings,2023-11-28,Pop,183597,28,0.7108,0.6246,6,-4.78,1,0.0548,119.34,11899,FR,True,Echo Studios,2023,11,Tuesday,3.06,Medium,Loud,F#,Major,True,Q4,False,9.3843,0.6189,48
45ebf922-e44f-495e-ae7b-7839f8982664,Gentle Winds,The Elms,Fleeting III,2025-02-19,Disco,154034,45,0.7394,0.6109,5,-7.78,1,0.0114,117.93,61903,US,True,Horizon Records,2025,2,Wednesday,2.57,Medium,Moderate,F,Major,True,Q1,False,11.0333,0.6229,4
37d78e3a-e783-4b6d-a7b3-b80f74258997,The Harbors,Ethereal,Wicked Winds,2025-06-17,Pop,236248,18,0.6472,0.5203,7,-9.49,1,0.0332,127.56,10984,US,False,Warner Music Group,2025,6,Tuesday,3.94,Low,Moderate,G,Major,False,Q2,False,9.3043,0.5635,3232
52f10a00-29c2-4dd5-8d9e-bae3db69e42b,The Wings,Sterling Zen,Urban Bridges,2022-04-16,Folk,191997,30,0.4069,0.4738,7,-7.78,0,0.0271,96.94,38238,DE,True,Cipher Music,2022,4,Saturday,3.2,Medium,Moderate,G,Minor,True,Q2,True,10.5516,0.4051,2268
d82bc6a8-1253-432c-a71e-a2eb93fd3ed2,Heavy Lights,Isle Jay,The Electric Notes,2024-04-27,Latin,254674,49,1.0,0.7391,7,-6.67,1,0.0133,115.0,60603,AR,False,Prism Audio,2024,4,Saturday,4.24,Medium,Moderate,G,Major,False,Q2,True,11.0121,0.7742,241
ebcd2437-a339-4689-9a1f-1ffcacf42964,Shattered Eternal Flames,The Ridges,The Velvet Archives,2022-04-29,Rock,249924,12,0.3259,0.9587,5,-5.05,1,0.0014,142.56,4325,MX,False,Spectrum Music,2022,4,Friday,4.17,Low,Loud,F,Major,False,Q2,False,8.3724,0.6318,28
c43e5a97-c6dc-4d95-8c32-ffae67cd18a1,Roads,The Dawns,Harbors,2025-09-16,Pop,179616,40,0.8726,0.6676,2,-6.63,1,0.0021,118.0,80399,MX,False,Republic Records,2025,9,Tuesday,2.99,Medium,Moderate,D,Major,False,Q3,False,11.2948,0.6989,750
caa9fbfe-d842-4b11-97c9-748470d32916,Midnight,Ethereal,Stories,2020-09-29,Pop,224567,29,0.6369,0.7458,10,-2.87,1,0.0601,106.95,32897,NL,False,Midnight Records,2020,9,Tuesday,3.74,Medium,Loud,A#,Major,False,Q3,False,10.4012,0.6202,3232
0cc69eca-6597-44cb-8e87-0437c439f0fb,Moving Echoes,Sterling Zen,Burning Floors,2025-10-12,Folk,228966,24,0.3926,0.1049,5,-12.13,1,0.1341,130.31,5942,NG,False,Wavelength Records,2025,10,Sunday,3.82,Low,Quiet,F,Major,False,Q4,True,8.69,0.2994,2268
a2dd365d-3f82-43f4-ac35-580720c2803b,Flames,The Wests,Shattered Tears,2020-09-07,R&B,202258,70,0.7567,0.5997,2,-9.18,1,0.0034,101.47,1142343,TR,False,Interscope Records,2020,9,Monday,3.37,High,Moderate,D,Major,False,Q3,False,13.9486,0.6018,293
14153875-5626-4a94-b417-7efb80a444cc,The Worlds,Knot Hart,Letters,2020-02-01,Folk,151897,19,0.5362,0.259,8,-10.89,0,0.0443,92.52,15508,ZA,True,Independent,2020,2,Saturday,2.53,Low,Moderate,G#,Minor,True,Q1,True,9.6492,0.3645,12111
ef16e450-3075-4b0e-8123-242cdd5fa184,The Angels,Crest Jay,Lost Keys,2025-04-05,Jazz,187640,35,0.4139,0.4141,7,-5.76,0,0.1496,92.02,138036,TH,True,Cipher Music,2025,4,Saturday,3.13,Medium,Loud,G,Minor,True,Q2,True,11.8353,0.3769,635
2893a3d2-2bf2-4721-aa5b-71a280a1e297,Endless Lines,Ethereal,Diaries,2025-08-26,Pop,167482,30,0.4819,0.5824,6,-7.13,1,0.0512,164.26,28696,SE,True,Stardust Label,2025,8,Tuesday,2.79,Medium,Moderate,F#,Major,True,Q3,False,10.2645,0.5747,3232
7a133b56-e3b2-4625-9108-0ee3d8d946fc,Sacred,Prism Club,Wavelengths,2023-04-03,Folk,164004,18,0.1097,0.278,7,-13.3,1,0.1683,96.54,10906,ES,True,Wavelength Records,2023,4,Monday,2.73,Low,Quiet,G,Major,True,Q2,False,9.2972,0.2073,105
c1f8c2ef-128f-4395-9f7c-047e65a42adf,Roads,Knot Hart,The Frozen Chapters,2025-04-28,Folk,211531,45,0.2647,0.1478,1,-12.88,1,0.0316,100.06,33974,IT,False,Catalyst Records,2025,4,Monday,3.53,Medium,Quiet,C#,Major,False,Q2,False,10.4334,0.2222,12111
2ef3cfcb-eff1-4350-8736-c3369933868b,Night,The Dawns,Frozen II,2024-03-26,Pop,249486,7,0.5209,0.7163,8,-7.38,0,0.0169,126.85,2897,US,False,Independent,2024,3,Tuesday,4.16,Low,Moderate,G#,Minor,False,Q1,False,7.9718,0.5904,750
366cd245-9a1e-40d3-81c9-b445a465da0f,Sinking Paradise,Rocco Ore,Young Lines,2024-02-02,Rock,210735,28,0.4968,0.7302,3,-3.56,0,0.0682,143.3,21237,JP,False,Warner Music Group,2024,2,Friday,3.51,Medium,Loud,D#,Minor,False,Q1,False,9.9635,0.6098,1709
180c86d6-63b3-4671-b060-613e12e7a253,The Oceans,Hawk Theory,The Bitter Revolutions,2020-03-28,Pop,179188,32,0.6609,0.8577,5,-7.75,0,0.0662,112.71,12323,IN,True,Sony Music Entertainment,2020,3,Saturday,2.99,Medium,Moderate,F,Minor,True,Q1,True,9.4193,0.6827,492
54986829-40f2-4ebe-885e-d830fc2f0655,Drowning Scars,Knot Hart,The Urban Wavelengths,2023-09-08,R&B,234064,13,0.743,0.878,0,-2.82,0,0.0712,103.72,2800,US,True,Neon Label,2023,9,Friday,3.9,Low,Loud,C,Minor,True,Q3,False,7.9377,0.7109,12111
32b7b0c6-06d4-4c7a-9621-d8d96b9d4691,Pulling Thunder,The Dawns,The Broken Reflections,2022-12-07,Pop,110617,18,0.703,0.5339,7,-11.52,0,0.0151,121.84,7516,AU,False,Echo Studios,2022,12,Wednesday,1.84,Low,Moderate,G,Minor,False,Q4,False,8.9249,0.5831,750
fc2d49f2-dd75-46bf-8c0e-55b876bcac8b,Heavy Bitter Mirrors,ValeGlass,Frequencies,2023-03-07,Pop,207573,14,0.7471,0.6932,9,-7.81,1,0.0203,123.87,6094,AU,False,Republic Records,2023,3,Tuesday,3.46,Low,Moderate,A,Major,False,Q1,False,8.7152,0.6674,981
7d583935-a266-4c02-926c-8c9cea0d9061,The Chains,ValeGlass,The Endless Journeys,2020-04-03,Classical,118683,45,0.2579,0.0,3,-13.09,1,0.6055,92.34,157451,PT,False,Interscope Records,2020,4,Friday,1.98,Medium,Quiet,D#,Major,False,Q2,False,11.9669,0.1494,981
49bfc081-b588-4316-8f1c-1e0b326d6c9d,Midnight Rain,Clay Black,Wavelengths,2024-05-28,Pop,234186,25,0.7235,0.4498,8,-11.07,1,0.0296,109.72,106442,PH,False,Pulse Records,2024,5,Tuesday,3.9,Medium,Moderate,G#,Major,False,Q2,False,11.5754,0.5403,693
287da024-720f-4af1-be27-913b1bdb1838,Golden Blinding Waves,Aria Rose,Cosmic,2021-08-01,K-Pop,295380,32,0.9113,0.7744,0,-5.57,1,0.0014,143.74,25768,ES,True,Prism Audio,2021,8,Sunday,4.92,Medium,Loud,C,Major,True,Q3,True,10.1569,0.7939,346
77005095-d818-4ca2-a507-98f9d71a0e58,Reaching Soul,Dusk Snow,Blinding IV,2023-02-20,Pop,165999,17,0.607,0.597,3,-7.33,0,0.045,124.14,7198,FR,True,Echo Studios,2023,2,Monday,2.77,Low,Moderate,D#,Minor,True,Q1,False,8.8817,0.5732,101
5bff8dc4-f18a-43fb-b038-690e1469a094,Electric Circles,IsleEyre,Wicked Circles,2024-04-11,Alternative,138590,10,0.6335,0.6323,9,-8.08,0,0.2085,141.55,2198,ID,True,Sony Music Entertainment,2024,4,Thursday,2.31,Low,Moderate,A,Minor,True,Q2,False,7.6958,0.6228,5271
952be960-f033-4e71-9483-853738009e16,The Rain,Paradox,Cloudy Echoes,2024-12-21,R&B,248876,59,0.6671,0.5443,8,-5.75,1,0.0094,105.05,209024,US,False,Wavelength Records,2024,12,Saturday,4.15,High,Loud,G#,Major,False,Q4,True,12.2502,0.5489,62
778fc35b-913e-41e7-8edd-725b500a186b,Running Edges,SethStone,Shadows,2023-02-15,Metal,252339,33,0.3244,0.7487,1,-4.06,1,0.0096,169.33,14983,PL,False,Columbia Records,2023,2,Wednesday,4.21,Medium,Loud,C#,Major,False,Q1,False,9.6147,0.5854,1486
991f3c98-4257-4fb3-bd39-6afa446a85cb,Moving Fire,Knot Hart,Night,2024-12-21,Indie,266528,50,0.571,0.4372,6,-11.76,1,0.0752,107.64,241827,GB,False,Columbia Records,2024,12,Saturday,4.44,High,Moderate,F#,Major,False,Q4,True,12.396,0.4713,12111
2eb016ad-3deb-452d-b07c-7ca56d9704f8,The Memories,Knot Hart,Wavelengths,2021-07-15,R&B,214659,32,0.7112,0.5142,10,-10.44,1,0.0368,87.63,40789,FR,False,Wavelength Records,2021,7,Thursday,3.58,Medium,Moderate,A#,Major,False,Q3,False,10.6162,0.5296,12111
a04ea31e-eb79-4ac2-9f08-cd964249a255,Hollow Empty Roads,IsleEyre,Fire,2020-01-16,Country,201895,22,0.7228,0.6355,5,-5.98,0,0.0224,140.21,13612,GB,False,Universal Music Group,2020,1,Thursday,3.36,Low,Loud,F,Minor,False,Q1,False,9.5188,0.6579,5271
a884b511-4e6d-4596-badf-0e8a886c3782,Breathing Nights,Maya Ridge,The Deep Verses,2022-04-10,R&B,191968,52,0.7337,0.582,9,-4.42,1,0.0243,92.56,245430,FR,False,Republic Records,2022,4,Sunday,3.2,High,Loud,A,Major,False,Q2,True,12.4108,0.5728,118
6736259e-212a-46d7-851f-886351547e95,Keys,Phantasm,Journeys,2025-04-27,Trap,178859,26,0.8631,0.7571,6,-5.16,0,0.0017,149.64,9248,MX,True,Atlantic Records,2025,4,Sunday,2.98,Medium,Loud,F#,Minor,True,Q2,True,9.1323,0.7761,242
8ec6fbae-f577-4fc9-b7de-7070d5ba9398,Waves,The Glasss,Twisted,2024-06-18,Latin,268951,55,0.8522,0.6482,2,-11.77,0,0.0196,101.79,1032833,CA,False,Self-Released,2024,6,Tuesday,4.48,High,Moderate,D,Minor,False,Q2,False,13.8478,0.6599,131
a4a1661b-ff58-4028-88f0-d75624d9cccd,Gentle Love,SethStone,Ghosts,2020-04-10,Metal,217002,37,0.4184,0.8759,1,-11.35,0,0.0406,127.9,22777,DE,False,Horizon Records,2020,4,Friday,3.62,Medium,Moderate,C#,Minor,False,Q2,False,10.0336,0.6147,1486
93d8cd30-2992-425c-9301-05728649ab3e,Gentle Whispers,Sterling Zen,Twisted Gardens,2024-11-16,Folk,227632,15,0.5248,0.2845,7,-6.57,1,0.087,117.89,4087,IT,True,Echo Studios,2024,11,Saturday,3.79,Low,Moderate,G,Major,True,Q4,True,8.3158,0.4064,2268
8452dd72-73e1-4f91-8ffd-c039218d5555,Drowning Whispers,Knot Hart,The Open Fragments,2020-01-03,R&B,206755,70,0.8691,0.5144,7,-9.49,1,0.1367,82.91,683447,AU,False,Capitol Records,2020,1,Friday,3.45,High,Moderate,G,Major,False,Q1,False,13.4349,0.5861,12111
81ddf246-2d7f-4f0e-96d4-59c111b20ac7,Inner,IsleEyre,Shattered I,2024-11-11,Pop,163072,7,0.8677,0.5333,5,-12.29,0,0.0123,108.3,499,ID,False,Def Jam Recordings,2024,11,Monday,2.72,Low,Quiet,F,Minor,False,Q4,False,6.2146,0.6294,5271
5a1671ff-92e3-4131-b10d-36f88055456a,Burning Bridges,Sterling Zen,Lost Circles,2020-10-23,Folk,190694,30,0.618,0.4719,11,-9.46,0,0.0841,122.62,53110,BR,False,Bedroom Records,2020,10,Friday,3.18,Medium,Moderate,B,Minor,False,Q4,False,10.8801,0.5254,2268
5d22801e-75cb-4b75-a2c1-3fcb7435d3fc,Ancient Winds,Knot Hart,The Fading Dimensions,2024-06-11,Reggaeton,174659,49,0.7888,0.7004,5,-4.44,0,0.0105,103.33,153620,CA,False,Horizon Records,2024,6,Tuesday,2.91,Medium,Loud,F,Minor,False,Q2,False,11.9422,0.6576,12111
4091490c-802e-4028-a2d5-cb2ac0f733d2,Floating Bones,Knot Hart,Shadows,2020-06-27,R&B,268323,23,0.8155,0.4838,0,-9.02,0,0.0121,113.04,19704,US,False,Def Jam Recordings,2020,6,Saturday,4.47,Low,Moderate,C,Minor,False,Q2,True,9.8886,0.5955,12111
85dabb6c-62dc-4416-b890-89e26e3037d3,Bitter Dreams,Clay Black,Quiet Scars,2020-03-09,Pop,219258,36,0.5125,0.6474,2,-2.98,1,0.0077,123.76,122789,US,True,Cipher Music,2020,3,Monday,3.65,Medium,Loud,D,Major,True,Q1,False,11.7182,0.555,693
9bf705a7-1fac-41ea-ac97-a4adb395df3f,Sacred Chains,The Peaks,Flames,2023-02-01,Pop,181457,29,0.6368,0.6104,2,-8.75,1,0.0024,111.18,51696,MY,False,Warner Music Group,2023,2,Wednesday,3.02,Medium,Moderate,D,Major,False,Q1,False,10.8532,0.572,208
f2074485-ca26-4f74-9991-feec0f1f74ed,Raw,The Novas,Tales,2020-03-05,Pop,264692,21,0.8571,0.7546,6,-9.66,1,0.0146,122.85,25745,US,False,Wavelength Records,2020,3,Thursday,4.41,Low,Moderate,F#,Major,False,Q1,False,10.156,0.7345,8
edc775e6-0200-43e6-a31b-188c55c2c343,Frozen Golden Keys,Drift Flame,Fragments,2024-09-30,Country,220708,26,0.6656,0.4706,2,-10.04,1,0.0322,167.06,42690,NL,False,RCA Records,2024,9,Monday,3.68,Medium,Moderate,D,Major,False,Q3,False,10.6617,0.6074,26
25f90d57-4dc2-46a9-bb08-cdda8259ff06,Roads,Hawk Theory,Crimson I,2023-02-08,Indie,238122,45,0.3759,0.555,4,-5.89,1,0.1837,109.32,130143,ES,False,Cipher Music,2023,2,Wednesday,3.97,Medium,Loud,E,Major,False,Q1,False,11.7764,0.4428,492
a605b956-f171-4364-922e-1a9deb232fe5,Hidden Lights,Sterling Zen,Cloudy Wings,2025-07-12,Folk,242391,36,0.5737,0.3609,3,-9.6,1,0.0084,141.24,43988,BR,False,RCA Records,2025,7,Saturday,4.04,Medium,Moderate,D#,Major,False,Q3,True,10.6917,0.4899,2268
f574f05a-d0e0-4569-9cc0-16bfa8a931a9,Inner Echoes,Phoenix Cloud,Lines,2024-09-11,Disco,258580,3,0.8199,0.9534,5,-5.86,0,0.0073,122.6,5339,FR,False,Horizon Records,2024,9,Wednesday,4.31,Low,Loud,F,Minor,False,Q3,False,8.583,0.7987,471
7d3b08a6-b990-4192-a6f4-0967ccd69942,Waiting Eyes,Maya Ridge,Deep Tears,2024-10-23,Alternative,179161,5,0.4478,0.8201,10,-4.36,1,0.3036,135.93,1418,DE,False,Atlantic Records,2024,10,Wednesday,2.99,Low,Loud,A#,Major,False,Q4,False,7.2577,0.6156,118
16fd544a-75e1-4ca7-a83d-a0e265b635a0,Cloudy Chains,Knot Hart,Reflections,2025-11-18,R&B,249970,32,0.9256,0.58,7,-4.49,1,0.0492,102.9,61486,FR,False,RCA Records,2025,11,Tuesday,4.17,Medium,Loud,G,Major,False,Q4,False,11.0266,0.6635,12111
1dc48980-ef2b-4d4a-8298-cf463071b550,Hidden Memories,Ethereal,The Fading Records,2022-10-28,Pop,269985,14,0.5674,0.5436,4,-9.08,1,0.0023,114.4,931,SG,False,Nova Records,2022,10,Friday,4.5,Low,Moderate,E,Major,False,Q4,False,6.8373,0.5221,3232
b99d5fcf-3b5f-4466-9576-186ffae1387a,Jagged Doors,Indie Vine,Revolutions,2021-12-17,Pop,267909,18,0.7139,0.6494,8,-8.64,1,0.0482,123.07,3758,IN,False,Independent,2021,12,Friday,4.47,Low,Moderate,G#,Major,False,Q4,False,8.2319,0.6354,58
e560fd49-99e7-4377-94f3-cab75123e5b7,Bitter,Ethereal,Distant Harbors,2025-03-29,Pop,195516,47,0.6331,0.6529,7,-7.69,1,0.0672,113.42,419426,AR,False,Wavelength Records,2025,3,Saturday,3.26,Medium,Moderate,G,Major,False,Q1,True,12.9466,0.5907,3232
496642e8-963e-4bf0-9d13-959e23a243f5,Rising Roses,Frost Nova,The Empty Diaries,2020-01-20,Latin,215787,36,0.8109,0.8578,3,-5.72,1,0.0035,152.59,13227,US,False,Epic Records,2020,1,Monday,3.6,Medium,Loud,D#,Major,False,Q1,False,9.4901,0.7998,862
06ef228c-542f-4ff8-91ed-83327fab89a9,Lights,The Dawns,Mystic Doors,2020-01-20,Pop,282584,27,0.7331,0.6704,4,-0.75,0,0.0308,124.92,34238,US,True,Apex Records,2020,1,Monday,4.71,Medium,Loud,E,Minor,True,Q1,False,10.4411,0.6541,750
621d25be-722b-4c8f-8fa7-c30dbf290763,Neon Silent Eyes,Knot Hart,Distant Bridges,2022-08-10,R&B,240854,24,0.7136,0.5133,3,-6.93,0,0.0182,132.97,14637,JP,False,Nova Records,2022,8,Wednesday,4.01,Low,Moderate,D#,Minor,False,Q3,False,9.5914,0.595,12111
878e0062-f625-4ffc-a466-d24a1a4dd60f,Walking Islands,Ethereal,The Wild Frequencies,2021-11-14,Pop,219531,34,0.6828,0.634,6,-6.7,1,0.0221,132.63,73842,PL,False,Interscope Records,2021,11,Sunday,3.66,Medium,Moderate,F#,Major,False,Q4,True,11.2097,0.6305,3232
b2abc0d8-c3be-4a92-abe0-a44e39d21102,Distant Frozen Oceans,IsleEyre,Crimson IV,2020-07-28,Pop,297165,34,0.5975,0.7313,8,-6.04,1,0.0174,149.27,70316,GB,True,Nova Records,2020,7,Tuesday,4.95,Medium,Moderate,G#,Major,True,Q3,False,11.1608,0.659,5271
0e961214-9e03-4271-9270-3b623a19b523,Fierce,Knot Hart,Notes,2020-11-27,Jazz,187720,38,0.3236,0.6869,9,-5.6,1,0.0651,136.55,27900,US,False,Cipher Music,2020,11,Friday,3.13,Medium,Loud,A,Major,False,Q4,False,10.2364,0.5136,12111
96ee41fe-9515-451e-b00f-7cd1d6f12cd4,The Chains,Knot Hart,The Velvet Portraits,2022-06-19,R&B,209938,10,0.764,0.4658,11,-10.55,1,0.0459,110.93,4690,US,False,Neon Label,2022,6,Sunday,3.5,Low,Moderate,B,Major,False,Q2,True,8.4534,0.5647,12111
8bc9d668-37a1-462d-98d9-ed4575a67018,Harbors,The Brookss,Glass,2021-01-26,Hip-Hop,228715,48,0.8668,0.6669,2,-8.9,0,0.0095,138.36,364349,ES,False,Island Records,2021,1,Tuesday,3.81,Medium,Moderate,D,Minor,False,Q1,False,12.8059,0.7254,71
d1843edf-4032-4489-8005-fee44f0df987,Turning Gardens,IsleEyre,The Dark Chronicles,2024-10-08,Pop,233369,6,0.8929,0.6878,4,-3.93,0,0.0057,88.47,3029,US,False,Cipher Music,2024,10,Tuesday,3.89,Low,Loud,E,Minor,False,Q4,False,8.0163,0.673,5271
4de47075-7f1f-4a9f-adb1-7612d85fd6a5,Velvet Edges,SethStone,Eyes,2020-08-30,Metal,216828,82,0.4329,0.9655,6,-3.78,1,0.042,126.51,1121790,US,False,Republic Records,2020,8,Sunday,3.61,Very High,Loud,F#,Major,False,Q3,True,13.9304,0.6544,1486
ee3f7ac4-2db6-4497-b184-110d9c44c9a5,Empty Lines,IsleEyre,Neon,2025-07-16,Pop,243798,28,0.5307,0.6436,0,-6.82,1,0.0096,107.52,32467,US,False,Warner Music Group,2025,7,Wednesday,4.06,Medium,Moderate,C,Major,False,Q3,False,10.388,0.5376,5271
ada137ac-bd36-463e-a341-1d4c9994705f,The Worlds,Indie Ridge,Lights,2021-02-13,Hip-Hop,280303,32,0.9518,0.7248,2,-9.57,0,0.0085,158.7,16245,GB,False,Stardust Label,2021,2,Saturday,4.67,Medium,Moderate,D,Minor,False,Q1,True,9.6956,0.8116,16
c4389971-7849-442f-abc1-e65aee45542f,Waiting Scars,IsleEyre,Electric Islands,2023-11-10,Pop,195506,42,0.5347,0.663,1,-4.5,0,0.0311,108.48,113371,KR,True,Island Records,2023,11,Friday,3.26,Medium,Loud,C#,Minor,True,Q4,False,11.6384,0.5483,5271
449ff788-cab7-4651-81cd-ae7c749dc997,The Storm,Sterling Zen,The Wild Reflections,2021-12-20,Folk,203075,49,0.3652,0.2496,11,-14.29,1,0.0037,117.93,91620,GB,True,Island Records,2021,12,Monday,3.38,Medium,Quiet,B,Major,True,Q4,False,11.4254,0.3287,2268
bb868383-0960-4a4d-902c-0fbe35523915,Pulling Soul,Chimera,Rivers,2021-03-27,EDM,238070,25,0.5904,0.8098,11,-1.53,1,0.1302,125.89,36859,AU,False,Republic Records,2021,3,Saturday,3.97,Medium,Loud,B,Major,False,Q1,True,10.5149,0.6542,44
58bdf374-2d00-4b2b-a5d4-fe615cc43058,Roses,OpalOak,Thunder,2024-03-05,Trap,267852,8,0.9162,0.4342,3,-8.7,0,0.0167,152.06,7245,US,True,Epic Records,2024,3,Tuesday,4.46,Low,Moderate,D#,Minor,True,Q1,False,8.8882,0.6717,71
77a86e9c-e8b7-40d3-9f0d-271f841fe665,Empty,Knot Hart,Portraits,2024-07-29,R&B,164195,15,0.7459,0.5023,2,-9.37,0,0.0185,122.11,2644,US,False,Stardust Label,2024,7,Monday,2.74,Low,Moderate,D,Minor,False,Q3,False,7.8804,0.588,12111
40ca9d4d-b3b2-4950-89d1-cee143cdef04,Waiting Edges,Grove Nova,Neon Circles,2021-10-24,Alternative,226242,10,0.5848,0.5581,8,-6.53,1,0.0624,102.46,4098,DE,False,Indie Collective,2021,10,Sunday,3.77,Low,Moderate,G#,Major,False,Q4,True,8.3185,0.5178,124
ca920dd5-83e5-436a-a1ef-93d1155ef192,Roads,Rocco Ore,The Kind Chronicles,2024-06-14,R&B,169697,37,0.7517,0.5483,9,-6.8,0,0.0004,110.44,32849,SE,False,Prism Audio,2024,6,Friday,2.83,Medium,Moderate,A,Minor,False,Q2,False,10.3997,0.5921,1709
5bc5a20e-3cc3-4779-a9be-f2f3a0b8e48d,The Waves,Rocco Ore,The Sacred Chapters,2025-10-05,R&B,266499,8,0.6767,0.4528,10,-9.58,1,0.0006,99.3,1934,US,False,Spectrum Music,2025,10,Sunday,4.44,Low,Moderate,A#,Major,False,Q4,True,7.5679,0.5079,1709
0f4054fc-f099-49e2-88d8-6dde09e8893b,Paper Worlds,Knot Hart,Wings,2023-07-25,R&B,260426,11,1.0,0.5366,0,-7.82,1,0.0176,109.07,3711,NZ,True,Island Records,2023,7,Tuesday,4.34,Low,Moderate,C,Major,True,Q3,False,8.2193,0.6847,12111
03ffb6e2-1d7f-4a4a-8173-55c2ba14b14a,Pages,Knot Hart,The Velvet Dimensions,2023-06-22,R&B,157363,66,0.5718,0.5553,10,-6.9,1,0.0004,130.53,269883,US,False,Def Jam Recordings,2023,6,Thursday,2.62,High,Moderate,A#,Major,False,Q2,False,12.5057,0.5516,12111
8a5422f8-0b4e-4e98-93a6-118c80cba120,Mystic Empty Bones,Vale Drake,Burning Voices,2023-01-19,Country,264759,32,0.5841,0.5474,0,-7.4,1,0.1269,123.64,19968,IT,True,Self-Released,2023,1,Thursday,4.41,Medium,Moderate,C,Major,True,Q1,False,9.9019,0.5435,225
c0d4bf1a-6fa7-43b8-b2c8-17e90e1c71ef,Liquid Wild Lights,SethStone,Jagged Whispers,2021-08-21,Metal,180546,23,0.634,0.7302,3,-9.26,0,0.1748,136.76,5824,CA,True,Republic Records,2021,8,Saturday,3.01,Low,Moderate,D#,Minor,True,Q3,True,8.6699,0.6553,1486
f762f9b0-8494-44c8-8421-5a8494c23493,Velvet Voices,Sterling Zen,Oceans,2022-09-28,Folk,205457,47,0.5598,0.3238,4,-9.43,1,0.0615,104.95,183397,US,False,Interscope Records,2022,9,Wednesday,3.42,Medium,Moderate,E,Major,False,Q3,False,12.1194,0.4177,2268
24590ac1-762c-4dc4-adbc-448184982971,Kind Floors,Vale Drake,The Heavy Chronicles,2022-08-24,Country,139997,23,0.4969,0.6304,2,-7.92,1,0.0251,111.76,4255,CA,True,Indie Collective,2022,8,Wednesday,2.33,Low,Moderate,D,Major,True,Q3,False,8.3561,0.5249,225
7d5d58a2-8cd4-4c57-8ad4-92dc692da101,Drifting Nights,Equinox,Bitter,2020-12-18,Hip-Hop,177545,33,1.0,0.6229,10,-8.57,0,0.001,127.56,7904,IN,True,Independent,2020,12,Friday,2.96,Medium,Moderate,A#,Minor,True,Q4,False,8.9753,0.7457,151
ae0f6345-376a-4485-873f-361acb5a7d7f,Fierce Lines,Knot Hart,Fading Skies,2025-06-14,R&B,185429,32,0.4419,0.6991,6,-6.89,1,0.0468,122.56,391360,US,True,Interscope Records,2025,6,Saturday,3.09,Medium,Moderate,F#,Major,True,Q2,True,12.8774,0.5458,12111
3128674c-0818-4b62-902c-61028c68e5e2,Shattered Wicked Whispers,Crest Jay,Hollow Tears,2024-11-11,R&B,230745,51,0.7713,0.6081,3,-8.72,1,0.0002,140.83,22948,MX,False,Midnight Records,2024,11,Monday,3.85,High,Moderate,D#,Major,False,Q4,False,10.041,0.6672,635
b01bfa40-e7c2-4553-a7be-90a99fb5b1af,Turning Gardens,Knot Hart,The Crimson Records,2024-02-29,R&B,236544,32,0.6902,0.4122,1,-13.24,0,0.1045,109.2,9261,PL,False,Warner Music Group,2024,2,Thursday,3.94,Medium,Quiet,C#,Minor,False,Q1,False,9.1337,0.5112,12111
b0550db2-cf14-43df-8d5a-d054bb1aef22,Waves,Drake Jay,Liquid Mountains,2025-04-19,Pop,254874,4,0.6423,0.6919,2,-7.07,1,0.0018,139.27,930,MX,False,Bedroom Records,2025,4,Saturday,4.25,Low,Moderate,D,Major,False,Q2,True,6.8363,0.6469,186
d1425420-3a9f-4c77-ac68-1dd22e4ed253,Shadows,BlazeCore,Gentle Pages,2021-04-21,Country,222514,0,0.5867,0.6023,11,-5.28,0,0.0674,122.5,1538,FR,False,Neon Label,2021,4,Wednesday,3.71,Low,Loud,B,Minor,False,Q2,False,7.3389,0.5649,460
33035ff9-f5ec-4000-8438-952afbce018a,Soul,Elara Dawn,Silver,2024-12-09,Alternative,209543,35,0.4836,0.7183,8,-7.88,1,0.0246,129.77,72924,US,False,Atlantic Records,2024,12,Monday,3.49,Medium,Moderate,G#,Major,False,Q4,False,11.1972,0.5804,24
febca377-c690-4532-8a9d-1da5c395458b,Frozen Deep Mirrors,Knot Hart,Ancient III,2023-03-19,R&B,246930,54,0.5525,0.4534,0,-5.84,1,0.0156,123.85,598672,US,False,Apex Records,2023,3,Sunday,4.12,High,Loud,C,Major,False,Q1,True,13.3025,0.4936,12111
